group_id,image_path,label,angle,original_file,split
0,/kaggle/working/real_text_10k_dataset/doc_g0_rot0.jpg,0,0,2029019292.tif,train
0,/kaggle/working/real_text_10k_dataset/doc_g0_rot90.jpg,1,90,2029019292.tif,train
0,/kaggle/working/real_text_10k_dataset/doc_g0_rot180.jpg,2,180,2029019292.tif,train
0,/kaggle/working/real_text_10k_dataset/doc_g0_rot270.jpg,3,270,2029019292.tif,train
1,/kaggle/working/real_text_10k_dataset/doc_g1_rot0.jpg,0,0,2084093197.tif,train
1,/kaggle/working/real_text_10k_dataset/doc_g1_rot90.jpg,1,90,2084093197.tif,train
1,/kaggle/working/real_text_10k_dataset/doc_g1_rot180.jpg,2,180,2084093197.tif,train
1,/kaggle/working/real_text_10k_dataset/doc_g1_rot270.jpg,3,270,2084093197.tif,train
2,/kaggle/working/real_text_10k_dataset/doc_g2_rot0.jpg,0,0,950.jpg,train
2,/kaggle/working/real_text_10k_dataset/doc_g2_rot90.jpg,1,90,950.jpg,train
2,/kaggle/working/real_text_10k_dataset/doc_g2_rot180.jpg,2,180,950.jpg,train
2,/kaggle/working/real_text_10k_dataset/doc_g2_rot270.jpg,3,270,950.jpg,train
3,/kaggle/working/real_text_10k_dataset/doc_g3_rot0.jpg,0,0,517512382+-2383.tif,train
3,/kaggle/working/real_text_10k_dataset/doc_g3_rot90.jpg,1,90,517512382+-2383.tif,train
3,/kaggle/working/real_text_10k_dataset/doc_g3_rot180.jpg,2,180,517512382+-2383.tif,train
3,/kaggle/working/real_text_10k_dataset/doc_g3_rot270.jpg,3,270,517512382+-2383.tif,train
4,/kaggle/working/real_text_10k_dataset/doc_g4_rot0.jpg,0,0,517044650+-4652.tif,train
4,/kaggle/working/real_text_10k_dataset/doc_g4_rot90.jpg,1,90,517044650+-4652.tif,train
4,/kaggle/working/real_text_10k_dataset/doc_g4_rot180.jpg,2,180,517044650+-4652.tif,train
4,/kaggle/working/real_text_10k_dataset/doc_g4_rot270.jpg,3,270,517044650+-4652.tif,train
5,/kaggle/working/real_text_10k_dataset/doc_g5_rot0.jpg,0,0,2028843170_2028843172.tif,train
5,/kaggle/working/real_text_10k_dataset/doc_g5_rot90.jpg,1,90,2028843170_2028843172.tif,train
5,/kaggle/working/real_text_10k_dataset/doc_g5_rot180.jpg,2,180,2028843170_2028843172.tif,train
5,/kaggle/working/real_text_10k_dataset/doc_g5_rot270.jpg,3,270,2028843170_2028843172.tif,train
6,/kaggle/working/real_text_10k_dataset/doc_g6_rot0.jpg,0,0,2041975989.tif,train
6,/kaggle/working/real_text_10k_dataset/doc_g6_rot90.jpg,1,90,2041975989.tif,train
6,/kaggle/working/real_text_10k_dataset/doc_g6_rot180.jpg,2,180,2041975989.tif,train
6,/kaggle/working/real_text_10k_dataset/doc_g6_rot270.jpg,3,270,2041975989.tif,train
7,/kaggle/working/real_text_10k_dataset/doc_g7_rot0.jpg,0,0,518334135+-4135.tif,train
7,/kaggle/working/real_text_10k_dataset/doc_g7_rot90.jpg,1,90,518334135+-4135.tif,train
7,/kaggle/working/real_text_10k_dataset/doc_g7_rot180.jpg,2,180,518334135+-4135.tif,train
7,/kaggle/working/real_text_10k_dataset/doc_g7_rot270.jpg,3,270,518334135+-4135.tif,train
8,/kaggle/working/real_text_10k_dataset/doc_g8_rot0.jpg,0,0,2081521228a.tif,train
8,/kaggle/working/real_text_10k_dataset/doc_g8_rot90.jpg,1,90,2081521228a.tif,train
8,/kaggle/working/real_text_10k_dataset/doc_g8_rot180.jpg,2,180,2081521228a.tif,train
8,/kaggle/working/real_text_10k_dataset/doc_g8_rot270.jpg,3,270,2081521228a.tif,train
9,/kaggle/working/real_text_10k_dataset/doc_g9_rot0.jpg,0,0,503418729+-8729.tif,train
9,/kaggle/working/real_text_10k_dataset/doc_g9_rot90.jpg,1,90,503418729+-8729.tif,train
9,/kaggle/working/real_text_10k_dataset/doc_g9_rot180.jpg,2,180,503418729+-8729.tif,train
9,/kaggle/working/real_text_10k_dataset/doc_g9_rot270.jpg,3,270,503418729+-8729.tif,train
10,/kaggle/working/real_text_10k_dataset/doc_g10_rot0.jpg,0,0,2030146944_2030146945.tif,train
10,/kaggle/working/real_text_10k_dataset/doc_g10_rot90.jpg,1,90,2030146944_2030146945.tif,train
10,/kaggle/working/real_text_10k_dataset/doc_g10_rot180.jpg,2,180,2030146944_2030146945.tif,train
10,/kaggle/working/real_text_10k_dataset/doc_g10_rot270.jpg,3,270,2030146944_2030146945.tif,train
11,/kaggle/working/real_text_10k_dataset/doc_g11_rot0.jpg,0,0,2501457985.tif,train
11,/kaggle/working/real_text_10k_dataset/doc_g11_rot90.jpg,1,90,2501457985.tif,train
11,/kaggle/working/real_text_10k_dataset/doc_g11_rot180.jpg,2,180,2501457985.tif,train
11,/kaggle/working/real_text_10k_dataset/doc_g11_rot270.jpg,3,270,2501457985.tif,train
12,/kaggle/working/real_text_10k_dataset/doc_g12_rot0.jpg,0,0,482.jpg,train
12,/kaggle/working/real_text_10k_dataset/doc_g12_rot90.jpg,1,90,482.jpg,train
12,/kaggle/working/real_text_10k_dataset/doc_g12_rot180.jpg,2,180,482.jpg,train
12,/kaggle/working/real_text_10k_dataset/doc_g12_rot270.jpg,3,270,482.jpg,train
13,/kaggle/working/real_text_10k_dataset/doc_g13_rot0.jpg,0,0,834.jpg,train
13,/kaggle/working/real_text_10k_dataset/doc_g13_rot90.jpg,1,90,834.jpg,train
13,/kaggle/working/real_text_10k_dataset/doc_g13_rot180.jpg,2,180,834.jpg,train
13,/kaggle/working/real_text_10k_dataset/doc_g13_rot270.jpg,3,270,834.jpg,train
14,/kaggle/working/real_text_10k_dataset/doc_g14_rot0.jpg,0,0,2028871609.tif,train
14,/kaggle/working/real_text_10k_dataset/doc_g14_rot90.jpg,1,90,2028871609.tif,train
14,/kaggle/working/real_text_10k_dataset/doc_g14_rot180.jpg,2,180,2028871609.tif,train
14,/kaggle/working/real_text_10k_dataset/doc_g14_rot270.jpg,3,270,2028871609.tif,train
15,/kaggle/working/real_text_10k_dataset/doc_g15_rot0.jpg,0,0,2057764514_4516.tif,train
15,/kaggle/working/real_text_10k_dataset/doc_g15_rot90.jpg,1,90,2057764514_4516.tif,train
15,/kaggle/working/real_text_10k_dataset/doc_g15_rot180.jpg,2,180,2057764514_4516.tif,train
15,/kaggle/working/real_text_10k_dataset/doc_g15_rot270.jpg,3,270,2057764514_4516.tif,train
16,/kaggle/working/real_text_10k_dataset/doc_g16_rot0.jpg,0,0,87140822.tif,train
16,/kaggle/working/real_text_10k_dataset/doc_g16_rot90.jpg,1,90,87140822.tif,train
16,/kaggle/working/real_text_10k_dataset/doc_g16_rot180.jpg,2,180,87140822.tif,train
16,/kaggle/working/real_text_10k_dataset/doc_g16_rot270.jpg,3,270,87140822.tif,train
17,/kaggle/working/real_text_10k_dataset/doc_g17_rot0.jpg,0,0,2024525606.tif,train
17,/kaggle/working/real_text_10k_dataset/doc_g17_rot90.jpg,1,90,2024525606.tif,train
17,/kaggle/working/real_text_10k_dataset/doc_g17_rot180.jpg,2,180,2024525606.tif,train
17,/kaggle/working/real_text_10k_dataset/doc_g17_rot270.jpg,3,270,2024525606.tif,train
18,/kaggle/working/real_text_10k_dataset/doc_g18_rot0.jpg,0,0,524353075+-3082.tif,train
18,/kaggle/working/real_text_10k_dataset/doc_g18_rot90.jpg,1,90,524353075+-3082.tif,train
18,/kaggle/working/real_text_10k_dataset/doc_g18_rot180.jpg,2,180,524353075+-3082.tif,train
18,/kaggle/working/real_text_10k_dataset/doc_g18_rot270.jpg,3,270,524353075+-3082.tif,train
19,/kaggle/working/real_text_10k_dataset/doc_g19_rot0.jpg,0,0,607.jpg,train
19,/kaggle/working/real_text_10k_dataset/doc_g19_rot90.jpg,1,90,607.jpg,train
19,/kaggle/working/real_text_10k_dataset/doc_g19_rot180.jpg,2,180,607.jpg,train
19,/kaggle/working/real_text_10k_dataset/doc_g19_rot270.jpg,3,270,607.jpg,train
20,/kaggle/working/real_text_10k_dataset/doc_g20_rot0.jpg,0,0,2083318280b.tif,train
20,/kaggle/working/real_text_10k_dataset/doc_g20_rot90.jpg,1,90,2083318280b.tif,train
20,/kaggle/working/real_text_10k_dataset/doc_g20_rot180.jpg,2,180,2083318280b.tif,train
20,/kaggle/working/real_text_10k_dataset/doc_g20_rot270.jpg,3,270,2083318280b.tif,train
21,/kaggle/working/real_text_10k_dataset/doc_g21_rot0.jpg,0,0,0001225186.tif,train
21,/kaggle/working/real_text_10k_dataset/doc_g21_rot90.jpg,1,90,0001225186.tif,train
21,/kaggle/working/real_text_10k_dataset/doc_g21_rot180.jpg,2,180,0001225186.tif,train
21,/kaggle/working/real_text_10k_dataset/doc_g21_rot270.jpg,3,270,0001225186.tif,train
22,/kaggle/working/real_text_10k_dataset/doc_g22_rot0.jpg,0,0,1005099739.tif,train
22,/kaggle/working/real_text_10k_dataset/doc_g22_rot90.jpg,1,90,1005099739.tif,train
22,/kaggle/working/real_text_10k_dataset/doc_g22_rot180.jpg,2,180,1005099739.tif,train
22,/kaggle/working/real_text_10k_dataset/doc_g22_rot270.jpg,3,270,1005099739.tif,train
23,/kaggle/working/real_text_10k_dataset/doc_g23_rot0.jpg,0,0,40010054-0054.tif,train
23,/kaggle/working/real_text_10k_dataset/doc_g23_rot90.jpg,1,90,40010054-0054.tif,train
23,/kaggle/working/real_text_10k_dataset/doc_g23_rot180.jpg,2,180,40010054-0054.tif,train
23,/kaggle/working/real_text_10k_dataset/doc_g23_rot270.jpg,3,270,40010054-0054.tif,train
24,/kaggle/working/real_text_10k_dataset/doc_g24_rot0.jpg,0,0,2001210016.tif,train
24,/kaggle/working/real_text_10k_dataset/doc_g24_rot90.jpg,1,90,2001210016.tif,train
24,/kaggle/working/real_text_10k_dataset/doc_g24_rot180.jpg,2,180,2001210016.tif,train
24,/kaggle/working/real_text_10k_dataset/doc_g24_rot270.jpg,3,270,2001210016.tif,train
25,/kaggle/working/real_text_10k_dataset/doc_g25_rot0.jpg,0,0,1002936336_1002936401.tif,val
25,/kaggle/working/real_text_10k_dataset/doc_g25_rot90.jpg,1,90,1002936336_1002936401.tif,val
25,/kaggle/working/real_text_10k_dataset/doc_g25_rot180.jpg,2,180,1002936336_1002936401.tif,val
25,/kaggle/working/real_text_10k_dataset/doc_g25_rot270.jpg,3,270,1002936336_1002936401.tif,val
26,/kaggle/working/real_text_10k_dataset/doc_g26_rot0.jpg,0,0,40003286-3287.tif,train
26,/kaggle/working/real_text_10k_dataset/doc_g26_rot90.jpg,1,90,40003286-3287.tif,train
26,/kaggle/working/real_text_10k_dataset/doc_g26_rot180.jpg,2,180,40003286-3287.tif,train
26,/kaggle/working/real_text_10k_dataset/doc_g26_rot270.jpg,3,270,40003286-3287.tif,train
27,/kaggle/working/real_text_10k_dataset/doc_g27_rot0.jpg,0,0,92600841_0845.tif,train
27,/kaggle/working/real_text_10k_dataset/doc_g27_rot90.jpg,1,90,92600841_0845.tif,train
27,/kaggle/working/real_text_10k_dataset/doc_g27_rot180.jpg,2,180,92600841_0845.tif,train
27,/kaggle/working/real_text_10k_dataset/doc_g27_rot270.jpg,3,270,92600841_0845.tif,train
28,/kaggle/working/real_text_10k_dataset/doc_g28_rot0.jpg,0,0,505563368.tif,train
28,/kaggle/working/real_text_10k_dataset/doc_g28_rot90.jpg,1,90,505563368.tif,train
28,/kaggle/working/real_text_10k_dataset/doc_g28_rot180.jpg,2,180,505563368.tif,train
28,/kaggle/working/real_text_10k_dataset/doc_g28_rot270.jpg,3,270,505563368.tif,train
29,/kaggle/working/real_text_10k_dataset/doc_g29_rot0.jpg,0,0,receipt_00781.png,val
29,/kaggle/working/real_text_10k_dataset/doc_g29_rot90.jpg,1,90,receipt_00781.png,val
29,/kaggle/working/real_text_10k_dataset/doc_g29_rot180.jpg,2,180,receipt_00781.png,val
29,/kaggle/working/real_text_10k_dataset/doc_g29_rot270.jpg,3,270,receipt_00781.png,val
30,/kaggle/working/real_text_10k_dataset/doc_g30_rot0.jpg,0,0,2042529513.tif,train
30,/kaggle/working/real_text_10k_dataset/doc_g30_rot90.jpg,1,90,2042529513.tif,train
30,/kaggle/working/real_text_10k_dataset/doc_g30_rot180.jpg,2,180,2042529513.tif,train
30,/kaggle/working/real_text_10k_dataset/doc_g30_rot270.jpg,3,270,2042529513.tif,train
31,/kaggle/working/real_text_10k_dataset/doc_g31_rot0.jpg,0,0,tob10506.24.tif,train
31,/kaggle/working/real_text_10k_dataset/doc_g31_rot90.jpg,1,90,tob10506.24.tif,train
31,/kaggle/working/real_text_10k_dataset/doc_g31_rot180.jpg,2,180,tob10506.24.tif,train
31,/kaggle/working/real_text_10k_dataset/doc_g31_rot270.jpg,3,270,tob10506.24.tif,train
32,/kaggle/working/real_text_10k_dataset/doc_g32_rot0.jpg,0,0,84457074_7080.tif,train
32,/kaggle/working/real_text_10k_dataset/doc_g32_rot90.jpg,1,90,84457074_7080.tif,train
32,/kaggle/working/real_text_10k_dataset/doc_g32_rot180.jpg,2,180,84457074_7080.tif,train
32,/kaggle/working/real_text_10k_dataset/doc_g32_rot270.jpg,3,270,84457074_7080.tif,train
33,/kaggle/working/real_text_10k_dataset/doc_g33_rot0.jpg,0,0,522769210+-9211.tif,train
33,/kaggle/working/real_text_10k_dataset/doc_g33_rot90.jpg,1,90,522769210+-9211.tif,train
33,/kaggle/working/real_text_10k_dataset/doc_g33_rot180.jpg,2,180,522769210+-9211.tif,train
33,/kaggle/working/real_text_10k_dataset/doc_g33_rot270.jpg,3,270,522769210+-9211.tif,train
34,/kaggle/working/real_text_10k_dataset/doc_g34_rot0.jpg,0,0,tnwl0022997.tif,train
34,/kaggle/working/real_text_10k_dataset/doc_g34_rot90.jpg,1,90,tnwl0022997.tif,train
34,/kaggle/working/real_text_10k_dataset/doc_g34_rot180.jpg,2,180,tnwl0022997.tif,train
34,/kaggle/working/real_text_10k_dataset/doc_g34_rot270.jpg,3,270,tnwl0022997.tif,train
35,/kaggle/working/real_text_10k_dataset/doc_g35_rot0.jpg,0,0,2501308815.tif,train
35,/kaggle/working/real_text_10k_dataset/doc_g35_rot90.jpg,1,90,2501308815.tif,train
35,/kaggle/working/real_text_10k_dataset/doc_g35_rot180.jpg,2,180,2501308815.tif,train
35,/kaggle/working/real_text_10k_dataset/doc_g35_rot270.jpg,3,270,2501308815.tif,train
36,/kaggle/working/real_text_10k_dataset/doc_g36_rot0.jpg,0,0,2501378821_2501378853.tif,train
36,/kaggle/working/real_text_10k_dataset/doc_g36_rot90.jpg,1,90,2501378821_2501378853.tif,train
36,/kaggle/working/real_text_10k_dataset/doc_g36_rot180.jpg,2,180,2501378821_2501378853.tif,train
36,/kaggle/working/real_text_10k_dataset/doc_g36_rot270.jpg,3,270,2501378821_2501378853.tif,train
37,/kaggle/working/real_text_10k_dataset/doc_g37_rot0.jpg,0,0,506538863.tif,train
37,/kaggle/working/real_text_10k_dataset/doc_g37_rot90.jpg,1,90,506538863.tif,train
37,/kaggle/working/real_text_10k_dataset/doc_g37_rot180.jpg,2,180,506538863.tif,train
37,/kaggle/working/real_text_10k_dataset/doc_g37_rot270.jpg,3,270,506538863.tif,train
38,/kaggle/working/real_text_10k_dataset/doc_g38_rot0.jpg,0,0,2063858169.tif,train
38,/kaggle/working/real_text_10k_dataset/doc_g38_rot90.jpg,1,90,2063858169.tif,train
38,/kaggle/working/real_text_10k_dataset/doc_g38_rot180.jpg,2,180,2063858169.tif,train
38,/kaggle/working/real_text_10k_dataset/doc_g38_rot270.jpg,3,270,2063858169.tif,train
39,/kaggle/working/real_text_10k_dataset/doc_g39_rot0.jpg,0,0,502599755+-9755.tif,train
39,/kaggle/working/real_text_10k_dataset/doc_g39_rot90.jpg,1,90,502599755+-9755.tif,train
39,/kaggle/working/real_text_10k_dataset/doc_g39_rot180.jpg,2,180,502599755+-9755.tif,train
39,/kaggle/working/real_text_10k_dataset/doc_g39_rot270.jpg,3,270,502599755+-9755.tif,train
40,/kaggle/working/real_text_10k_dataset/doc_g40_rot0.jpg,0,0,2012580034_2012580035.tif,train
40,/kaggle/working/real_text_10k_dataset/doc_g40_rot90.jpg,1,90,2012580034_2012580035.tif,train
40,/kaggle/working/real_text_10k_dataset/doc_g40_rot180.jpg,2,180,2012580034_2012580035.tif,train
40,/kaggle/working/real_text_10k_dataset/doc_g40_rot270.jpg,3,270,2012580034_2012580035.tif,train
41,/kaggle/working/real_text_10k_dataset/doc_g41_rot0.jpg,0,0,502597903.tif,train
41,/kaggle/working/real_text_10k_dataset/doc_g41_rot90.jpg,1,90,502597903.tif,train
41,/kaggle/working/real_text_10k_dataset/doc_g41_rot180.jpg,2,180,502597903.tif,train
41,/kaggle/working/real_text_10k_dataset/doc_g41_rot270.jpg,3,270,502597903.tif,train
42,/kaggle/working/real_text_10k_dataset/doc_g42_rot0.jpg,0,0,84004113_84004121.tif,train
42,/kaggle/working/real_text_10k_dataset/doc_g42_rot90.jpg,1,90,84004113_84004121.tif,train
42,/kaggle/working/real_text_10k_dataset/doc_g42_rot180.jpg,2,180,84004113_84004121.tif,train
42,/kaggle/working/real_text_10k_dataset/doc_g42_rot270.jpg,3,270,84004113_84004121.tif,train
43,/kaggle/working/real_text_10k_dataset/doc_g43_rot0.jpg,0,0,2054641721.tif,test
43,/kaggle/working/real_text_10k_dataset/doc_g43_rot90.jpg,1,90,2054641721.tif,test
43,/kaggle/working/real_text_10k_dataset/doc_g43_rot180.jpg,2,180,2054641721.tif,test
43,/kaggle/working/real_text_10k_dataset/doc_g43_rot270.jpg,3,270,2054641721.tif,test
44,/kaggle/working/real_text_10k_dataset/doc_g44_rot0.jpg,0,0,518224626+-4627.tif,test
44,/kaggle/working/real_text_10k_dataset/doc_g44_rot90.jpg,1,90,518224626+-4627.tif,test
44,/kaggle/working/real_text_10k_dataset/doc_g44_rot180.jpg,2,180,518224626+-4627.tif,test
44,/kaggle/working/real_text_10k_dataset/doc_g44_rot270.jpg,3,270,518224626+-4627.tif,test
45,/kaggle/working/real_text_10k_dataset/doc_g45_rot0.jpg,0,0,X51005677331.jpg,train
45,/kaggle/working/real_text_10k_dataset/doc_g45_rot90.jpg,1,90,X51005677331.jpg,train
45,/kaggle/working/real_text_10k_dataset/doc_g45_rot180.jpg,2,180,X51005677331.jpg,train
45,/kaggle/working/real_text_10k_dataset/doc_g45_rot270.jpg,3,270,X51005677331.jpg,train
46,/kaggle/working/real_text_10k_dataset/doc_g46_rot0.jpg,0,0,50462038-2039.tif,train
46,/kaggle/working/real_text_10k_dataset/doc_g46_rot90.jpg,1,90,50462038-2039.tif,train
46,/kaggle/working/real_text_10k_dataset/doc_g46_rot180.jpg,2,180,50462038-2039.tif,train
46,/kaggle/working/real_text_10k_dataset/doc_g46_rot270.jpg,3,270,50462038-2039.tif,train
47,/kaggle/working/real_text_10k_dataset/doc_g47_rot0.jpg,0,0,2063654385.tif,train
47,/kaggle/working/real_text_10k_dataset/doc_g47_rot90.jpg,1,90,2063654385.tif,train
47,/kaggle/working/real_text_10k_dataset/doc_g47_rot180.jpg,2,180,2063654385.tif,train
47,/kaggle/working/real_text_10k_dataset/doc_g47_rot270.jpg,3,270,2063654385.tif,train
48,/kaggle/working/real_text_10k_dataset/doc_g48_rot0.jpg,0,0,2065418225.tif,val
48,/kaggle/working/real_text_10k_dataset/doc_g48_rot90.jpg,1,90,2065418225.tif,val
48,/kaggle/working/real_text_10k_dataset/doc_g48_rot180.jpg,2,180,2065418225.tif,val
48,/kaggle/working/real_text_10k_dataset/doc_g48_rot270.jpg,3,270,2065418225.tif,val
49,/kaggle/working/real_text_10k_dataset/doc_g49_rot0.jpg,0,0,502108753+-8764.tif,test
49,/kaggle/working/real_text_10k_dataset/doc_g49_rot90.jpg,1,90,502108753+-8764.tif,test
49,/kaggle/working/real_text_10k_dataset/doc_g49_rot180.jpg,2,180,502108753+-8764.tif,test
49,/kaggle/working/real_text_10k_dataset/doc_g49_rot270.jpg,3,270,502108753+-8764.tif,test
50,/kaggle/working/real_text_10k_dataset/doc_g50_rot0.jpg,0,0,2069723477.tif,train
50,/kaggle/working/real_text_10k_dataset/doc_g50_rot90.jpg,1,90,2069723477.tif,train
50,/kaggle/working/real_text_10k_dataset/doc_g50_rot180.jpg,2,180,2069723477.tif,train
50,/kaggle/working/real_text_10k_dataset/doc_g50_rot270.jpg,3,270,2069723477.tif,train
51,/kaggle/working/real_text_10k_dataset/doc_g51_rot0.jpg,0,0,2085137006b.tif,val
51,/kaggle/working/real_text_10k_dataset/doc_g51_rot90.jpg,1,90,2085137006b.tif,val
51,/kaggle/working/real_text_10k_dataset/doc_g51_rot180.jpg,2,180,2085137006b.tif,val
51,/kaggle/working/real_text_10k_dataset/doc_g51_rot270.jpg,3,270,2085137006b.tif,val
52,/kaggle/working/real_text_10k_dataset/doc_g52_rot0.jpg,0,0,0001210869.tif,train
52,/kaggle/working/real_text_10k_dataset/doc_g52_rot90.jpg,1,90,0001210869.tif,train
52,/kaggle/working/real_text_10k_dataset/doc_g52_rot180.jpg,2,180,0001210869.tif,train
52,/kaggle/working/real_text_10k_dataset/doc_g52_rot270.jpg,3,270,0001210869.tif,train
53,/kaggle/working/real_text_10k_dataset/doc_g53_rot0.jpg,0,0,87465629_5630.tif,train
53,/kaggle/working/real_text_10k_dataset/doc_g53_rot90.jpg,1,90,87465629_5630.tif,train
53,/kaggle/working/real_text_10k_dataset/doc_g53_rot180.jpg,2,180,87465629_5630.tif,train
53,/kaggle/working/real_text_10k_dataset/doc_g53_rot270.jpg,3,270,87465629_5630.tif,train
54,/kaggle/working/real_text_10k_dataset/doc_g54_rot0.jpg,0,0,2083812131.tif,train
54,/kaggle/working/real_text_10k_dataset/doc_g54_rot90.jpg,1,90,2083812131.tif,train
54,/kaggle/working/real_text_10k_dataset/doc_g54_rot180.jpg,2,180,2083812131.tif,train
54,/kaggle/working/real_text_10k_dataset/doc_g54_rot270.jpg,3,270,2083812131.tif,train
55,/kaggle/working/real_text_10k_dataset/doc_g55_rot0.jpg,0,0,2070499925_9926.tif,train
55,/kaggle/working/real_text_10k_dataset/doc_g55_rot90.jpg,1,90,2070499925_9926.tif,train
55,/kaggle/working/real_text_10k_dataset/doc_g55_rot180.jpg,2,180,2070499925_9926.tif,train
55,/kaggle/working/real_text_10k_dataset/doc_g55_rot270.jpg,3,270,2070499925_9926.tif,train
56,/kaggle/working/real_text_10k_dataset/doc_g56_rot0.jpg,0,0,2505167553b_7554.tif,test
56,/kaggle/working/real_text_10k_dataset/doc_g56_rot90.jpg,1,90,2505167553b_7554.tif,test
56,/kaggle/working/real_text_10k_dataset/doc_g56_rot180.jpg,2,180,2505167553b_7554.tif,test
56,/kaggle/working/real_text_10k_dataset/doc_g56_rot270.jpg,3,270,2505167553b_7554.tif,test
57,/kaggle/working/real_text_10k_dataset/doc_g57_rot0.jpg,0,0,0001487522.tif,train
57,/kaggle/working/real_text_10k_dataset/doc_g57_rot90.jpg,1,90,0001487522.tif,train
57,/kaggle/working/real_text_10k_dataset/doc_g57_rot180.jpg,2,180,0001487522.tif,train
57,/kaggle/working/real_text_10k_dataset/doc_g57_rot270.jpg,3,270,0001487522.tif,train
58,/kaggle/working/real_text_10k_dataset/doc_g58_rot0.jpg,0,0,2057430797_2057430806.tif,train
58,/kaggle/working/real_text_10k_dataset/doc_g58_rot90.jpg,1,90,2057430797_2057430806.tif,train
58,/kaggle/working/real_text_10k_dataset/doc_g58_rot180.jpg,2,180,2057430797_2057430806.tif,train
58,/kaggle/working/real_text_10k_dataset/doc_g58_rot270.jpg,3,270,2057430797_2057430806.tif,train
59,/kaggle/working/real_text_10k_dataset/doc_g59_rot0.jpg,0,0,X51008042781.jpg,train
59,/kaggle/working/real_text_10k_dataset/doc_g59_rot90.jpg,1,90,X51008042781.jpg,train
59,/kaggle/working/real_text_10k_dataset/doc_g59_rot180.jpg,2,180,X51008042781.jpg,train
59,/kaggle/working/real_text_10k_dataset/doc_g59_rot270.jpg,3,270,X51008042781.jpg,train
60,/kaggle/working/real_text_10k_dataset/doc_g60_rot0.jpg,0,0,2505188964.tif,train
60,/kaggle/working/real_text_10k_dataset/doc_g60_rot90.jpg,1,90,2505188964.tif,train
60,/kaggle/working/real_text_10k_dataset/doc_g60_rot180.jpg,2,180,2505188964.tif,train
60,/kaggle/working/real_text_10k_dataset/doc_g60_rot270.jpg,3,270,2505188964.tif,train
61,/kaggle/working/real_text_10k_dataset/doc_g61_rot0.jpg,0,0,2073173081_3095.tif,train
61,/kaggle/working/real_text_10k_dataset/doc_g61_rot90.jpg,1,90,2073173081_3095.tif,train
61,/kaggle/working/real_text_10k_dataset/doc_g61_rot180.jpg,2,180,2073173081_3095.tif,train
61,/kaggle/working/real_text_10k_dataset/doc_g61_rot270.jpg,3,270,2073173081_3095.tif,train
62,/kaggle/working/real_text_10k_dataset/doc_g62_rot0.jpg,0,0,507022504_507022506.tif,train
62,/kaggle/working/real_text_10k_dataset/doc_g62_rot90.jpg,1,90,507022504_507022506.tif,train
62,/kaggle/working/real_text_10k_dataset/doc_g62_rot180.jpg,2,180,507022504_507022506.tif,train
62,/kaggle/working/real_text_10k_dataset/doc_g62_rot270.jpg,3,270,507022504_507022506.tif,train
63,/kaggle/working/real_text_10k_dataset/doc_g63_rot0.jpg,0,0,2029192707_2029192708.tif,train
63,/kaggle/working/real_text_10k_dataset/doc_g63_rot90.jpg,1,90,2029192707_2029192708.tif,train
63,/kaggle/working/real_text_10k_dataset/doc_g63_rot180.jpg,2,180,2029192707_2029192708.tif,train
63,/kaggle/working/real_text_10k_dataset/doc_g63_rot270.jpg,3,270,2029192707_2029192708.tif,train
64,/kaggle/working/real_text_10k_dataset/doc_g64_rot0.jpg,0,0,502407524.tif,train
64,/kaggle/working/real_text_10k_dataset/doc_g64_rot90.jpg,1,90,502407524.tif,train
64,/kaggle/working/real_text_10k_dataset/doc_g64_rot180.jpg,2,180,502407524.tif,train
64,/kaggle/working/real_text_10k_dataset/doc_g64_rot270.jpg,3,270,502407524.tif,train
65,/kaggle/working/real_text_10k_dataset/doc_g65_rot0.jpg,0,0,2065200485.tif,train
65,/kaggle/working/real_text_10k_dataset/doc_g65_rot90.jpg,1,90,2065200485.tif,train
65,/kaggle/working/real_text_10k_dataset/doc_g65_rot180.jpg,2,180,2065200485.tif,train
65,/kaggle/working/real_text_10k_dataset/doc_g65_rot270.jpg,3,270,2065200485.tif,train
66,/kaggle/working/real_text_10k_dataset/doc_g66_rot0.jpg,0,0,501822140_501822141.tif,train
66,/kaggle/working/real_text_10k_dataset/doc_g66_rot90.jpg,1,90,501822140_501822141.tif,train
66,/kaggle/working/real_text_10k_dataset/doc_g66_rot180.jpg,2,180,501822140_501822141.tif,train
66,/kaggle/working/real_text_10k_dataset/doc_g66_rot270.jpg,3,270,501822140_501822141.tif,train
67,/kaggle/working/real_text_10k_dataset/doc_g67_rot0.jpg,0,0,50637534-7535.tif,test
67,/kaggle/working/real_text_10k_dataset/doc_g67_rot90.jpg,1,90,50637534-7535.tif,test
67,/kaggle/working/real_text_10k_dataset/doc_g67_rot180.jpg,2,180,50637534-7535.tif,test
67,/kaggle/working/real_text_10k_dataset/doc_g67_rot270.jpg,3,270,50637534-7535.tif,test
68,/kaggle/working/real_text_10k_dataset/doc_g68_rot0.jpg,0,0,10017735_10017742.tif,train
68,/kaggle/working/real_text_10k_dataset/doc_g68_rot90.jpg,1,90,10017735_10017742.tif,train
68,/kaggle/working/real_text_10k_dataset/doc_g68_rot180.jpg,2,180,10017735_10017742.tif,train
68,/kaggle/working/real_text_10k_dataset/doc_g68_rot270.jpg,3,270,10017735_10017742.tif,train
69,/kaggle/working/real_text_10k_dataset/doc_g69_rot0.jpg,0,0,0000442991.tif,test
69,/kaggle/working/real_text_10k_dataset/doc_g69_rot90.jpg,1,90,0000442991.tif,test
69,/kaggle/working/real_text_10k_dataset/doc_g69_rot180.jpg,2,180,0000442991.tif,test
69,/kaggle/working/real_text_10k_dataset/doc_g69_rot270.jpg,3,270,0000442991.tif,test
70,/kaggle/working/real_text_10k_dataset/doc_g70_rot0.jpg,0,0,2041374075.tif,val
70,/kaggle/working/real_text_10k_dataset/doc_g70_rot90.jpg,1,90,2041374075.tif,val
70,/kaggle/working/real_text_10k_dataset/doc_g70_rot180.jpg,2,180,2041374075.tif,val
70,/kaggle/working/real_text_10k_dataset/doc_g70_rot270.jpg,3,270,2041374075.tif,val
71,/kaggle/working/real_text_10k_dataset/doc_g71_rot0.jpg,0,0,503973460+-3460.tif,train
71,/kaggle/working/real_text_10k_dataset/doc_g71_rot90.jpg,1,90,503973460+-3460.tif,train
71,/kaggle/working/real_text_10k_dataset/doc_g71_rot180.jpg,2,180,503973460+-3460.tif,train
71,/kaggle/working/real_text_10k_dataset/doc_g71_rot270.jpg,3,270,503973460+-3460.tif,train
72,/kaggle/working/real_text_10k_dataset/doc_g72_rot0.jpg,0,0,2058501333.tif,train
72,/kaggle/working/real_text_10k_dataset/doc_g72_rot90.jpg,1,90,2058501333.tif,train
72,/kaggle/working/real_text_10k_dataset/doc_g72_rot180.jpg,2,180,2058501333.tif,train
72,/kaggle/working/real_text_10k_dataset/doc_g72_rot270.jpg,3,270,2058501333.tif,train
73,/kaggle/working/real_text_10k_dataset/doc_g73_rot0.jpg,0,0,87251819_87251847.tif,test
73,/kaggle/working/real_text_10k_dataset/doc_g73_rot90.jpg,1,90,87251819_87251847.tif,test
73,/kaggle/working/real_text_10k_dataset/doc_g73_rot180.jpg,2,180,87251819_87251847.tif,test
73,/kaggle/working/real_text_10k_dataset/doc_g73_rot270.jpg,3,270,87251819_87251847.tif,test
74,/kaggle/working/real_text_10k_dataset/doc_g74_rot0.jpg,0,0,522865999+-6001.tif,train
74,/kaggle/working/real_text_10k_dataset/doc_g74_rot90.jpg,1,90,522865999+-6001.tif,train
74,/kaggle/working/real_text_10k_dataset/doc_g74_rot180.jpg,2,180,522865999+-6001.tif,train
74,/kaggle/working/real_text_10k_dataset/doc_g74_rot270.jpg,3,270,522865999+-6001.tif,train
75,/kaggle/working/real_text_10k_dataset/doc_g75_rot0.jpg,0,0,1002979747_9754.tif,train
75,/kaggle/working/real_text_10k_dataset/doc_g75_rot90.jpg,1,90,1002979747_9754.tif,train
75,/kaggle/working/real_text_10k_dataset/doc_g75_rot180.jpg,2,180,1002979747_9754.tif,train
75,/kaggle/working/real_text_10k_dataset/doc_g75_rot270.jpg,3,270,1002979747_9754.tif,train
76,/kaggle/working/real_text_10k_dataset/doc_g76_rot0.jpg,0,0,2069713397.tif,test
76,/kaggle/working/real_text_10k_dataset/doc_g76_rot90.jpg,1,90,2069713397.tif,test
76,/kaggle/working/real_text_10k_dataset/doc_g76_rot180.jpg,2,180,2069713397.tif,test
76,/kaggle/working/real_text_10k_dataset/doc_g76_rot270.jpg,3,270,2069713397.tif,test
77,/kaggle/working/real_text_10k_dataset/doc_g77_rot0.jpg,0,0,2065279791.tif,train
77,/kaggle/working/real_text_10k_dataset/doc_g77_rot90.jpg,1,90,2065279791.tif,train
77,/kaggle/working/real_text_10k_dataset/doc_g77_rot180.jpg,2,180,2065279791.tif,train
77,/kaggle/working/real_text_10k_dataset/doc_g77_rot270.jpg,3,270,2065279791.tif,train
78,/kaggle/working/real_text_10k_dataset/doc_g78_rot0.jpg,0,0,2081912959_2970.tif,train
78,/kaggle/working/real_text_10k_dataset/doc_g78_rot90.jpg,1,90,2081912959_2970.tif,train
78,/kaggle/working/real_text_10k_dataset/doc_g78_rot180.jpg,2,180,2081912959_2970.tif,train
78,/kaggle/working/real_text_10k_dataset/doc_g78_rot270.jpg,3,270,2081912959_2970.tif,train
79,/kaggle/working/real_text_10k_dataset/doc_g79_rot0.jpg,0,0,1000325796.tif,train
79,/kaggle/working/real_text_10k_dataset/doc_g79_rot90.jpg,1,90,1000325796.tif,train
79,/kaggle/working/real_text_10k_dataset/doc_g79_rot180.jpg,2,180,1000325796.tif,train
79,/kaggle/working/real_text_10k_dataset/doc_g79_rot270.jpg,3,270,1000325796.tif,train
80,/kaggle/working/real_text_10k_dataset/doc_g80_rot0.jpg,0,0,2067314928.tif,train
80,/kaggle/working/real_text_10k_dataset/doc_g80_rot90.jpg,1,90,2067314928.tif,train
80,/kaggle/working/real_text_10k_dataset/doc_g80_rot180.jpg,2,180,2067314928.tif,train
80,/kaggle/working/real_text_10k_dataset/doc_g80_rot270.jpg,3,270,2067314928.tif,train
81,/kaggle/working/real_text_10k_dataset/doc_g81_rot0.jpg,0,0,518303773+-3774.tif,train
81,/kaggle/working/real_text_10k_dataset/doc_g81_rot90.jpg,1,90,518303773+-3774.tif,train
81,/kaggle/working/real_text_10k_dataset/doc_g81_rot180.jpg,2,180,518303773+-3774.tif,train
81,/kaggle/working/real_text_10k_dataset/doc_g81_rot270.jpg,3,270,518303773+-3774.tif,train
82,/kaggle/working/real_text_10k_dataset/doc_g82_rot0.jpg,0,0,2077591814_1828.tif,train
82,/kaggle/working/real_text_10k_dataset/doc_g82_rot90.jpg,1,90,2077591814_1828.tif,train
82,/kaggle/working/real_text_10k_dataset/doc_g82_rot180.jpg,2,180,2077591814_1828.tif,train
82,/kaggle/working/real_text_10k_dataset/doc_g82_rot270.jpg,3,270,2077591814_1828.tif,train
83,/kaggle/working/real_text_10k_dataset/doc_g83_rot0.jpg,0,0,50704157-4157.tif,train
83,/kaggle/working/real_text_10k_dataset/doc_g83_rot90.jpg,1,90,50704157-4157.tif,train
83,/kaggle/working/real_text_10k_dataset/doc_g83_rot180.jpg,2,180,50704157-4157.tif,train
83,/kaggle/working/real_text_10k_dataset/doc_g83_rot270.jpg,3,270,50704157-4157.tif,train
84,/kaggle/working/real_text_10k_dataset/doc_g84_rot0.jpg,0,0,2061001024.tif,test
84,/kaggle/working/real_text_10k_dataset/doc_g84_rot90.jpg,1,90,2061001024.tif,test
84,/kaggle/working/real_text_10k_dataset/doc_g84_rot180.jpg,2,180,2061001024.tif,test
84,/kaggle/working/real_text_10k_dataset/doc_g84_rot270.jpg,3,270,2061001024.tif,test
85,/kaggle/working/real_text_10k_dataset/doc_g85_rot0.jpg,0,0,517519808+-9809.tif,train
85,/kaggle/working/real_text_10k_dataset/doc_g85_rot90.jpg,1,90,517519808+-9809.tif,train
85,/kaggle/working/real_text_10k_dataset/doc_g85_rot180.jpg,2,180,517519808+-9809.tif,train
85,/kaggle/working/real_text_10k_dataset/doc_g85_rot270.jpg,3,270,517519808+-9809.tif,train
86,/kaggle/working/real_text_10k_dataset/doc_g86_rot0.jpg,0,0,1003183993_1003183994.tif,train
86,/kaggle/working/real_text_10k_dataset/doc_g86_rot90.jpg,1,90,1003183993_1003183994.tif,train
86,/kaggle/working/real_text_10k_dataset/doc_g86_rot180.jpg,2,180,1003183993_1003183994.tif,train
86,/kaggle/working/real_text_10k_dataset/doc_g86_rot270.jpg,3,270,1003183993_1003183994.tif,train
87,/kaggle/working/real_text_10k_dataset/doc_g87_rot0.jpg,0,0,2078199258b.tif,train
87,/kaggle/working/real_text_10k_dataset/doc_g87_rot90.jpg,1,90,2078199258b.tif,train
87,/kaggle/working/real_text_10k_dataset/doc_g87_rot180.jpg,2,180,2078199258b.tif,train
87,/kaggle/working/real_text_10k_dataset/doc_g87_rot270.jpg,3,270,2078199258b.tif,train
88,/kaggle/working/real_text_10k_dataset/doc_g88_rot0.jpg,0,0,83197397_7398.tif,train
88,/kaggle/working/real_text_10k_dataset/doc_g88_rot90.jpg,1,90,83197397_7398.tif,train
88,/kaggle/working/real_text_10k_dataset/doc_g88_rot180.jpg,2,180,83197397_7398.tif,train
88,/kaggle/working/real_text_10k_dataset/doc_g88_rot270.jpg,3,270,83197397_7398.tif,train
89,/kaggle/working/real_text_10k_dataset/doc_g89_rot0.jpg,0,0,503490688.tif,train
89,/kaggle/working/real_text_10k_dataset/doc_g89_rot90.jpg,1,90,503490688.tif,train
89,/kaggle/working/real_text_10k_dataset/doc_g89_rot180.jpg,2,180,503490688.tif,train
89,/kaggle/working/real_text_10k_dataset/doc_g89_rot270.jpg,3,270,503490688.tif,train
90,/kaggle/working/real_text_10k_dataset/doc_g90_rot0.jpg,0,0,2031315259.tif,train
90,/kaggle/working/real_text_10k_dataset/doc_g90_rot90.jpg,1,90,2031315259.tif,train
90,/kaggle/working/real_text_10k_dataset/doc_g90_rot180.jpg,2,180,2031315259.tif,train
90,/kaggle/working/real_text_10k_dataset/doc_g90_rot270.jpg,3,270,2031315259.tif,train
91,/kaggle/working/real_text_10k_dataset/doc_g91_rot0.jpg,0,0,2505458435_8463.tif,train
91,/kaggle/working/real_text_10k_dataset/doc_g91_rot90.jpg,1,90,2505458435_8463.tif,train
91,/kaggle/working/real_text_10k_dataset/doc_g91_rot180.jpg,2,180,2505458435_8463.tif,train
91,/kaggle/working/real_text_10k_dataset/doc_g91_rot270.jpg,3,270,2505458435_8463.tif,train
92,/kaggle/working/real_text_10k_dataset/doc_g92_rot0.jpg,0,0,249.jpg,train
92,/kaggle/working/real_text_10k_dataset/doc_g92_rot90.jpg,1,90,249.jpg,train
92,/kaggle/working/real_text_10k_dataset/doc_g92_rot180.jpg,2,180,249.jpg,train
92,/kaggle/working/real_text_10k_dataset/doc_g92_rot270.jpg,3,270,249.jpg,train
93,/kaggle/working/real_text_10k_dataset/doc_g93_rot0.jpg,0,0,2030340433_2030340449.tif,test
93,/kaggle/working/real_text_10k_dataset/doc_g93_rot90.jpg,1,90,2030340433_2030340449.tif,test
93,/kaggle/working/real_text_10k_dataset/doc_g93_rot180.jpg,2,180,2030340433_2030340449.tif,test
93,/kaggle/working/real_text_10k_dataset/doc_g93_rot270.jpg,3,270,2030340433_2030340449.tif,test
94,/kaggle/working/real_text_10k_dataset/doc_g94_rot0.jpg,0,0,2083463714_3715.tif,train
94,/kaggle/working/real_text_10k_dataset/doc_g94_rot90.jpg,1,90,2083463714_3715.tif,train
94,/kaggle/working/real_text_10k_dataset/doc_g94_rot180.jpg,2,180,2083463714_3715.tif,train
94,/kaggle/working/real_text_10k_dataset/doc_g94_rot270.jpg,3,270,2083463714_3715.tif,train
95,/kaggle/working/real_text_10k_dataset/doc_g95_rot0.jpg,0,0,522658931+-8932.tif,train
95,/kaggle/working/real_text_10k_dataset/doc_g95_rot90.jpg,1,90,522658931+-8932.tif,train
95,/kaggle/working/real_text_10k_dataset/doc_g95_rot180.jpg,2,180,522658931+-8932.tif,train
95,/kaggle/working/real_text_10k_dataset/doc_g95_rot270.jpg,3,270,522658931+-8932.tif,train
96,/kaggle/working/real_text_10k_dataset/doc_g96_rot0.jpg,0,0,516010537_516010579.tif,test
96,/kaggle/working/real_text_10k_dataset/doc_g96_rot90.jpg,1,90,516010537_516010579.tif,test
96,/kaggle/working/real_text_10k_dataset/doc_g96_rot180.jpg,2,180,516010537_516010579.tif,test
96,/kaggle/working/real_text_10k_dataset/doc_g96_rot270.jpg,3,270,516010537_516010579.tif,test
97,/kaggle/working/real_text_10k_dataset/doc_g97_rot0.jpg,0,0,87429230_9283.tif,train
97,/kaggle/working/real_text_10k_dataset/doc_g97_rot90.jpg,1,90,87429230_9283.tif,train
97,/kaggle/working/real_text_10k_dataset/doc_g97_rot180.jpg,2,180,87429230_9283.tif,train
97,/kaggle/working/real_text_10k_dataset/doc_g97_rot270.jpg,3,270,87429230_9283.tif,train
98,/kaggle/working/real_text_10k_dataset/doc_g98_rot0.jpg,0,0,528151009+-1009.tif,train
98,/kaggle/working/real_text_10k_dataset/doc_g98_rot90.jpg,1,90,528151009+-1009.tif,train
98,/kaggle/working/real_text_10k_dataset/doc_g98_rot180.jpg,2,180,528151009+-1009.tif,train
98,/kaggle/working/real_text_10k_dataset/doc_g98_rot270.jpg,3,270,528151009+-1009.tif,train
99,/kaggle/working/real_text_10k_dataset/doc_g99_rot0.jpg,0,0,2021194581_2021194619.tif,train
99,/kaggle/working/real_text_10k_dataset/doc_g99_rot90.jpg,1,90,2021194581_2021194619.tif,train
99,/kaggle/working/real_text_10k_dataset/doc_g99_rot180.jpg,2,180,2021194581_2021194619.tif,train
99,/kaggle/working/real_text_10k_dataset/doc_g99_rot270.jpg,3,270,2021194581_2021194619.tif,train
100,/kaggle/working/real_text_10k_dataset/doc_g100_rot0.jpg,0,0,CTRCONTRACTS004717-4.tif,val
100,/kaggle/working/real_text_10k_dataset/doc_g100_rot90.jpg,1,90,CTRCONTRACTS004717-4.tif,val
100,/kaggle/working/real_text_10k_dataset/doc_g100_rot180.jpg,2,180,CTRCONTRACTS004717-4.tif,val
100,/kaggle/working/real_text_10k_dataset/doc_g100_rot270.jpg,3,270,CTRCONTRACTS004717-4.tif,val
101,/kaggle/working/real_text_10k_dataset/doc_g101_rot0.jpg,0,0,50656938-6938.tif,train
101,/kaggle/working/real_text_10k_dataset/doc_g101_rot90.jpg,1,90,50656938-6938.tif,train
101,/kaggle/working/real_text_10k_dataset/doc_g101_rot180.jpg,2,180,50656938-6938.tif,train
101,/kaggle/working/real_text_10k_dataset/doc_g101_rot270.jpg,3,270,50656938-6938.tif,train
102,/kaggle/working/real_text_10k_dataset/doc_g102_rot0.jpg,0,0,2028707700.tif,train
102,/kaggle/working/real_text_10k_dataset/doc_g102_rot90.jpg,1,90,2028707700.tif,train
102,/kaggle/working/real_text_10k_dataset/doc_g102_rot180.jpg,2,180,2028707700.tif,train
102,/kaggle/working/real_text_10k_dataset/doc_g102_rot270.jpg,3,270,2028707700.tif,train
103,/kaggle/working/real_text_10k_dataset/doc_g103_rot0.jpg,0,0,tob10431.45.tif,train
103,/kaggle/working/real_text_10k_dataset/doc_g103_rot90.jpg,1,90,tob10431.45.tif,train
103,/kaggle/working/real_text_10k_dataset/doc_g103_rot180.jpg,2,180,tob10431.45.tif,train
103,/kaggle/working/real_text_10k_dataset/doc_g103_rot270.jpg,3,270,tob10431.45.tif,train
104,/kaggle/working/real_text_10k_dataset/doc_g104_rot0.jpg,0,0,2029040091-a.tif,train
104,/kaggle/working/real_text_10k_dataset/doc_g104_rot90.jpg,1,90,2029040091-a.tif,train
104,/kaggle/working/real_text_10k_dataset/doc_g104_rot180.jpg,2,180,2029040091-a.tif,train
104,/kaggle/working/real_text_10k_dataset/doc_g104_rot270.jpg,3,270,2029040091-a.tif,train
105,/kaggle/working/real_text_10k_dataset/doc_g105_rot0.jpg,0,0,50527804-7805.tif,train
105,/kaggle/working/real_text_10k_dataset/doc_g105_rot90.jpg,1,90,50527804-7805.tif,train
105,/kaggle/working/real_text_10k_dataset/doc_g105_rot180.jpg,2,180,50527804-7805.tif,train
105,/kaggle/working/real_text_10k_dataset/doc_g105_rot270.jpg,3,270,50527804-7805.tif,train
106,/kaggle/working/real_text_10k_dataset/doc_g106_rot0.jpg,0,0,2040649894.tif,train
106,/kaggle/working/real_text_10k_dataset/doc_g106_rot90.jpg,1,90,2040649894.tif,train
106,/kaggle/working/real_text_10k_dataset/doc_g106_rot180.jpg,2,180,2040649894.tif,train
106,/kaggle/working/real_text_10k_dataset/doc_g106_rot270.jpg,3,270,2040649894.tif,train
107,/kaggle/working/real_text_10k_dataset/doc_g107_rot0.jpg,0,0,522814157+-4160.tif,train
107,/kaggle/working/real_text_10k_dataset/doc_g107_rot90.jpg,1,90,522814157+-4160.tif,train
107,/kaggle/working/real_text_10k_dataset/doc_g107_rot180.jpg,2,180,522814157+-4160.tif,train
107,/kaggle/working/real_text_10k_dataset/doc_g107_rot270.jpg,3,270,522814157+-4160.tif,train
108,/kaggle/working/real_text_10k_dataset/doc_g108_rot0.jpg,0,0,tnwl0017788.tif,train
108,/kaggle/working/real_text_10k_dataset/doc_g108_rot90.jpg,1,90,tnwl0017788.tif,train
108,/kaggle/working/real_text_10k_dataset/doc_g108_rot180.jpg,2,180,tnwl0017788.tif,train
108,/kaggle/working/real_text_10k_dataset/doc_g108_rot270.jpg,3,270,tnwl0017788.tif,train
109,/kaggle/working/real_text_10k_dataset/doc_g109_rot0.jpg,0,0,516738141+-8157.tif,train
109,/kaggle/working/real_text_10k_dataset/doc_g109_rot90.jpg,1,90,516738141+-8157.tif,train
109,/kaggle/working/real_text_10k_dataset/doc_g109_rot180.jpg,2,180,516738141+-8157.tif,train
109,/kaggle/working/real_text_10k_dataset/doc_g109_rot270.jpg,3,270,516738141+-8157.tif,train
110,/kaggle/working/real_text_10k_dataset/doc_g110_rot0.jpg,0,0,2082054888.tif,train
110,/kaggle/working/real_text_10k_dataset/doc_g110_rot90.jpg,1,90,2082054888.tif,train
110,/kaggle/working/real_text_10k_dataset/doc_g110_rot180.jpg,2,180,2082054888.tif,train
110,/kaggle/working/real_text_10k_dataset/doc_g110_rot270.jpg,3,270,2082054888.tif,train
111,/kaggle/working/real_text_10k_dataset/doc_g111_rot0.jpg,0,0,2051320086.tif,val
111,/kaggle/working/real_text_10k_dataset/doc_g111_rot90.jpg,1,90,2051320086.tif,val
111,/kaggle/working/real_text_10k_dataset/doc_g111_rot180.jpg,2,180,2051320086.tif,val
111,/kaggle/working/real_text_10k_dataset/doc_g111_rot270.jpg,3,270,2051320086.tif,val
112,/kaggle/working/real_text_10k_dataset/doc_g112_rot0.jpg,0,0,503380926_503380976a.tif,train
112,/kaggle/working/real_text_10k_dataset/doc_g112_rot90.jpg,1,90,503380926_503380976a.tif,train
112,/kaggle/working/real_text_10k_dataset/doc_g112_rot180.jpg,2,180,503380926_503380976a.tif,train
112,/kaggle/working/real_text_10k_dataset/doc_g112_rot270.jpg,3,270,503380926_503380976a.tif,train
113,/kaggle/working/real_text_10k_dataset/doc_g113_rot0.jpg,0,0,2074827083.tif,train
113,/kaggle/working/real_text_10k_dataset/doc_g113_rot90.jpg,1,90,2074827083.tif,train
113,/kaggle/working/real_text_10k_dataset/doc_g113_rot180.jpg,2,180,2074827083.tif,train
113,/kaggle/working/real_text_10k_dataset/doc_g113_rot270.jpg,3,270,2074827083.tif,train
114,/kaggle/working/real_text_10k_dataset/doc_g114_rot0.jpg,0,0,2065532405.tif,train
114,/kaggle/working/real_text_10k_dataset/doc_g114_rot90.jpg,1,90,2065532405.tif,train
114,/kaggle/working/real_text_10k_dataset/doc_g114_rot180.jpg,2,180,2065532405.tif,train
114,/kaggle/working/real_text_10k_dataset/doc_g114_rot270.jpg,3,270,2065532405.tif,train
115,/kaggle/working/real_text_10k_dataset/doc_g115_rot0.jpg,0,0,2085753779.tif,train
115,/kaggle/working/real_text_10k_dataset/doc_g115_rot90.jpg,1,90,2085753779.tif,train
115,/kaggle/working/real_text_10k_dataset/doc_g115_rot180.jpg,2,180,2085753779.tif,train
115,/kaggle/working/real_text_10k_dataset/doc_g115_rot270.jpg,3,270,2085753779.tif,train
116,/kaggle/working/real_text_10k_dataset/doc_g116_rot0.jpg,0,0,1002425099_1002425100.tif,train
116,/kaggle/working/real_text_10k_dataset/doc_g116_rot90.jpg,1,90,1002425099_1002425100.tif,train
116,/kaggle/working/real_text_10k_dataset/doc_g116_rot180.jpg,2,180,1002425099_1002425100.tif,train
116,/kaggle/working/real_text_10k_dataset/doc_g116_rot270.jpg,3,270,1002425099_1002425100.tif,train
117,/kaggle/working/real_text_10k_dataset/doc_g117_rot0.jpg,0,0,92237298.tif,train
117,/kaggle/working/real_text_10k_dataset/doc_g117_rot90.jpg,1,90,92237298.tif,train
117,/kaggle/working/real_text_10k_dataset/doc_g117_rot180.jpg,2,180,92237298.tif,train
117,/kaggle/working/real_text_10k_dataset/doc_g117_rot270.jpg,3,270,92237298.tif,train
118,/kaggle/working/real_text_10k_dataset/doc_g118_rot0.jpg,0,0,87109190_87109224.tif,train
118,/kaggle/working/real_text_10k_dataset/doc_g118_rot90.jpg,1,90,87109190_87109224.tif,train
118,/kaggle/working/real_text_10k_dataset/doc_g118_rot180.jpg,2,180,87109190_87109224.tif,train
118,/kaggle/working/real_text_10k_dataset/doc_g118_rot270.jpg,3,270,87109190_87109224.tif,train
119,/kaggle/working/real_text_10k_dataset/doc_g119_rot0.jpg,0,0,tcal0437428_7430.tif,train
119,/kaggle/working/real_text_10k_dataset/doc_g119_rot90.jpg,1,90,tcal0437428_7430.tif,train
119,/kaggle/working/real_text_10k_dataset/doc_g119_rot180.jpg,2,180,tcal0437428_7430.tif,train
119,/kaggle/working/real_text_10k_dataset/doc_g119_rot270.jpg,3,270,tcal0437428_7430.tif,train
120,/kaggle/working/real_text_10k_dataset/doc_g120_rot0.jpg,0,0,94395729.tif,train
120,/kaggle/working/real_text_10k_dataset/doc_g120_rot90.jpg,1,90,94395729.tif,train
120,/kaggle/working/real_text_10k_dataset/doc_g120_rot180.jpg,2,180,94395729.tif,train
120,/kaggle/working/real_text_10k_dataset/doc_g120_rot270.jpg,3,270,94395729.tif,train
121,/kaggle/working/real_text_10k_dataset/doc_g121_rot0.jpg,0,0,2028717388.tif,train
121,/kaggle/working/real_text_10k_dataset/doc_g121_rot90.jpg,1,90,2028717388.tif,train
121,/kaggle/working/real_text_10k_dataset/doc_g121_rot180.jpg,2,180,2028717388.tif,train
121,/kaggle/working/real_text_10k_dataset/doc_g121_rot270.jpg,3,270,2028717388.tif,train
122,/kaggle/working/real_text_10k_dataset/doc_g122_rot0.jpg,0,0,1001607470.tif,train
122,/kaggle/working/real_text_10k_dataset/doc_g122_rot90.jpg,1,90,1001607470.tif,train
122,/kaggle/working/real_text_10k_dataset/doc_g122_rot180.jpg,2,180,1001607470.tif,train
122,/kaggle/working/real_text_10k_dataset/doc_g122_rot270.jpg,3,270,1001607470.tif,train
123,/kaggle/working/real_text_10k_dataset/doc_g123_rot0.jpg,0,0,X51006619570.jpg,train
123,/kaggle/working/real_text_10k_dataset/doc_g123_rot90.jpg,1,90,X51006619570.jpg,train
123,/kaggle/working/real_text_10k_dataset/doc_g123_rot180.jpg,2,180,X51006619570.jpg,train
123,/kaggle/working/real_text_10k_dataset/doc_g123_rot270.jpg,3,270,X51006619570.jpg,train
124,/kaggle/working/real_text_10k_dataset/doc_g124_rot0.jpg,0,0,tob10515.49.tif,test
124,/kaggle/working/real_text_10k_dataset/doc_g124_rot90.jpg,1,90,tob10515.49.tif,test
124,/kaggle/working/real_text_10k_dataset/doc_g124_rot180.jpg,2,180,tob10515.49.tif,test
124,/kaggle/working/real_text_10k_dataset/doc_g124_rot270.jpg,3,270,tob10515.49.tif,test
125,/kaggle/working/real_text_10k_dataset/doc_g125_rot0.jpg,0,0,0000352332.tif,train
125,/kaggle/working/real_text_10k_dataset/doc_g125_rot90.jpg,1,90,0000352332.tif,train
125,/kaggle/working/real_text_10k_dataset/doc_g125_rot180.jpg,2,180,0000352332.tif,train
125,/kaggle/working/real_text_10k_dataset/doc_g125_rot270.jpg,3,270,0000352332.tif,train
126,/kaggle/working/real_text_10k_dataset/doc_g126_rot0.jpg,0,0,10320617_10320630.tif,train
126,/kaggle/working/real_text_10k_dataset/doc_g126_rot90.jpg,1,90,10320617_10320630.tif,train
126,/kaggle/working/real_text_10k_dataset/doc_g126_rot180.jpg,2,180,10320617_10320630.tif,train
126,/kaggle/working/real_text_10k_dataset/doc_g126_rot270.jpg,3,270,10320617_10320630.tif,train
127,/kaggle/working/real_text_10k_dataset/doc_g127_rot0.jpg,0,0,99401272.tif,train
127,/kaggle/working/real_text_10k_dataset/doc_g127_rot90.jpg,1,90,99401272.tif,train
127,/kaggle/working/real_text_10k_dataset/doc_g127_rot180.jpg,2,180,99401272.tif,train
127,/kaggle/working/real_text_10k_dataset/doc_g127_rot270.jpg,3,270,99401272.tif,train
128,/kaggle/working/real_text_10k_dataset/doc_g128_rot0.jpg,0,0,tob08904.57.tif,train
128,/kaggle/working/real_text_10k_dataset/doc_g128_rot90.jpg,1,90,tob08904.57.tif,train
128,/kaggle/working/real_text_10k_dataset/doc_g128_rot180.jpg,2,180,tob08904.57.tif,train
128,/kaggle/working/real_text_10k_dataset/doc_g128_rot270.jpg,3,270,tob08904.57.tif,train
129,/kaggle/working/real_text_10k_dataset/doc_g129_rot0.jpg,0,0,522711482+-1489.tif,train
129,/kaggle/working/real_text_10k_dataset/doc_g129_rot90.jpg,1,90,522711482+-1489.tif,train
129,/kaggle/working/real_text_10k_dataset/doc_g129_rot180.jpg,2,180,522711482+-1489.tif,train
129,/kaggle/working/real_text_10k_dataset/doc_g129_rot270.jpg,3,270,522711482+-1489.tif,train
130,/kaggle/working/real_text_10k_dataset/doc_g130_rot0.jpg,0,0,2031305160.tif,train
130,/kaggle/working/real_text_10k_dataset/doc_g130_rot90.jpg,1,90,2031305160.tif,train
130,/kaggle/working/real_text_10k_dataset/doc_g130_rot180.jpg,2,180,2031305160.tif,train
130,/kaggle/working/real_text_10k_dataset/doc_g130_rot270.jpg,3,270,2031305160.tif,train
131,/kaggle/working/real_text_10k_dataset/doc_g131_rot0.jpg,0,0,505607256+-7256.tif,train
131,/kaggle/working/real_text_10k_dataset/doc_g131_rot90.jpg,1,90,505607256+-7256.tif,train
131,/kaggle/working/real_text_10k_dataset/doc_g131_rot180.jpg,2,180,505607256+-7256.tif,train
131,/kaggle/working/real_text_10k_dataset/doc_g131_rot270.jpg,3,270,505607256+-7256.tif,train
132,/kaggle/working/real_text_10k_dataset/doc_g132_rot0.jpg,0,0,2070711849.tif,train
132,/kaggle/working/real_text_10k_dataset/doc_g132_rot90.jpg,1,90,2070711849.tif,train
132,/kaggle/working/real_text_10k_dataset/doc_g132_rot180.jpg,2,180,2070711849.tif,train
132,/kaggle/working/real_text_10k_dataset/doc_g132_rot270.jpg,3,270,2070711849.tif,train
133,/kaggle/working/real_text_10k_dataset/doc_g133_rot0.jpg,0,0,2061671874.tif,train
133,/kaggle/working/real_text_10k_dataset/doc_g133_rot90.jpg,1,90,2061671874.tif,train
133,/kaggle/working/real_text_10k_dataset/doc_g133_rot180.jpg,2,180,2061671874.tif,train
133,/kaggle/working/real_text_10k_dataset/doc_g133_rot270.jpg,3,270,2061671874.tif,train
134,/kaggle/working/real_text_10k_dataset/doc_g134_rot0.jpg,0,0,50586644-6645.tif,val
134,/kaggle/working/real_text_10k_dataset/doc_g134_rot90.jpg,1,90,50586644-6645.tif,val
134,/kaggle/working/real_text_10k_dataset/doc_g134_rot180.jpg,2,180,50586644-6645.tif,val
134,/kaggle/working/real_text_10k_dataset/doc_g134_rot270.jpg,3,270,50586644-6645.tif,val
135,/kaggle/working/real_text_10k_dataset/doc_g135_rot0.jpg,0,0,2028995617.tif,test
135,/kaggle/working/real_text_10k_dataset/doc_g135_rot90.jpg,1,90,2028995617.tif,test
135,/kaggle/working/real_text_10k_dataset/doc_g135_rot180.jpg,2,180,2028995617.tif,test
135,/kaggle/working/real_text_10k_dataset/doc_g135_rot270.jpg,3,270,2028995617.tif,test
136,/kaggle/working/real_text_10k_dataset/doc_g136_rot0.jpg,0,0,517754451+-4452.tif,train
136,/kaggle/working/real_text_10k_dataset/doc_g136_rot90.jpg,1,90,517754451+-4452.tif,train
136,/kaggle/working/real_text_10k_dataset/doc_g136_rot180.jpg,2,180,517754451+-4452.tif,train
136,/kaggle/working/real_text_10k_dataset/doc_g136_rot270.jpg,3,270,517754451+-4452.tif,train
137,/kaggle/working/real_text_10k_dataset/doc_g137_rot0.jpg,0,0,528893173+-3174.tif,train
137,/kaggle/working/real_text_10k_dataset/doc_g137_rot90.jpg,1,90,528893173+-3174.tif,train
137,/kaggle/working/real_text_10k_dataset/doc_g137_rot180.jpg,2,180,528893173+-3174.tif,train
137,/kaggle/working/real_text_10k_dataset/doc_g137_rot270.jpg,3,270,528893173+-3174.tif,train
138,/kaggle/working/real_text_10k_dataset/doc_g138_rot0.jpg,0,0,receipt_00124.png,train
138,/kaggle/working/real_text_10k_dataset/doc_g138_rot90.jpg,1,90,receipt_00124.png,train
138,/kaggle/working/real_text_10k_dataset/doc_g138_rot180.jpg,2,180,receipt_00124.png,train
138,/kaggle/working/real_text_10k_dataset/doc_g138_rot270.jpg,3,270,receipt_00124.png,train
139,/kaggle/working/real_text_10k_dataset/doc_g139_rot0.jpg,0,0,502856931+-6933.tif,train
139,/kaggle/working/real_text_10k_dataset/doc_g139_rot90.jpg,1,90,502856931+-6933.tif,train
139,/kaggle/working/real_text_10k_dataset/doc_g139_rot180.jpg,2,180,502856931+-6933.tif,train
139,/kaggle/working/real_text_10k_dataset/doc_g139_rot270.jpg,3,270,502856931+-6933.tif,train
140,/kaggle/working/real_text_10k_dataset/doc_g140_rot0.jpg,0,0,2024267062.tif,train
140,/kaggle/working/real_text_10k_dataset/doc_g140_rot90.jpg,1,90,2024267062.tif,train
140,/kaggle/working/real_text_10k_dataset/doc_g140_rot180.jpg,2,180,2024267062.tif,train
140,/kaggle/working/real_text_10k_dataset/doc_g140_rot270.jpg,3,270,2024267062.tif,train
141,/kaggle/working/real_text_10k_dataset/doc_g141_rot0.jpg,0,0,522755177+-5178.tif,test
141,/kaggle/working/real_text_10k_dataset/doc_g141_rot90.jpg,1,90,522755177+-5178.tif,test
141,/kaggle/working/real_text_10k_dataset/doc_g141_rot180.jpg,2,180,522755177+-5178.tif,test
141,/kaggle/working/real_text_10k_dataset/doc_g141_rot270.jpg,3,270,522755177+-5178.tif,test
142,/kaggle/working/real_text_10k_dataset/doc_g142_rot0.jpg,0,0,10028340_10028343.tif,train
142,/kaggle/working/real_text_10k_dataset/doc_g142_rot90.jpg,1,90,10028340_10028343.tif,train
142,/kaggle/working/real_text_10k_dataset/doc_g142_rot180.jpg,2,180,10028340_10028343.tif,train
142,/kaggle/working/real_text_10k_dataset/doc_g142_rot270.jpg,3,270,10028340_10028343.tif,train
143,/kaggle/working/real_text_10k_dataset/doc_g143_rot0.jpg,0,0,2072300314_0323.tif,train
143,/kaggle/working/real_text_10k_dataset/doc_g143_rot90.jpg,1,90,2072300314_0323.tif,train
143,/kaggle/working/real_text_10k_dataset/doc_g143_rot180.jpg,2,180,2072300314_0323.tif,train
143,/kaggle/working/real_text_10k_dataset/doc_g143_rot270.jpg,3,270,2072300314_0323.tif,train
144,/kaggle/working/real_text_10k_dataset/doc_g144_rot0.jpg,0,0,522336799+-6799.tif,train
144,/kaggle/working/real_text_10k_dataset/doc_g144_rot90.jpg,1,90,522336799+-6799.tif,train
144,/kaggle/working/real_text_10k_dataset/doc_g144_rot180.jpg,2,180,522336799+-6799.tif,train
144,/kaggle/working/real_text_10k_dataset/doc_g144_rot270.jpg,3,270,522336799+-6799.tif,train
145,/kaggle/working/real_text_10k_dataset/doc_g145_rot0.jpg,0,0,2076271382_1390.tif,train
145,/kaggle/working/real_text_10k_dataset/doc_g145_rot90.jpg,1,90,2076271382_1390.tif,train
145,/kaggle/working/real_text_10k_dataset/doc_g145_rot180.jpg,2,180,2076271382_1390.tif,train
145,/kaggle/working/real_text_10k_dataset/doc_g145_rot270.jpg,3,270,2076271382_1390.tif,train
146,/kaggle/working/real_text_10k_dataset/doc_g146_rot0.jpg,0,0,50233207-3208.tif,train
146,/kaggle/working/real_text_10k_dataset/doc_g146_rot90.jpg,1,90,50233207-3208.tif,train
146,/kaggle/working/real_text_10k_dataset/doc_g146_rot180.jpg,2,180,50233207-3208.tif,train
146,/kaggle/working/real_text_10k_dataset/doc_g146_rot270.jpg,3,270,50233207-3208.tif,train
147,/kaggle/working/real_text_10k_dataset/doc_g147_rot0.jpg,0,0,2063302054_2058.tif,train
147,/kaggle/working/real_text_10k_dataset/doc_g147_rot90.jpg,1,90,2063302054_2058.tif,train
147,/kaggle/working/real_text_10k_dataset/doc_g147_rot180.jpg,2,180,2063302054_2058.tif,train
147,/kaggle/working/real_text_10k_dataset/doc_g147_rot270.jpg,3,270,2063302054_2058.tif,train
148,/kaggle/working/real_text_10k_dataset/doc_g148_rot0.jpg,0,0,50352295-2295.tif,train
148,/kaggle/working/real_text_10k_dataset/doc_g148_rot90.jpg,1,90,50352295-2295.tif,train
148,/kaggle/working/real_text_10k_dataset/doc_g148_rot180.jpg,2,180,50352295-2295.tif,train
148,/kaggle/working/real_text_10k_dataset/doc_g148_rot270.jpg,3,270,50352295-2295.tif,train
149,/kaggle/working/real_text_10k_dataset/doc_g149_rot0.jpg,0,0,receipt_00792.png,test
149,/kaggle/working/real_text_10k_dataset/doc_g149_rot90.jpg,1,90,receipt_00792.png,test
149,/kaggle/working/real_text_10k_dataset/doc_g149_rot180.jpg,2,180,receipt_00792.png,test
149,/kaggle/working/real_text_10k_dataset/doc_g149_rot270.jpg,3,270,receipt_00792.png,test
150,/kaggle/working/real_text_10k_dataset/doc_g150_rot0.jpg,0,0,518227481+-7482.tif,train
150,/kaggle/working/real_text_10k_dataset/doc_g150_rot90.jpg,1,90,518227481+-7482.tif,train
150,/kaggle/working/real_text_10k_dataset/doc_g150_rot180.jpg,2,180,518227481+-7482.tif,train
150,/kaggle/working/real_text_10k_dataset/doc_g150_rot270.jpg,3,270,518227481+-7482.tif,train
151,/kaggle/working/real_text_10k_dataset/doc_g151_rot0.jpg,0,0,2084022403.tif,train
151,/kaggle/working/real_text_10k_dataset/doc_g151_rot90.jpg,1,90,2084022403.tif,train
151,/kaggle/working/real_text_10k_dataset/doc_g151_rot180.jpg,2,180,2084022403.tif,train
151,/kaggle/working/real_text_10k_dataset/doc_g151_rot270.jpg,3,270,2084022403.tif,train
152,/kaggle/working/real_text_10k_dataset/doc_g152_rot0.jpg,0,0,0000936904.tif,train
152,/kaggle/working/real_text_10k_dataset/doc_g152_rot90.jpg,1,90,0000936904.tif,train
152,/kaggle/working/real_text_10k_dataset/doc_g152_rot180.jpg,2,180,0000936904.tif,train
152,/kaggle/working/real_text_10k_dataset/doc_g152_rot270.jpg,3,270,0000936904.tif,train
153,/kaggle/working/real_text_10k_dataset/doc_g153_rot0.jpg,0,0,2030063438.tif,train
153,/kaggle/working/real_text_10k_dataset/doc_g153_rot90.jpg,1,90,2030063438.tif,train
153,/kaggle/working/real_text_10k_dataset/doc_g153_rot180.jpg,2,180,2030063438.tif,train
153,/kaggle/working/real_text_10k_dataset/doc_g153_rot270.jpg,3,270,2030063438.tif,train
154,/kaggle/working/real_text_10k_dataset/doc_g154_rot0.jpg,0,0,87050390.tif,train
154,/kaggle/working/real_text_10k_dataset/doc_g154_rot90.jpg,1,90,87050390.tif,train
154,/kaggle/working/real_text_10k_dataset/doc_g154_rot180.jpg,2,180,87050390.tif,train
154,/kaggle/working/real_text_10k_dataset/doc_g154_rot270.jpg,3,270,87050390.tif,train
155,/kaggle/working/real_text_10k_dataset/doc_g155_rot0.jpg,0,0,2063829393_9401.tif,train
155,/kaggle/working/real_text_10k_dataset/doc_g155_rot90.jpg,1,90,2063829393_9401.tif,train
155,/kaggle/working/real_text_10k_dataset/doc_g155_rot180.jpg,2,180,2063829393_9401.tif,train
155,/kaggle/working/real_text_10k_dataset/doc_g155_rot270.jpg,3,270,2063829393_9401.tif,train
156,/kaggle/working/real_text_10k_dataset/doc_g156_rot0.jpg,0,0,2501454137.tif,train
156,/kaggle/working/real_text_10k_dataset/doc_g156_rot90.jpg,1,90,2501454137.tif,train
156,/kaggle/working/real_text_10k_dataset/doc_g156_rot180.jpg,2,180,2501454137.tif,train
156,/kaggle/working/real_text_10k_dataset/doc_g156_rot270.jpg,3,270,2501454137.tif,train
157,/kaggle/working/real_text_10k_dataset/doc_g157_rot0.jpg,0,0,2501378163.tif,val
157,/kaggle/working/real_text_10k_dataset/doc_g157_rot90.jpg,1,90,2501378163.tif,val
157,/kaggle/working/real_text_10k_dataset/doc_g157_rot180.jpg,2,180,2501378163.tif,val
157,/kaggle/working/real_text_10k_dataset/doc_g157_rot270.jpg,3,270,2501378163.tif,val
158,/kaggle/working/real_text_10k_dataset/doc_g158_rot0.jpg,0,0,2054606223.tif,train
158,/kaggle/working/real_text_10k_dataset/doc_g158_rot90.jpg,1,90,2054606223.tif,train
158,/kaggle/working/real_text_10k_dataset/doc_g158_rot180.jpg,2,180,2054606223.tif,train
158,/kaggle/working/real_text_10k_dataset/doc_g158_rot270.jpg,3,270,2054606223.tif,train
159,/kaggle/working/real_text_10k_dataset/doc_g159_rot0.jpg,0,0,2028826094_2028826095.tif,train
159,/kaggle/working/real_text_10k_dataset/doc_g159_rot90.jpg,1,90,2028826094_2028826095.tif,train
159,/kaggle/working/real_text_10k_dataset/doc_g159_rot180.jpg,2,180,2028826094_2028826095.tif,train
159,/kaggle/working/real_text_10k_dataset/doc_g159_rot270.jpg,3,270,2028826094_2028826095.tif,train
160,/kaggle/working/real_text_10k_dataset/doc_g160_rot0.jpg,0,0,2048299322_2048299323.tif,train
160,/kaggle/working/real_text_10k_dataset/doc_g160_rot90.jpg,1,90,2048299322_2048299323.tif,train
160,/kaggle/working/real_text_10k_dataset/doc_g160_rot180.jpg,2,180,2048299322_2048299323.tif,train
160,/kaggle/working/real_text_10k_dataset/doc_g160_rot270.jpg,3,270,2048299322_2048299323.tif,train
161,/kaggle/working/real_text_10k_dataset/doc_g161_rot0.jpg,0,0,503781298.tif,train
161,/kaggle/working/real_text_10k_dataset/doc_g161_rot90.jpg,1,90,503781298.tif,train
161,/kaggle/working/real_text_10k_dataset/doc_g161_rot180.jpg,2,180,503781298.tif,train
161,/kaggle/working/real_text_10k_dataset/doc_g161_rot270.jpg,3,270,503781298.tif,train
162,/kaggle/working/real_text_10k_dataset/doc_g162_rot0.jpg,0,0,95648818.tif,train
162,/kaggle/working/real_text_10k_dataset/doc_g162_rot90.jpg,1,90,95648818.tif,train
162,/kaggle/working/real_text_10k_dataset/doc_g162_rot180.jpg,2,180,95648818.tif,train
162,/kaggle/working/real_text_10k_dataset/doc_g162_rot270.jpg,3,270,95648818.tif,train
163,/kaggle/working/real_text_10k_dataset/doc_g163_rot0.jpg,0,0,2049466500.tif,test
163,/kaggle/working/real_text_10k_dataset/doc_g163_rot90.jpg,1,90,2049466500.tif,test
163,/kaggle/working/real_text_10k_dataset/doc_g163_rot180.jpg,2,180,2049466500.tif,test
163,/kaggle/working/real_text_10k_dataset/doc_g163_rot270.jpg,3,270,2049466500.tif,test
164,/kaggle/working/real_text_10k_dataset/doc_g164_rot0.jpg,0,0,2056124023.tif,train
164,/kaggle/working/real_text_10k_dataset/doc_g164_rot90.jpg,1,90,2056124023.tif,train
164,/kaggle/working/real_text_10k_dataset/doc_g164_rot180.jpg,2,180,2056124023.tif,train
164,/kaggle/working/real_text_10k_dataset/doc_g164_rot270.jpg,3,270,2056124023.tif,train
165,/kaggle/working/real_text_10k_dataset/doc_g165_rot0.jpg,0,0,receipt_00500.png,train
165,/kaggle/working/real_text_10k_dataset/doc_g165_rot90.jpg,1,90,receipt_00500.png,train
165,/kaggle/working/real_text_10k_dataset/doc_g165_rot180.jpg,2,180,receipt_00500.png,train
165,/kaggle/working/real_text_10k_dataset/doc_g165_rot270.jpg,3,270,receipt_00500.png,train
166,/kaggle/working/real_text_10k_dataset/doc_g166_rot0.jpg,0,0,2031042127.tif,train
166,/kaggle/working/real_text_10k_dataset/doc_g166_rot90.jpg,1,90,2031042127.tif,train
166,/kaggle/working/real_text_10k_dataset/doc_g166_rot180.jpg,2,180,2031042127.tif,train
166,/kaggle/working/real_text_10k_dataset/doc_g166_rot270.jpg,3,270,2031042127.tif,train
167,/kaggle/working/real_text_10k_dataset/doc_g167_rot0.jpg,0,0,505855638.tif,train
167,/kaggle/working/real_text_10k_dataset/doc_g167_rot90.jpg,1,90,505855638.tif,train
167,/kaggle/working/real_text_10k_dataset/doc_g167_rot180.jpg,2,180,505855638.tif,train
167,/kaggle/working/real_text_10k_dataset/doc_g167_rot270.jpg,3,270,505855638.tif,train
168,/kaggle/working/real_text_10k_dataset/doc_g168_rot0.jpg,0,0,89723349_3350.tif,val
168,/kaggle/working/real_text_10k_dataset/doc_g168_rot90.jpg,1,90,89723349_3350.tif,val
168,/kaggle/working/real_text_10k_dataset/doc_g168_rot180.jpg,2,180,89723349_3350.tif,val
168,/kaggle/working/real_text_10k_dataset/doc_g168_rot270.jpg,3,270,89723349_3350.tif,val
169,/kaggle/working/real_text_10k_dataset/doc_g169_rot0.jpg,0,0,receipt_00171.png,train
169,/kaggle/working/real_text_10k_dataset/doc_g169_rot90.jpg,1,90,receipt_00171.png,train
169,/kaggle/working/real_text_10k_dataset/doc_g169_rot180.jpg,2,180,receipt_00171.png,train
169,/kaggle/working/real_text_10k_dataset/doc_g169_rot270.jpg,3,270,receipt_00171.png,train
170,/kaggle/working/real_text_10k_dataset/doc_g170_rot0.jpg,0,0,2044313637_3638.tif,val
170,/kaggle/working/real_text_10k_dataset/doc_g170_rot90.jpg,1,90,2044313637_3638.tif,val
170,/kaggle/working/real_text_10k_dataset/doc_g170_rot180.jpg,2,180,2044313637_3638.tif,val
170,/kaggle/working/real_text_10k_dataset/doc_g170_rot270.jpg,3,270,2044313637_3638.tif,val
171,/kaggle/working/real_text_10k_dataset/doc_g171_rot0.jpg,0,0,502593752.tif,train
171,/kaggle/working/real_text_10k_dataset/doc_g171_rot90.jpg,1,90,502593752.tif,train
171,/kaggle/working/real_text_10k_dataset/doc_g171_rot180.jpg,2,180,502593752.tif,train
171,/kaggle/working/real_text_10k_dataset/doc_g171_rot270.jpg,3,270,502593752.tif,train
172,/kaggle/working/real_text_10k_dataset/doc_g172_rot0.jpg,0,0,2029081710_2029081726.tif,train
172,/kaggle/working/real_text_10k_dataset/doc_g172_rot90.jpg,1,90,2029081710_2029081726.tif,train
172,/kaggle/working/real_text_10k_dataset/doc_g172_rot180.jpg,2,180,2029081710_2029081726.tif,train
172,/kaggle/working/real_text_10k_dataset/doc_g172_rot270.jpg,3,270,2029081710_2029081726.tif,train
173,/kaggle/working/real_text_10k_dataset/doc_g173_rot0.jpg,0,0,2022951905_2022951913.tif,test
173,/kaggle/working/real_text_10k_dataset/doc_g173_rot90.jpg,1,90,2022951905_2022951913.tif,test
173,/kaggle/working/real_text_10k_dataset/doc_g173_rot180.jpg,2,180,2022951905_2022951913.tif,test
173,/kaggle/working/real_text_10k_dataset/doc_g173_rot270.jpg,3,270,2022951905_2022951913.tif,test
174,/kaggle/working/real_text_10k_dataset/doc_g174_rot0.jpg,0,0,512863902+-3905.tif,train
174,/kaggle/working/real_text_10k_dataset/doc_g174_rot90.jpg,1,90,512863902+-3905.tif,train
174,/kaggle/working/real_text_10k_dataset/doc_g174_rot180.jpg,2,180,512863902+-3905.tif,train
174,/kaggle/working/real_text_10k_dataset/doc_g174_rot270.jpg,3,270,512863902+-3905.tif,train
175,/kaggle/working/real_text_10k_dataset/doc_g175_rot0.jpg,0,0,518305287+-5288.tif,train
175,/kaggle/working/real_text_10k_dataset/doc_g175_rot90.jpg,1,90,518305287+-5288.tif,train
175,/kaggle/working/real_text_10k_dataset/doc_g175_rot180.jpg,2,180,518305287+-5288.tif,train
175,/kaggle/working/real_text_10k_dataset/doc_g175_rot270.jpg,3,270,518305287+-5288.tif,train
176,/kaggle/working/real_text_10k_dataset/doc_g176_rot0.jpg,0,0,2085134211d_4212.tif,train
176,/kaggle/working/real_text_10k_dataset/doc_g176_rot90.jpg,1,90,2085134211d_4212.tif,train
176,/kaggle/working/real_text_10k_dataset/doc_g176_rot180.jpg,2,180,2085134211d_4212.tif,train
176,/kaggle/working/real_text_10k_dataset/doc_g176_rot270.jpg,3,270,2085134211d_4212.tif,train
177,/kaggle/working/real_text_10k_dataset/doc_g177_rot0.jpg,0,0,2057437211_2057437215.tif,train
177,/kaggle/working/real_text_10k_dataset/doc_g177_rot90.jpg,1,90,2057437211_2057437215.tif,train
177,/kaggle/working/real_text_10k_dataset/doc_g177_rot180.jpg,2,180,2057437211_2057437215.tif,train
177,/kaggle/working/real_text_10k_dataset/doc_g177_rot270.jpg,3,270,2057437211_2057437215.tif,train
178,/kaggle/working/real_text_10k_dataset/doc_g178_rot0.jpg,0,0,2069713974.tif,val
178,/kaggle/working/real_text_10k_dataset/doc_g178_rot90.jpg,1,90,2069713974.tif,val
178,/kaggle/working/real_text_10k_dataset/doc_g178_rot180.jpg,2,180,2069713974.tif,val
178,/kaggle/working/real_text_10k_dataset/doc_g178_rot270.jpg,3,270,2069713974.tif,val
179,/kaggle/working/real_text_10k_dataset/doc_g179_rot0.jpg,0,0,10383070.tif,test
179,/kaggle/working/real_text_10k_dataset/doc_g179_rot90.jpg,1,90,10383070.tif,test
179,/kaggle/working/real_text_10k_dataset/doc_g179_rot180.jpg,2,180,10383070.tif,test
179,/kaggle/working/real_text_10k_dataset/doc_g179_rot270.jpg,3,270,10383070.tif,test
180,/kaggle/working/real_text_10k_dataset/doc_g180_rot0.jpg,0,0,2069726717.tif,train
180,/kaggle/working/real_text_10k_dataset/doc_g180_rot90.jpg,1,90,2069726717.tif,train
180,/kaggle/working/real_text_10k_dataset/doc_g180_rot180.jpg,2,180,2069726717.tif,train
180,/kaggle/working/real_text_10k_dataset/doc_g180_rot270.jpg,3,270,2069726717.tif,train
181,/kaggle/working/real_text_10k_dataset/doc_g181_rot0.jpg,0,0,50717548-7548.tif,train
181,/kaggle/working/real_text_10k_dataset/doc_g181_rot90.jpg,1,90,50717548-7548.tif,train
181,/kaggle/working/real_text_10k_dataset/doc_g181_rot180.jpg,2,180,50717548-7548.tif,train
181,/kaggle/working/real_text_10k_dataset/doc_g181_rot270.jpg,3,270,50717548-7548.tif,train
182,/kaggle/working/real_text_10k_dataset/doc_g182_rot0.jpg,0,0,2041734260.tif,train
182,/kaggle/working/real_text_10k_dataset/doc_g182_rot90.jpg,1,90,2041734260.tif,train
182,/kaggle/working/real_text_10k_dataset/doc_g182_rot180.jpg,2,180,2041734260.tif,train
182,/kaggle/working/real_text_10k_dataset/doc_g182_rot270.jpg,3,270,2041734260.tif,train
183,/kaggle/working/real_text_10k_dataset/doc_g183_rot0.jpg,0,0,tnwl0049919_9936.tif,train
183,/kaggle/working/real_text_10k_dataset/doc_g183_rot90.jpg,1,90,tnwl0049919_9936.tif,train
183,/kaggle/working/real_text_10k_dataset/doc_g183_rot180.jpg,2,180,tnwl0049919_9936.tif,train
183,/kaggle/working/real_text_10k_dataset/doc_g183_rot270.jpg,3,270,tnwl0049919_9936.tif,train
184,/kaggle/working/real_text_10k_dataset/doc_g184_rot0.jpg,0,0,2064262103_2109.tif,train
184,/kaggle/working/real_text_10k_dataset/doc_g184_rot90.jpg,1,90,2064262103_2109.tif,train
184,/kaggle/working/real_text_10k_dataset/doc_g184_rot180.jpg,2,180,2064262103_2109.tif,train
184,/kaggle/working/real_text_10k_dataset/doc_g184_rot270.jpg,3,270,2064262103_2109.tif,train
185,/kaggle/working/real_text_10k_dataset/doc_g185_rot0.jpg,0,0,0060095589.tif,train
185,/kaggle/working/real_text_10k_dataset/doc_g185_rot90.jpg,1,90,0060095589.tif,train
185,/kaggle/working/real_text_10k_dataset/doc_g185_rot180.jpg,2,180,0060095589.tif,train
185,/kaggle/working/real_text_10k_dataset/doc_g185_rot270.jpg,3,270,0060095589.tif,train
186,/kaggle/working/real_text_10k_dataset/doc_g186_rot0.jpg,0,0,2067679873_2067679874.tif,train
186,/kaggle/working/real_text_10k_dataset/doc_g186_rot90.jpg,1,90,2067679873_2067679874.tif,train
186,/kaggle/working/real_text_10k_dataset/doc_g186_rot180.jpg,2,180,2067679873_2067679874.tif,train
186,/kaggle/working/real_text_10k_dataset/doc_g186_rot270.jpg,3,270,2067679873_2067679874.tif,train
187,/kaggle/working/real_text_10k_dataset/doc_g187_rot0.jpg,0,0,0060012457.tif,train
187,/kaggle/working/real_text_10k_dataset/doc_g187_rot90.jpg,1,90,0060012457.tif,train
187,/kaggle/working/real_text_10k_dataset/doc_g187_rot180.jpg,2,180,0060012457.tif,train
187,/kaggle/working/real_text_10k_dataset/doc_g187_rot270.jpg,3,270,0060012457.tif,train
188,/kaggle/working/real_text_10k_dataset/doc_g188_rot0.jpg,0,0,517728170+-8171.tif,val
188,/kaggle/working/real_text_10k_dataset/doc_g188_rot90.jpg,1,90,517728170+-8171.tif,val
188,/kaggle/working/real_text_10k_dataset/doc_g188_rot180.jpg,2,180,517728170+-8171.tif,val
188,/kaggle/working/real_text_10k_dataset/doc_g188_rot270.jpg,3,270,517728170+-8171.tif,val
189,/kaggle/working/real_text_10k_dataset/doc_g189_rot0.jpg,0,0,2001234156.tif,train
189,/kaggle/working/real_text_10k_dataset/doc_g189_rot90.jpg,1,90,2001234156.tif,train
189,/kaggle/working/real_text_10k_dataset/doc_g189_rot180.jpg,2,180,2001234156.tif,train
189,/kaggle/working/real_text_10k_dataset/doc_g189_rot270.jpg,3,270,2001234156.tif,train
190,/kaggle/working/real_text_10k_dataset/doc_g190_rot0.jpg,0,0,516399750+-9752.tif,train
190,/kaggle/working/real_text_10k_dataset/doc_g190_rot90.jpg,1,90,516399750+-9752.tif,train
190,/kaggle/working/real_text_10k_dataset/doc_g190_rot180.jpg,2,180,516399750+-9752.tif,train
190,/kaggle/working/real_text_10k_dataset/doc_g190_rot270.jpg,3,270,516399750+-9752.tif,train
191,/kaggle/working/real_text_10k_dataset/doc_g191_rot0.jpg,0,0,89737084.tif,train
191,/kaggle/working/real_text_10k_dataset/doc_g191_rot90.jpg,1,90,89737084.tif,train
191,/kaggle/working/real_text_10k_dataset/doc_g191_rot180.jpg,2,180,89737084.tif,train
191,/kaggle/working/real_text_10k_dataset/doc_g191_rot270.jpg,3,270,89737084.tif,train
192,/kaggle/working/real_text_10k_dataset/doc_g192_rot0.jpg,0,0,2025491751_2025491759.tif,train
192,/kaggle/working/real_text_10k_dataset/doc_g192_rot90.jpg,1,90,2025491751_2025491759.tif,train
192,/kaggle/working/real_text_10k_dataset/doc_g192_rot180.jpg,2,180,2025491751_2025491759.tif,train
192,/kaggle/working/real_text_10k_dataset/doc_g192_rot270.jpg,3,270,2025491751_2025491759.tif,train
193,/kaggle/working/real_text_10k_dataset/doc_g193_rot0.jpg,0,0,0060036647.tif,train
193,/kaggle/working/real_text_10k_dataset/doc_g193_rot90.jpg,1,90,0060036647.tif,train
193,/kaggle/working/real_text_10k_dataset/doc_g193_rot180.jpg,2,180,0060036647.tif,train
193,/kaggle/working/real_text_10k_dataset/doc_g193_rot270.jpg,3,270,0060036647.tif,train
194,/kaggle/working/real_text_10k_dataset/doc_g194_rot0.jpg,0,0,2043225917_2043225919.tif,test
194,/kaggle/working/real_text_10k_dataset/doc_g194_rot90.jpg,1,90,2043225917_2043225919.tif,test
194,/kaggle/working/real_text_10k_dataset/doc_g194_rot180.jpg,2,180,2043225917_2043225919.tif,test
194,/kaggle/working/real_text_10k_dataset/doc_g194_rot270.jpg,3,270,2043225917_2043225919.tif,test
195,/kaggle/working/real_text_10k_dataset/doc_g195_rot0.jpg,0,0,2022984471_2022984472.tif,train
195,/kaggle/working/real_text_10k_dataset/doc_g195_rot90.jpg,1,90,2022984471_2022984472.tif,train
195,/kaggle/working/real_text_10k_dataset/doc_g195_rot180.jpg,2,180,2022984471_2022984472.tif,train
195,/kaggle/working/real_text_10k_dataset/doc_g195_rot270.jpg,3,270,2022984471_2022984472.tif,train
196,/kaggle/working/real_text_10k_dataset/doc_g196_rot0.jpg,0,0,03025280_03025282.tif,test
196,/kaggle/working/real_text_10k_dataset/doc_g196_rot90.jpg,1,90,03025280_03025282.tif,test
196,/kaggle/working/real_text_10k_dataset/doc_g196_rot180.jpg,2,180,03025280_03025282.tif,test
196,/kaggle/working/real_text_10k_dataset/doc_g196_rot270.jpg,3,270,03025280_03025282.tif,test
197,/kaggle/working/real_text_10k_dataset/doc_g197_rot0.jpg,0,0,2040320757.tif,train
197,/kaggle/working/real_text_10k_dataset/doc_g197_rot90.jpg,1,90,2040320757.tif,train
197,/kaggle/working/real_text_10k_dataset/doc_g197_rot180.jpg,2,180,2040320757.tif,train
197,/kaggle/working/real_text_10k_dataset/doc_g197_rot270.jpg,3,270,2040320757.tif,train
198,/kaggle/working/real_text_10k_dataset/doc_g198_rot0.jpg,0,0,50273761-3771.tif,train
198,/kaggle/working/real_text_10k_dataset/doc_g198_rot90.jpg,1,90,50273761-3771.tif,train
198,/kaggle/working/real_text_10k_dataset/doc_g198_rot180.jpg,2,180,50273761-3771.tif,train
198,/kaggle/working/real_text_10k_dataset/doc_g198_rot270.jpg,3,270,50273761-3771.tif,train
199,/kaggle/working/real_text_10k_dataset/doc_g199_rot0.jpg,0,0,2070896927.tif,test
199,/kaggle/working/real_text_10k_dataset/doc_g199_rot90.jpg,1,90,2070896927.tif,test
199,/kaggle/working/real_text_10k_dataset/doc_g199_rot180.jpg,2,180,2070896927.tif,test
199,/kaggle/working/real_text_10k_dataset/doc_g199_rot270.jpg,3,270,2070896927.tif,test
200,/kaggle/working/real_text_10k_dataset/doc_g200_rot0.jpg,0,0,2023672441_2023672458.tif,train
200,/kaggle/working/real_text_10k_dataset/doc_g200_rot90.jpg,1,90,2023672441_2023672458.tif,train
200,/kaggle/working/real_text_10k_dataset/doc_g200_rot180.jpg,2,180,2023672441_2023672458.tif,train
200,/kaggle/working/real_text_10k_dataset/doc_g200_rot270.jpg,3,270,2023672441_2023672458.tif,train
201,/kaggle/working/real_text_10k_dataset/doc_g201_rot0.jpg,0,0,2065418512.tif,train
201,/kaggle/working/real_text_10k_dataset/doc_g201_rot90.jpg,1,90,2065418512.tif,train
201,/kaggle/working/real_text_10k_dataset/doc_g201_rot180.jpg,2,180,2065418512.tif,train
201,/kaggle/working/real_text_10k_dataset/doc_g201_rot270.jpg,3,270,2065418512.tif,train
202,/kaggle/working/real_text_10k_dataset/doc_g202_rot0.jpg,0,0,507705045+-5045.tif,train
202,/kaggle/working/real_text_10k_dataset/doc_g202_rot90.jpg,1,90,507705045+-5045.tif,train
202,/kaggle/working/real_text_10k_dataset/doc_g202_rot180.jpg,2,180,507705045+-5045.tif,train
202,/kaggle/working/real_text_10k_dataset/doc_g202_rot270.jpg,3,270,507705045+-5045.tif,train
203,/kaggle/working/real_text_10k_dataset/doc_g203_rot0.jpg,0,0,2062180353.tif,train
203,/kaggle/working/real_text_10k_dataset/doc_g203_rot90.jpg,1,90,2062180353.tif,train
203,/kaggle/working/real_text_10k_dataset/doc_g203_rot180.jpg,2,180,2062180353.tif,train
203,/kaggle/working/real_text_10k_dataset/doc_g203_rot270.jpg,3,270,2062180353.tif,train
204,/kaggle/working/real_text_10k_dataset/doc_g204_rot0.jpg,0,0,2069728330.tif,train
204,/kaggle/working/real_text_10k_dataset/doc_g204_rot90.jpg,1,90,2069728330.tif,train
204,/kaggle/working/real_text_10k_dataset/doc_g204_rot180.jpg,2,180,2069728330.tif,train
204,/kaggle/working/real_text_10k_dataset/doc_g204_rot270.jpg,3,270,2069728330.tif,train
205,/kaggle/working/real_text_10k_dataset/doc_g205_rot0.jpg,0,0,2049366585.tif,train
205,/kaggle/working/real_text_10k_dataset/doc_g205_rot90.jpg,1,90,2049366585.tif,train
205,/kaggle/working/real_text_10k_dataset/doc_g205_rot180.jpg,2,180,2049366585.tif,train
205,/kaggle/working/real_text_10k_dataset/doc_g205_rot270.jpg,3,270,2049366585.tif,train
206,/kaggle/working/real_text_10k_dataset/doc_g206_rot0.jpg,0,0,receipt_00003.png,train
206,/kaggle/working/real_text_10k_dataset/doc_g206_rot90.jpg,1,90,receipt_00003.png,train
206,/kaggle/working/real_text_10k_dataset/doc_g206_rot180.jpg,2,180,receipt_00003.png,train
206,/kaggle/working/real_text_10k_dataset/doc_g206_rot270.jpg,3,270,receipt_00003.png,train
207,/kaggle/working/real_text_10k_dataset/doc_g207_rot0.jpg,0,0,2061567488.tif,train
207,/kaggle/working/real_text_10k_dataset/doc_g207_rot90.jpg,1,90,2061567488.tif,train
207,/kaggle/working/real_text_10k_dataset/doc_g207_rot180.jpg,2,180,2061567488.tif,train
207,/kaggle/working/real_text_10k_dataset/doc_g207_rot270.jpg,3,270,2061567488.tif,train
208,/kaggle/working/real_text_10k_dataset/doc_g208_rot0.jpg,0,0,2085108448d.tif,test
208,/kaggle/working/real_text_10k_dataset/doc_g208_rot90.jpg,1,90,2085108448d.tif,test
208,/kaggle/working/real_text_10k_dataset/doc_g208_rot180.jpg,2,180,2085108448d.tif,test
208,/kaggle/working/real_text_10k_dataset/doc_g208_rot270.jpg,3,270,2085108448d.tif,test
209,/kaggle/working/real_text_10k_dataset/doc_g209_rot0.jpg,0,0,2501298212_2501298214.tif,train
209,/kaggle/working/real_text_10k_dataset/doc_g209_rot90.jpg,1,90,2501298212_2501298214.tif,train
209,/kaggle/working/real_text_10k_dataset/doc_g209_rot180.jpg,2,180,2501298212_2501298214.tif,train
209,/kaggle/working/real_text_10k_dataset/doc_g209_rot270.jpg,3,270,2501298212_2501298214.tif,train
210,/kaggle/working/real_text_10k_dataset/doc_g210_rot0.jpg,0,0,2030801001.tif,val
210,/kaggle/working/real_text_10k_dataset/doc_g210_rot90.jpg,1,90,2030801001.tif,val
210,/kaggle/working/real_text_10k_dataset/doc_g210_rot180.jpg,2,180,2030801001.tif,val
210,/kaggle/working/real_text_10k_dataset/doc_g210_rot270.jpg,3,270,2030801001.tif,val
211,/kaggle/working/real_text_10k_dataset/doc_g211_rot0.jpg,0,0,2028908682.tif,test
211,/kaggle/working/real_text_10k_dataset/doc_g211_rot90.jpg,1,90,2028908682.tif,test
211,/kaggle/working/real_text_10k_dataset/doc_g211_rot180.jpg,2,180,2028908682.tif,test
211,/kaggle/working/real_text_10k_dataset/doc_g211_rot270.jpg,3,270,2028908682.tif,test
212,/kaggle/working/real_text_10k_dataset/doc_g212_rot0.jpg,0,0,receipt_00145.png,val
212,/kaggle/working/real_text_10k_dataset/doc_g212_rot90.jpg,1,90,receipt_00145.png,val
212,/kaggle/working/real_text_10k_dataset/doc_g212_rot180.jpg,2,180,receipt_00145.png,val
212,/kaggle/working/real_text_10k_dataset/doc_g212_rot270.jpg,3,270,receipt_00145.png,val
213,/kaggle/working/real_text_10k_dataset/doc_g213_rot0.jpg,0,0,506067699.tif,train
213,/kaggle/working/real_text_10k_dataset/doc_g213_rot90.jpg,1,90,506067699.tif,train
213,/kaggle/working/real_text_10k_dataset/doc_g213_rot180.jpg,2,180,506067699.tif,train
213,/kaggle/working/real_text_10k_dataset/doc_g213_rot270.jpg,3,270,506067699.tif,train
214,/kaggle/working/real_text_10k_dataset/doc_g214_rot0.jpg,0,0,50415233-5233.tif,train
214,/kaggle/working/real_text_10k_dataset/doc_g214_rot90.jpg,1,90,50415233-5233.tif,train
214,/kaggle/working/real_text_10k_dataset/doc_g214_rot180.jpg,2,180,50415233-5233.tif,train
214,/kaggle/working/real_text_10k_dataset/doc_g214_rot270.jpg,3,270,50415233-5233.tif,train
215,/kaggle/working/real_text_10k_dataset/doc_g215_rot0.jpg,0,0,2057467409_2057467410.tif,train
215,/kaggle/working/real_text_10k_dataset/doc_g215_rot90.jpg,1,90,2057467409_2057467410.tif,train
215,/kaggle/working/real_text_10k_dataset/doc_g215_rot180.jpg,2,180,2057467409_2057467410.tif,train
215,/kaggle/working/real_text_10k_dataset/doc_g215_rot270.jpg,3,270,2057467409_2057467410.tif,train
216,/kaggle/working/real_text_10k_dataset/doc_g216_rot0.jpg,0,0,87230289.tif,train
216,/kaggle/working/real_text_10k_dataset/doc_g216_rot90.jpg,1,90,87230289.tif,train
216,/kaggle/working/real_text_10k_dataset/doc_g216_rot180.jpg,2,180,87230289.tif,train
216,/kaggle/working/real_text_10k_dataset/doc_g216_rot270.jpg,3,270,87230289.tif,train
217,/kaggle/working/real_text_10k_dataset/doc_g217_rot0.jpg,0,0,2069726818.tif,train
217,/kaggle/working/real_text_10k_dataset/doc_g217_rot90.jpg,1,90,2069726818.tif,train
217,/kaggle/working/real_text_10k_dataset/doc_g217_rot180.jpg,2,180,2069726818.tif,train
217,/kaggle/working/real_text_10k_dataset/doc_g217_rot270.jpg,3,270,2069726818.tif,train
218,/kaggle/working/real_text_10k_dataset/doc_g218_rot0.jpg,0,0,188.jpg,test
218,/kaggle/working/real_text_10k_dataset/doc_g218_rot90.jpg,1,90,188.jpg,test
218,/kaggle/working/real_text_10k_dataset/doc_g218_rot180.jpg,2,180,188.jpg,test
218,/kaggle/working/real_text_10k_dataset/doc_g218_rot270.jpg,3,270,188.jpg,test
219,/kaggle/working/real_text_10k_dataset/doc_g219_rot0.jpg,0,0,516803583+-3585.tif,train
219,/kaggle/working/real_text_10k_dataset/doc_g219_rot90.jpg,1,90,516803583+-3585.tif,train
219,/kaggle/working/real_text_10k_dataset/doc_g219_rot180.jpg,2,180,516803583+-3585.tif,train
219,/kaggle/working/real_text_10k_dataset/doc_g219_rot270.jpg,3,270,516803583+-3585.tif,train
220,/kaggle/working/real_text_10k_dataset/doc_g220_rot0.jpg,0,0,504526226.tif,test
220,/kaggle/working/real_text_10k_dataset/doc_g220_rot90.jpg,1,90,504526226.tif,test
220,/kaggle/working/real_text_10k_dataset/doc_g220_rot180.jpg,2,180,504526226.tif,test
220,/kaggle/working/real_text_10k_dataset/doc_g220_rot270.jpg,3,270,504526226.tif,test
221,/kaggle/working/real_text_10k_dataset/doc_g221_rot0.jpg,0,0,2073890000.tif,train
221,/kaggle/working/real_text_10k_dataset/doc_g221_rot90.jpg,1,90,2073890000.tif,train
221,/kaggle/working/real_text_10k_dataset/doc_g221_rot180.jpg,2,180,2073890000.tif,train
221,/kaggle/working/real_text_10k_dataset/doc_g221_rot270.jpg,3,270,2073890000.tif,train
222,/kaggle/working/real_text_10k_dataset/doc_g222_rot0.jpg,0,0,89976826_6831.tif,train
222,/kaggle/working/real_text_10k_dataset/doc_g222_rot90.jpg,1,90,89976826_6831.tif,train
222,/kaggle/working/real_text_10k_dataset/doc_g222_rot180.jpg,2,180,89976826_6831.tif,train
222,/kaggle/working/real_text_10k_dataset/doc_g222_rot270.jpg,3,270,89976826_6831.tif,train
223,/kaggle/working/real_text_10k_dataset/doc_g223_rot0.jpg,0,0,517757230+-7231.tif,train
223,/kaggle/working/real_text_10k_dataset/doc_g223_rot90.jpg,1,90,517757230+-7231.tif,train
223,/kaggle/working/real_text_10k_dataset/doc_g223_rot180.jpg,2,180,517757230+-7231.tif,train
223,/kaggle/working/real_text_10k_dataset/doc_g223_rot270.jpg,3,270,517757230+-7231.tif,train
224,/kaggle/working/real_text_10k_dataset/doc_g224_rot0.jpg,0,0,80680131.tif,train
224,/kaggle/working/real_text_10k_dataset/doc_g224_rot90.jpg,1,90,80680131.tif,train
224,/kaggle/working/real_text_10k_dataset/doc_g224_rot180.jpg,2,180,80680131.tif,train
224,/kaggle/working/real_text_10k_dataset/doc_g224_rot270.jpg,3,270,80680131.tif,train
225,/kaggle/working/real_text_10k_dataset/doc_g225_rot0.jpg,0,0,88189545_88189581.tif,train
225,/kaggle/working/real_text_10k_dataset/doc_g225_rot90.jpg,1,90,88189545_88189581.tif,train
225,/kaggle/working/real_text_10k_dataset/doc_g225_rot180.jpg,2,180,88189545_88189581.tif,train
225,/kaggle/working/real_text_10k_dataset/doc_g225_rot270.jpg,3,270,88189545_88189581.tif,train
226,/kaggle/working/real_text_10k_dataset/doc_g226_rot0.jpg,0,0,2050756306.tif,train
226,/kaggle/working/real_text_10k_dataset/doc_g226_rot90.jpg,1,90,2050756306.tif,train
226,/kaggle/working/real_text_10k_dataset/doc_g226_rot180.jpg,2,180,2050756306.tif,train
226,/kaggle/working/real_text_10k_dataset/doc_g226_rot270.jpg,3,270,2050756306.tif,train
227,/kaggle/working/real_text_10k_dataset/doc_g227_rot0.jpg,0,0,2045467902_2045467903.tif,train
227,/kaggle/working/real_text_10k_dataset/doc_g227_rot90.jpg,1,90,2045467902_2045467903.tif,train
227,/kaggle/working/real_text_10k_dataset/doc_g227_rot180.jpg,2,180,2045467902_2045467903.tif,train
227,/kaggle/working/real_text_10k_dataset/doc_g227_rot270.jpg,3,270,2045467902_2045467903.tif,train
228,/kaggle/working/real_text_10k_dataset/doc_g228_rot0.jpg,0,0,2078173040.tif,train
228,/kaggle/working/real_text_10k_dataset/doc_g228_rot90.jpg,1,90,2078173040.tif,train
228,/kaggle/working/real_text_10k_dataset/doc_g228_rot180.jpg,2,180,2078173040.tif,train
228,/kaggle/working/real_text_10k_dataset/doc_g228_rot270.jpg,3,270,2078173040.tif,train
229,/kaggle/working/real_text_10k_dataset/doc_g229_rot0.jpg,0,0,531278763+-8763.tif,val
229,/kaggle/working/real_text_10k_dataset/doc_g229_rot90.jpg,1,90,531278763+-8763.tif,val
229,/kaggle/working/real_text_10k_dataset/doc_g229_rot180.jpg,2,180,531278763+-8763.tif,val
229,/kaggle/working/real_text_10k_dataset/doc_g229_rot270.jpg,3,270,531278763+-8763.tif,val
230,/kaggle/working/real_text_10k_dataset/doc_g230_rot0.jpg,0,0,2028744280_2028744281.tif,train
230,/kaggle/working/real_text_10k_dataset/doc_g230_rot90.jpg,1,90,2028744280_2028744281.tif,train
230,/kaggle/working/real_text_10k_dataset/doc_g230_rot180.jpg,2,180,2028744280_2028744281.tif,train
230,/kaggle/working/real_text_10k_dataset/doc_g230_rot270.jpg,3,270,2028744280_2028744281.tif,train
231,/kaggle/working/real_text_10k_dataset/doc_g231_rot0.jpg,0,0,512217704_512217717.tif,test
231,/kaggle/working/real_text_10k_dataset/doc_g231_rot90.jpg,1,90,512217704_512217717.tif,test
231,/kaggle/working/real_text_10k_dataset/doc_g231_rot180.jpg,2,180,512217704_512217717.tif,test
231,/kaggle/working/real_text_10k_dataset/doc_g231_rot270.jpg,3,270,512217704_512217717.tif,test
232,/kaggle/working/real_text_10k_dataset/doc_g232_rot0.jpg,0,0,0001219540.tif,train
232,/kaggle/working/real_text_10k_dataset/doc_g232_rot90.jpg,1,90,0001219540.tif,train
232,/kaggle/working/real_text_10k_dataset/doc_g232_rot180.jpg,2,180,0001219540.tif,train
232,/kaggle/working/real_text_10k_dataset/doc_g232_rot270.jpg,3,270,0001219540.tif,train
233,/kaggle/working/real_text_10k_dataset/doc_g233_rot0.jpg,0,0,tob11706.76.tif,val
233,/kaggle/working/real_text_10k_dataset/doc_g233_rot90.jpg,1,90,tob11706.76.tif,val
233,/kaggle/working/real_text_10k_dataset/doc_g233_rot180.jpg,2,180,tob11706.76.tif,val
233,/kaggle/working/real_text_10k_dataset/doc_g233_rot270.jpg,3,270,tob11706.76.tif,val
234,/kaggle/working/real_text_10k_dataset/doc_g234_rot0.jpg,0,0,0001248968.tif,train
234,/kaggle/working/real_text_10k_dataset/doc_g234_rot90.jpg,1,90,0001248968.tif,train
234,/kaggle/working/real_text_10k_dataset/doc_g234_rot180.jpg,2,180,0001248968.tif,train
234,/kaggle/working/real_text_10k_dataset/doc_g234_rot270.jpg,3,270,0001248968.tif,train
235,/kaggle/working/real_text_10k_dataset/doc_g235_rot0.jpg,0,0,2022152956.tif,train
235,/kaggle/working/real_text_10k_dataset/doc_g235_rot90.jpg,1,90,2022152956.tif,train
235,/kaggle/working/real_text_10k_dataset/doc_g235_rot180.jpg,2,180,2022152956.tif,train
235,/kaggle/working/real_text_10k_dataset/doc_g235_rot270.jpg,3,270,2022152956.tif,train
236,/kaggle/working/real_text_10k_dataset/doc_g236_rot0.jpg,0,0,0000445768.tif,train
236,/kaggle/working/real_text_10k_dataset/doc_g236_rot90.jpg,1,90,0000445768.tif,train
236,/kaggle/working/real_text_10k_dataset/doc_g236_rot180.jpg,2,180,0000445768.tif,train
236,/kaggle/working/real_text_10k_dataset/doc_g236_rot270.jpg,3,270,0000445768.tif,train
237,/kaggle/working/real_text_10k_dataset/doc_g237_rot0.jpg,0,0,10355830.tif,test
237,/kaggle/working/real_text_10k_dataset/doc_g237_rot90.jpg,1,90,10355830.tif,test
237,/kaggle/working/real_text_10k_dataset/doc_g237_rot180.jpg,2,180,10355830.tif,test
237,/kaggle/working/real_text_10k_dataset/doc_g237_rot270.jpg,3,270,10355830.tif,test
238,/kaggle/working/real_text_10k_dataset/doc_g238_rot0.jpg,0,0,50229808-9814.tif,train
238,/kaggle/working/real_text_10k_dataset/doc_g238_rot90.jpg,1,90,50229808-9814.tif,train
238,/kaggle/working/real_text_10k_dataset/doc_g238_rot180.jpg,2,180,50229808-9814.tif,train
238,/kaggle/working/real_text_10k_dataset/doc_g238_rot270.jpg,3,270,50229808-9814.tif,train
239,/kaggle/working/real_text_10k_dataset/doc_g239_rot0.jpg,0,0,92525634.tif,val
239,/kaggle/working/real_text_10k_dataset/doc_g239_rot90.jpg,1,90,92525634.tif,val
239,/kaggle/working/real_text_10k_dataset/doc_g239_rot180.jpg,2,180,92525634.tif,val
239,/kaggle/working/real_text_10k_dataset/doc_g239_rot270.jpg,3,270,92525634.tif,val
240,/kaggle/working/real_text_10k_dataset/doc_g240_rot0.jpg,0,0,2062101595.tif,test
240,/kaggle/working/real_text_10k_dataset/doc_g240_rot90.jpg,1,90,2062101595.tif,test
240,/kaggle/working/real_text_10k_dataset/doc_g240_rot180.jpg,2,180,2062101595.tif,test
240,/kaggle/working/real_text_10k_dataset/doc_g240_rot270.jpg,3,270,2062101595.tif,test
241,/kaggle/working/real_text_10k_dataset/doc_g241_rot0.jpg,0,0,2077097415.tif,train
241,/kaggle/working/real_text_10k_dataset/doc_g241_rot90.jpg,1,90,2077097415.tif,train
241,/kaggle/working/real_text_10k_dataset/doc_g241_rot180.jpg,2,180,2077097415.tif,train
241,/kaggle/working/real_text_10k_dataset/doc_g241_rot270.jpg,3,270,2077097415.tif,train
242,/kaggle/working/real_text_10k_dataset/doc_g242_rot0.jpg,0,0,50305155-5156.tif,train
242,/kaggle/working/real_text_10k_dataset/doc_g242_rot90.jpg,1,90,50305155-5156.tif,train
242,/kaggle/working/real_text_10k_dataset/doc_g242_rot180.jpg,2,180,50305155-5156.tif,train
242,/kaggle/working/real_text_10k_dataset/doc_g242_rot270.jpg,3,270,50305155-5156.tif,train
243,/kaggle/working/real_text_10k_dataset/doc_g243_rot0.jpg,0,0,2069740837.tif,train
243,/kaggle/working/real_text_10k_dataset/doc_g243_rot90.jpg,1,90,2069740837.tif,train
243,/kaggle/working/real_text_10k_dataset/doc_g243_rot180.jpg,2,180,2069740837.tif,train
243,/kaggle/working/real_text_10k_dataset/doc_g243_rot270.jpg,3,270,2069740837.tif,train
245,/kaggle/working/real_text_10k_dataset/doc_g245_rot0.jpg,0,0,2063793965_3968.tif,train
245,/kaggle/working/real_text_10k_dataset/doc_g245_rot90.jpg,1,90,2063793965_3968.tif,train
245,/kaggle/working/real_text_10k_dataset/doc_g245_rot180.jpg,2,180,2063793965_3968.tif,train
245,/kaggle/working/real_text_10k_dataset/doc_g245_rot270.jpg,3,270,2063793965_3968.tif,train
246,/kaggle/working/real_text_10k_dataset/doc_g246_rot0.jpg,0,0,1001814705_1001814708.tif,train
246,/kaggle/working/real_text_10k_dataset/doc_g246_rot90.jpg,1,90,1001814705_1001814708.tif,train
246,/kaggle/working/real_text_10k_dataset/doc_g246_rot180.jpg,2,180,1001814705_1001814708.tif,train
246,/kaggle/working/real_text_10k_dataset/doc_g246_rot270.jpg,3,270,1001814705_1001814708.tif,train
247,/kaggle/working/real_text_10k_dataset/doc_g247_rot0.jpg,0,0,2069724081.tif,test
247,/kaggle/working/real_text_10k_dataset/doc_g247_rot90.jpg,1,90,2069724081.tif,test
247,/kaggle/working/real_text_10k_dataset/doc_g247_rot180.jpg,2,180,2069724081.tif,test
247,/kaggle/working/real_text_10k_dataset/doc_g247_rot270.jpg,3,270,2069724081.tif,test
248,/kaggle/working/real_text_10k_dataset/doc_g248_rot0.jpg,0,0,ti17181839.tif,val
248,/kaggle/working/real_text_10k_dataset/doc_g248_rot90.jpg,1,90,ti17181839.tif,val
248,/kaggle/working/real_text_10k_dataset/doc_g248_rot180.jpg,2,180,ti17181839.tif,val
248,/kaggle/working/real_text_10k_dataset/doc_g248_rot270.jpg,3,270,ti17181839.tif,val
249,/kaggle/working/real_text_10k_dataset/doc_g249_rot0.jpg,0,0,0001231623.tif,train
249,/kaggle/working/real_text_10k_dataset/doc_g249_rot90.jpg,1,90,0001231623.tif,train
249,/kaggle/working/real_text_10k_dataset/doc_g249_rot180.jpg,2,180,0001231623.tif,train
249,/kaggle/working/real_text_10k_dataset/doc_g249_rot270.jpg,3,270,0001231623.tif,train
250,/kaggle/working/real_text_10k_dataset/doc_g250_rot0.jpg,0,0,50314265-4265.tif,train
250,/kaggle/working/real_text_10k_dataset/doc_g250_rot90.jpg,1,90,50314265-4265.tif,train
250,/kaggle/working/real_text_10k_dataset/doc_g250_rot180.jpg,2,180,50314265-4265.tif,train
250,/kaggle/working/real_text_10k_dataset/doc_g250_rot270.jpg,3,270,50314265-4265.tif,train
251,/kaggle/working/real_text_10k_dataset/doc_g251_rot0.jpg,0,0,517238133+-8134.tif,train
251,/kaggle/working/real_text_10k_dataset/doc_g251_rot90.jpg,1,90,517238133+-8134.tif,train
251,/kaggle/working/real_text_10k_dataset/doc_g251_rot180.jpg,2,180,517238133+-8134.tif,train
251,/kaggle/working/real_text_10k_dataset/doc_g251_rot270.jpg,3,270,517238133+-8134.tif,train
252,/kaggle/working/real_text_10k_dataset/doc_g252_rot0.jpg,0,0,2048567458.tif,test
252,/kaggle/working/real_text_10k_dataset/doc_g252_rot90.jpg,1,90,2048567458.tif,test
252,/kaggle/working/real_text_10k_dataset/doc_g252_rot180.jpg,2,180,2048567458.tif,test
252,/kaggle/working/real_text_10k_dataset/doc_g252_rot270.jpg,3,270,2048567458.tif,test
253,/kaggle/working/real_text_10k_dataset/doc_g253_rot0.jpg,0,0,2073453952_3962.tif,test
253,/kaggle/working/real_text_10k_dataset/doc_g253_rot90.jpg,1,90,2073453952_3962.tif,test
253,/kaggle/working/real_text_10k_dataset/doc_g253_rot180.jpg,2,180,2073453952_3962.tif,test
253,/kaggle/working/real_text_10k_dataset/doc_g253_rot270.jpg,3,270,2073453952_3962.tif,test
254,/kaggle/working/real_text_10k_dataset/doc_g254_rot0.jpg,0,0,2080924889.tif,train
254,/kaggle/working/real_text_10k_dataset/doc_g254_rot90.jpg,1,90,2080924889.tif,train
254,/kaggle/working/real_text_10k_dataset/doc_g254_rot180.jpg,2,180,2080924889.tif,train
254,/kaggle/working/real_text_10k_dataset/doc_g254_rot270.jpg,3,270,2080924889.tif,train
255,/kaggle/working/real_text_10k_dataset/doc_g255_rot0.jpg,0,0,50301501-1503.tif,val
255,/kaggle/working/real_text_10k_dataset/doc_g255_rot90.jpg,1,90,50301501-1503.tif,val
255,/kaggle/working/real_text_10k_dataset/doc_g255_rot180.jpg,2,180,50301501-1503.tif,val
255,/kaggle/working/real_text_10k_dataset/doc_g255_rot270.jpg,3,270,50301501-1503.tif,val
256,/kaggle/working/real_text_10k_dataset/doc_g256_rot0.jpg,0,0,2041379205_2041379208.tif,train
256,/kaggle/working/real_text_10k_dataset/doc_g256_rot90.jpg,1,90,2041379205_2041379208.tif,train
256,/kaggle/working/real_text_10k_dataset/doc_g256_rot180.jpg,2,180,2041379205_2041379208.tif,train
256,/kaggle/working/real_text_10k_dataset/doc_g256_rot270.jpg,3,270,2041379205_2041379208.tif,train
257,/kaggle/working/real_text_10k_dataset/doc_g257_rot0.jpg,0,0,tob02426.41.tif,train
257,/kaggle/working/real_text_10k_dataset/doc_g257_rot90.jpg,1,90,tob02426.41.tif,train
257,/kaggle/working/real_text_10k_dataset/doc_g257_rot180.jpg,2,180,tob02426.41.tif,train
257,/kaggle/working/real_text_10k_dataset/doc_g257_rot270.jpg,3,270,tob02426.41.tif,train
258,/kaggle/working/real_text_10k_dataset/doc_g258_rot0.jpg,0,0,82340750.tif,train
258,/kaggle/working/real_text_10k_dataset/doc_g258_rot90.jpg,1,90,82340750.tif,train
258,/kaggle/working/real_text_10k_dataset/doc_g258_rot180.jpg,2,180,82340750.tif,train
258,/kaggle/working/real_text_10k_dataset/doc_g258_rot270.jpg,3,270,82340750.tif,train
259,/kaggle/working/real_text_10k_dataset/doc_g259_rot0.jpg,0,0,522772540+-2542.tif,train
259,/kaggle/working/real_text_10k_dataset/doc_g259_rot90.jpg,1,90,522772540+-2542.tif,train
259,/kaggle/working/real_text_10k_dataset/doc_g259_rot180.jpg,2,180,522772540+-2542.tif,train
259,/kaggle/working/real_text_10k_dataset/doc_g259_rot270.jpg,3,270,522772540+-2542.tif,train
260,/kaggle/working/real_text_10k_dataset/doc_g260_rot0.jpg,0,0,1003181286.tif,val
260,/kaggle/working/real_text_10k_dataset/doc_g260_rot90.jpg,1,90,1003181286.tif,val
260,/kaggle/working/real_text_10k_dataset/doc_g260_rot180.jpg,2,180,1003181286.tif,val
260,/kaggle/working/real_text_10k_dataset/doc_g260_rot270.jpg,3,270,1003181286.tif,val
261,/kaggle/working/real_text_10k_dataset/doc_g261_rot0.jpg,0,0,501657017+-7017.tif,train
261,/kaggle/working/real_text_10k_dataset/doc_g261_rot90.jpg,1,90,501657017+-7017.tif,train
261,/kaggle/working/real_text_10k_dataset/doc_g261_rot180.jpg,2,180,501657017+-7017.tif,train
261,/kaggle/working/real_text_10k_dataset/doc_g261_rot270.jpg,3,270,501657017+-7017.tif,train
262,/kaggle/working/real_text_10k_dataset/doc_g262_rot0.jpg,0,0,2057667808.tif,train
262,/kaggle/working/real_text_10k_dataset/doc_g262_rot90.jpg,1,90,2057667808.tif,train
262,/kaggle/working/real_text_10k_dataset/doc_g262_rot180.jpg,2,180,2057667808.tif,train
262,/kaggle/working/real_text_10k_dataset/doc_g262_rot270.jpg,3,270,2057667808.tif,train
263,/kaggle/working/real_text_10k_dataset/doc_g263_rot0.jpg,0,0,50527415-7417.tif,train
263,/kaggle/working/real_text_10k_dataset/doc_g263_rot90.jpg,1,90,50527415-7417.tif,train
263,/kaggle/working/real_text_10k_dataset/doc_g263_rot180.jpg,2,180,50527415-7417.tif,train
263,/kaggle/working/real_text_10k_dataset/doc_g263_rot270.jpg,3,270,50527415-7417.tif,train
264,/kaggle/working/real_text_10k_dataset/doc_g264_rot0.jpg,0,0,2072949283a.tif,train
264,/kaggle/working/real_text_10k_dataset/doc_g264_rot90.jpg,1,90,2072949283a.tif,train
264,/kaggle/working/real_text_10k_dataset/doc_g264_rot180.jpg,2,180,2072949283a.tif,train
264,/kaggle/working/real_text_10k_dataset/doc_g264_rot270.jpg,3,270,2072949283a.tif,train
265,/kaggle/working/real_text_10k_dataset/doc_g265_rot0.jpg,0,0,91880685.tif,train
265,/kaggle/working/real_text_10k_dataset/doc_g265_rot90.jpg,1,90,91880685.tif,train
265,/kaggle/working/real_text_10k_dataset/doc_g265_rot180.jpg,2,180,91880685.tif,train
265,/kaggle/working/real_text_10k_dataset/doc_g265_rot270.jpg,3,270,91880685.tif,train
266,/kaggle/working/real_text_10k_dataset/doc_g266_rot0.jpg,0,0,X51005230648.jpg,train
266,/kaggle/working/real_text_10k_dataset/doc_g266_rot90.jpg,1,90,X51005230648.jpg,train
266,/kaggle/working/real_text_10k_dataset/doc_g266_rot180.jpg,2,180,X51005230648.jpg,train
266,/kaggle/working/real_text_10k_dataset/doc_g266_rot270.jpg,3,270,X51005230648.jpg,train
267,/kaggle/working/real_text_10k_dataset/doc_g267_rot0.jpg,0,0,10357206_10357210.tif,train
267,/kaggle/working/real_text_10k_dataset/doc_g267_rot90.jpg,1,90,10357206_10357210.tif,train
267,/kaggle/working/real_text_10k_dataset/doc_g267_rot180.jpg,2,180,10357206_10357210.tif,train
267,/kaggle/working/real_text_10k_dataset/doc_g267_rot270.jpg,3,270,10357206_10357210.tif,train
268,/kaggle/working/real_text_10k_dataset/doc_g268_rot0.jpg,0,0,2080202168.tif,train
268,/kaggle/working/real_text_10k_dataset/doc_g268_rot90.jpg,1,90,2080202168.tif,train
268,/kaggle/working/real_text_10k_dataset/doc_g268_rot180.jpg,2,180,2080202168.tif,train
268,/kaggle/working/real_text_10k_dataset/doc_g268_rot270.jpg,3,270,2080202168.tif,train
269,/kaggle/working/real_text_10k_dataset/doc_g269_rot0.jpg,0,0,receipt_00068.png,train
269,/kaggle/working/real_text_10k_dataset/doc_g269_rot90.jpg,1,90,receipt_00068.png,train
269,/kaggle/working/real_text_10k_dataset/doc_g269_rot180.jpg,2,180,receipt_00068.png,train
269,/kaggle/working/real_text_10k_dataset/doc_g269_rot270.jpg,3,270,receipt_00068.png,train
270,/kaggle/working/real_text_10k_dataset/doc_g270_rot0.jpg,0,0,0060274090.tif,train
270,/kaggle/working/real_text_10k_dataset/doc_g270_rot90.jpg,1,90,0060274090.tif,train
270,/kaggle/working/real_text_10k_dataset/doc_g270_rot180.jpg,2,180,0060274090.tif,train
270,/kaggle/working/real_text_10k_dataset/doc_g270_rot270.jpg,3,270,0060274090.tif,train
271,/kaggle/working/real_text_10k_dataset/doc_g271_rot0.jpg,0,0,2501591175_2501591216.tif,train
271,/kaggle/working/real_text_10k_dataset/doc_g271_rot90.jpg,1,90,2501591175_2501591216.tif,train
271,/kaggle/working/real_text_10k_dataset/doc_g271_rot180.jpg,2,180,2501591175_2501591216.tif,train
271,/kaggle/working/real_text_10k_dataset/doc_g271_rot270.jpg,3,270,2501591175_2501591216.tif,train
272,/kaggle/working/real_text_10k_dataset/doc_g272_rot0.jpg,0,0,2024948739.tif,train
272,/kaggle/working/real_text_10k_dataset/doc_g272_rot90.jpg,1,90,2024948739.tif,train
272,/kaggle/working/real_text_10k_dataset/doc_g272_rot180.jpg,2,180,2024948739.tif,train
272,/kaggle/working/real_text_10k_dataset/doc_g272_rot270.jpg,3,270,2024948739.tif,train
273,/kaggle/working/real_text_10k_dataset/doc_g273_rot0.jpg,0,0,2078113728_3729.tif,train
273,/kaggle/working/real_text_10k_dataset/doc_g273_rot90.jpg,1,90,2078113728_3729.tif,train
273,/kaggle/working/real_text_10k_dataset/doc_g273_rot180.jpg,2,180,2078113728_3729.tif,train
273,/kaggle/working/real_text_10k_dataset/doc_g273_rot270.jpg,3,270,2078113728_3729.tif,train
274,/kaggle/working/real_text_10k_dataset/doc_g274_rot0.jpg,0,0,0060102454.tif,train
274,/kaggle/working/real_text_10k_dataset/doc_g274_rot90.jpg,1,90,0060102454.tif,train
274,/kaggle/working/real_text_10k_dataset/doc_g274_rot180.jpg,2,180,0060102454.tif,train
274,/kaggle/working/real_text_10k_dataset/doc_g274_rot270.jpg,3,270,0060102454.tif,train
275,/kaggle/working/real_text_10k_dataset/doc_g275_rot0.jpg,0,0,86087202_7203.tif,train
275,/kaggle/working/real_text_10k_dataset/doc_g275_rot90.jpg,1,90,86087202_7203.tif,train
275,/kaggle/working/real_text_10k_dataset/doc_g275_rot180.jpg,2,180,86087202_7203.tif,train
275,/kaggle/working/real_text_10k_dataset/doc_g275_rot270.jpg,3,270,86087202_7203.tif,train
276,/kaggle/working/real_text_10k_dataset/doc_g276_rot0.jpg,0,0,2021010261_2021010278.tif,train
276,/kaggle/working/real_text_10k_dataset/doc_g276_rot90.jpg,1,90,2021010261_2021010278.tif,train
276,/kaggle/working/real_text_10k_dataset/doc_g276_rot180.jpg,2,180,2021010261_2021010278.tif,train
276,/kaggle/working/real_text_10k_dataset/doc_g276_rot270.jpg,3,270,2021010261_2021010278.tif,train
277,/kaggle/working/real_text_10k_dataset/doc_g277_rot0.jpg,0,0,1003537554-a.tif,train
277,/kaggle/working/real_text_10k_dataset/doc_g277_rot90.jpg,1,90,1003537554-a.tif,train
277,/kaggle/working/real_text_10k_dataset/doc_g277_rot180.jpg,2,180,1003537554-a.tif,train
277,/kaggle/working/real_text_10k_dataset/doc_g277_rot270.jpg,3,270,1003537554-a.tif,train
278,/kaggle/working/real_text_10k_dataset/doc_g278_rot0.jpg,0,0,2031316769.tif,train
278,/kaggle/working/real_text_10k_dataset/doc_g278_rot90.jpg,1,90,2031316769.tif,train
278,/kaggle/working/real_text_10k_dataset/doc_g278_rot180.jpg,2,180,2031316769.tif,train
278,/kaggle/working/real_text_10k_dataset/doc_g278_rot270.jpg,3,270,2031316769.tif,train
279,/kaggle/working/real_text_10k_dataset/doc_g279_rot0.jpg,0,0,0000156419.tif,train
279,/kaggle/working/real_text_10k_dataset/doc_g279_rot90.jpg,1,90,0000156419.tif,train
279,/kaggle/working/real_text_10k_dataset/doc_g279_rot180.jpg,2,180,0000156419.tif,train
279,/kaggle/working/real_text_10k_dataset/doc_g279_rot270.jpg,3,270,0000156419.tif,train
280,/kaggle/working/real_text_10k_dataset/doc_g280_rot0.jpg,0,0,502595023.tif,test
280,/kaggle/working/real_text_10k_dataset/doc_g280_rot90.jpg,1,90,502595023.tif,test
280,/kaggle/working/real_text_10k_dataset/doc_g280_rot180.jpg,2,180,502595023.tif,test
280,/kaggle/working/real_text_10k_dataset/doc_g280_rot270.jpg,3,270,502595023.tif,test
281,/kaggle/working/real_text_10k_dataset/doc_g281_rot0.jpg,0,0,receipt_00226.png,train
281,/kaggle/working/real_text_10k_dataset/doc_g281_rot90.jpg,1,90,receipt_00226.png,train
281,/kaggle/working/real_text_10k_dataset/doc_g281_rot180.jpg,2,180,receipt_00226.png,train
281,/kaggle/working/real_text_10k_dataset/doc_g281_rot270.jpg,3,270,receipt_00226.png,train
282,/kaggle/working/real_text_10k_dataset/doc_g282_rot0.jpg,0,0,03010049.tif,train
282,/kaggle/working/real_text_10k_dataset/doc_g282_rot90.jpg,1,90,03010049.tif,train
282,/kaggle/working/real_text_10k_dataset/doc_g282_rot180.jpg,2,180,03010049.tif,train
282,/kaggle/working/real_text_10k_dataset/doc_g282_rot270.jpg,3,270,03010049.tif,train
283,/kaggle/working/real_text_10k_dataset/doc_g283_rot0.jpg,0,0,505358830+-8831.tif,test
283,/kaggle/working/real_text_10k_dataset/doc_g283_rot90.jpg,1,90,505358830+-8831.tif,test
283,/kaggle/working/real_text_10k_dataset/doc_g283_rot180.jpg,2,180,505358830+-8831.tif,test
283,/kaggle/working/real_text_10k_dataset/doc_g283_rot270.jpg,3,270,505358830+-8831.tif,test
284,/kaggle/working/real_text_10k_dataset/doc_g284_rot0.jpg,0,0,50462293-2294.tif,train
284,/kaggle/working/real_text_10k_dataset/doc_g284_rot90.jpg,1,90,50462293-2294.tif,train
284,/kaggle/working/real_text_10k_dataset/doc_g284_rot180.jpg,2,180,50462293-2294.tif,train
284,/kaggle/working/real_text_10k_dataset/doc_g284_rot270.jpg,3,270,50462293-2294.tif,train
285,/kaggle/working/real_text_10k_dataset/doc_g285_rot0.jpg,0,0,2078615593_5635.tif,train
285,/kaggle/working/real_text_10k_dataset/doc_g285_rot90.jpg,1,90,2078615593_5635.tif,train
285,/kaggle/working/real_text_10k_dataset/doc_g285_rot180.jpg,2,180,2078615593_5635.tif,train
285,/kaggle/working/real_text_10k_dataset/doc_g285_rot270.jpg,3,270,2078615593_5635.tif,train
286,/kaggle/working/real_text_10k_dataset/doc_g286_rot0.jpg,0,0,2072301534.tif,train
286,/kaggle/working/real_text_10k_dataset/doc_g286_rot90.jpg,1,90,2072301534.tif,train
286,/kaggle/working/real_text_10k_dataset/doc_g286_rot180.jpg,2,180,2072301534.tif,train
286,/kaggle/working/real_text_10k_dataset/doc_g286_rot270.jpg,3,270,2072301534.tif,train
287,/kaggle/working/real_text_10k_dataset/doc_g287_rot0.jpg,0,0,2071863286c_3287.tif,train
287,/kaggle/working/real_text_10k_dataset/doc_g287_rot90.jpg,1,90,2071863286c_3287.tif,train
287,/kaggle/working/real_text_10k_dataset/doc_g287_rot180.jpg,2,180,2071863286c_3287.tif,train
287,/kaggle/working/real_text_10k_dataset/doc_g287_rot270.jpg,3,270,2071863286c_3287.tif,train
288,/kaggle/working/real_text_10k_dataset/doc_g288_rot0.jpg,0,0,87063881.tif,train
288,/kaggle/working/real_text_10k_dataset/doc_g288_rot90.jpg,1,90,87063881.tif,train
288,/kaggle/working/real_text_10k_dataset/doc_g288_rot180.jpg,2,180,87063881.tif,train
288,/kaggle/working/real_text_10k_dataset/doc_g288_rot270.jpg,3,270,87063881.tif,train
289,/kaggle/working/real_text_10k_dataset/doc_g289_rot0.jpg,0,0,92108496.tif,train
289,/kaggle/working/real_text_10k_dataset/doc_g289_rot90.jpg,1,90,92108496.tif,train
289,/kaggle/working/real_text_10k_dataset/doc_g289_rot180.jpg,2,180,92108496.tif,train
289,/kaggle/working/real_text_10k_dataset/doc_g289_rot270.jpg,3,270,92108496.tif,train
290,/kaggle/working/real_text_10k_dataset/doc_g290_rot0.jpg,0,0,82250532.tif,test
290,/kaggle/working/real_text_10k_dataset/doc_g290_rot90.jpg,1,90,82250532.tif,test
290,/kaggle/working/real_text_10k_dataset/doc_g290_rot180.jpg,2,180,82250532.tif,test
290,/kaggle/working/real_text_10k_dataset/doc_g290_rot270.jpg,3,270,82250532.tif,test
291,/kaggle/working/real_text_10k_dataset/doc_g291_rot0.jpg,0,0,2081206557_6558.tif,train
291,/kaggle/working/real_text_10k_dataset/doc_g291_rot90.jpg,1,90,2081206557_6558.tif,train
291,/kaggle/working/real_text_10k_dataset/doc_g291_rot180.jpg,2,180,2081206557_6558.tif,train
291,/kaggle/working/real_text_10k_dataset/doc_g291_rot270.jpg,3,270,2081206557_6558.tif,train
292,/kaggle/working/real_text_10k_dataset/doc_g292_rot0.jpg,0,0,2020136549_2020136553.tif,val
292,/kaggle/working/real_text_10k_dataset/doc_g292_rot90.jpg,1,90,2020136549_2020136553.tif,val
292,/kaggle/working/real_text_10k_dataset/doc_g292_rot180.jpg,2,180,2020136549_2020136553.tif,val
292,/kaggle/working/real_text_10k_dataset/doc_g292_rot270.jpg,3,270,2020136549_2020136553.tif,val
293,/kaggle/working/real_text_10k_dataset/doc_g293_rot0.jpg,0,0,2069712649.tif,train
293,/kaggle/working/real_text_10k_dataset/doc_g293_rot90.jpg,1,90,2069712649.tif,train
293,/kaggle/working/real_text_10k_dataset/doc_g293_rot180.jpg,2,180,2069712649.tif,train
293,/kaggle/working/real_text_10k_dataset/doc_g293_rot270.jpg,3,270,2069712649.tif,train
294,/kaggle/working/real_text_10k_dataset/doc_g294_rot0.jpg,0,0,2085189076.tif,train
294,/kaggle/working/real_text_10k_dataset/doc_g294_rot90.jpg,1,90,2085189076.tif,train
294,/kaggle/working/real_text_10k_dataset/doc_g294_rot180.jpg,2,180,2085189076.tif,train
294,/kaggle/working/real_text_10k_dataset/doc_g294_rot270.jpg,3,270,2085189076.tif,train
295,/kaggle/working/real_text_10k_dataset/doc_g295_rot0.jpg,0,0,2072572700.tif,train
295,/kaggle/working/real_text_10k_dataset/doc_g295_rot90.jpg,1,90,2072572700.tif,train
295,/kaggle/working/real_text_10k_dataset/doc_g295_rot180.jpg,2,180,2072572700.tif,train
295,/kaggle/working/real_text_10k_dataset/doc_g295_rot270.jpg,3,270,2072572700.tif,train
296,/kaggle/working/real_text_10k_dataset/doc_g296_rot0.jpg,0,0,504470732+-0732.tif,train
296,/kaggle/working/real_text_10k_dataset/doc_g296_rot90.jpg,1,90,504470732+-0732.tif,train
296,/kaggle/working/real_text_10k_dataset/doc_g296_rot180.jpg,2,180,504470732+-0732.tif,train
296,/kaggle/working/real_text_10k_dataset/doc_g296_rot270.jpg,3,270,504470732+-0732.tif,train
297,/kaggle/working/real_text_10k_dataset/doc_g297_rot0.jpg,0,0,2022880295_2022880306.tif,val
297,/kaggle/working/real_text_10k_dataset/doc_g297_rot90.jpg,1,90,2022880295_2022880306.tif,val
297,/kaggle/working/real_text_10k_dataset/doc_g297_rot180.jpg,2,180,2022880295_2022880306.tif,val
297,/kaggle/working/real_text_10k_dataset/doc_g297_rot270.jpg,3,270,2022880295_2022880306.tif,val
298,/kaggle/working/real_text_10k_dataset/doc_g298_rot0.jpg,0,0,2069733091.tif,train
298,/kaggle/working/real_text_10k_dataset/doc_g298_rot90.jpg,1,90,2069733091.tif,train
298,/kaggle/working/real_text_10k_dataset/doc_g298_rot180.jpg,2,180,2069733091.tif,train
298,/kaggle/working/real_text_10k_dataset/doc_g298_rot270.jpg,3,270,2069733091.tif,train
299,/kaggle/working/real_text_10k_dataset/doc_g299_rot0.jpg,0,0,X51005757292.jpg,val
299,/kaggle/working/real_text_10k_dataset/doc_g299_rot90.jpg,1,90,X51005757292.jpg,val
299,/kaggle/working/real_text_10k_dataset/doc_g299_rot180.jpg,2,180,X51005757292.jpg,val
299,/kaggle/working/real_text_10k_dataset/doc_g299_rot270.jpg,3,270,X51005757292.jpg,val
300,/kaggle/working/real_text_10k_dataset/doc_g300_rot0.jpg,0,0,2037032339.tif,test
300,/kaggle/working/real_text_10k_dataset/doc_g300_rot90.jpg,1,90,2037032339.tif,test
300,/kaggle/working/real_text_10k_dataset/doc_g300_rot180.jpg,2,180,2037032339.tif,test
300,/kaggle/working/real_text_10k_dataset/doc_g300_rot270.jpg,3,270,2037032339.tif,test
301,/kaggle/working/real_text_10k_dataset/doc_g301_rot0.jpg,0,0,80721675.tif,train
301,/kaggle/working/real_text_10k_dataset/doc_g301_rot90.jpg,1,90,80721675.tif,train
301,/kaggle/working/real_text_10k_dataset/doc_g301_rot180.jpg,2,180,80721675.tif,train
301,/kaggle/working/real_text_10k_dataset/doc_g301_rot270.jpg,3,270,80721675.tif,train
302,/kaggle/working/real_text_10k_dataset/doc_g302_rot0.jpg,0,0,2073683950.tif,train
302,/kaggle/working/real_text_10k_dataset/doc_g302_rot90.jpg,1,90,2073683950.tif,train
302,/kaggle/working/real_text_10k_dataset/doc_g302_rot180.jpg,2,180,2073683950.tif,train
302,/kaggle/working/real_text_10k_dataset/doc_g302_rot270.jpg,3,270,2073683950.tif,train
303,/kaggle/working/real_text_10k_dataset/doc_g303_rot0.jpg,0,0,2061671726.tif,train
303,/kaggle/working/real_text_10k_dataset/doc_g303_rot90.jpg,1,90,2061671726.tif,train
303,/kaggle/working/real_text_10k_dataset/doc_g303_rot180.jpg,2,180,2061671726.tif,train
303,/kaggle/working/real_text_10k_dataset/doc_g303_rot270.jpg,3,270,2061671726.tif,train
304,/kaggle/working/real_text_10k_dataset/doc_g304_rot0.jpg,0,0,86652159_2161.tif,train
304,/kaggle/working/real_text_10k_dataset/doc_g304_rot90.jpg,1,90,86652159_2161.tif,train
304,/kaggle/working/real_text_10k_dataset/doc_g304_rot180.jpg,2,180,86652159_2161.tif,train
304,/kaggle/working/real_text_10k_dataset/doc_g304_rot270.jpg,3,270,86652159_2161.tif,train
305,/kaggle/working/real_text_10k_dataset/doc_g305_rot0.jpg,0,0,2057461332_2057461333.tif,train
305,/kaggle/working/real_text_10k_dataset/doc_g305_rot90.jpg,1,90,2057461332_2057461333.tif,train
305,/kaggle/working/real_text_10k_dataset/doc_g305_rot180.jpg,2,180,2057461332_2057461333.tif,train
305,/kaggle/working/real_text_10k_dataset/doc_g305_rot270.jpg,3,270,2057461332_2057461333.tif,train
306,/kaggle/working/real_text_10k_dataset/doc_g306_rot0.jpg,0,0,2022907344.tif,train
306,/kaggle/working/real_text_10k_dataset/doc_g306_rot90.jpg,1,90,2022907344.tif,train
306,/kaggle/working/real_text_10k_dataset/doc_g306_rot180.jpg,2,180,2022907344.tif,train
306,/kaggle/working/real_text_10k_dataset/doc_g306_rot270.jpg,3,270,2022907344.tif,train
307,/kaggle/working/real_text_10k_dataset/doc_g307_rot0.jpg,0,0,0011571493.tif,train
307,/kaggle/working/real_text_10k_dataset/doc_g307_rot90.jpg,1,90,0011571493.tif,train
307,/kaggle/working/real_text_10k_dataset/doc_g307_rot180.jpg,2,180,0011571493.tif,train
307,/kaggle/working/real_text_10k_dataset/doc_g307_rot270.jpg,3,270,0011571493.tif,train
308,/kaggle/working/real_text_10k_dataset/doc_g308_rot0.jpg,0,0,0060122690.tif,train
308,/kaggle/working/real_text_10k_dataset/doc_g308_rot90.jpg,1,90,0060122690.tif,train
308,/kaggle/working/real_text_10k_dataset/doc_g308_rot180.jpg,2,180,0060122690.tif,train
308,/kaggle/working/real_text_10k_dataset/doc_g308_rot270.jpg,3,270,0060122690.tif,train
309,/kaggle/working/real_text_10k_dataset/doc_g309_rot0.jpg,0,0,506499095.tif,train
309,/kaggle/working/real_text_10k_dataset/doc_g309_rot90.jpg,1,90,506499095.tif,train
309,/kaggle/working/real_text_10k_dataset/doc_g309_rot180.jpg,2,180,506499095.tif,train
309,/kaggle/working/real_text_10k_dataset/doc_g309_rot270.jpg,3,270,506499095.tif,train
310,/kaggle/working/real_text_10k_dataset/doc_g310_rot0.jpg,0,0,2045003164.tif,train
310,/kaggle/working/real_text_10k_dataset/doc_g310_rot90.jpg,1,90,2045003164.tif,train
310,/kaggle/working/real_text_10k_dataset/doc_g310_rot180.jpg,2,180,2045003164.tif,train
310,/kaggle/working/real_text_10k_dataset/doc_g310_rot270.jpg,3,270,2045003164.tif,train
311,/kaggle/working/real_text_10k_dataset/doc_g311_rot0.jpg,0,0,2057478396_2057478405.tif,train
311,/kaggle/working/real_text_10k_dataset/doc_g311_rot90.jpg,1,90,2057478396_2057478405.tif,train
311,/kaggle/working/real_text_10k_dataset/doc_g311_rot180.jpg,2,180,2057478396_2057478405.tif,train
311,/kaggle/working/real_text_10k_dataset/doc_g311_rot270.jpg,3,270,2057478396_2057478405.tif,train
312,/kaggle/working/real_text_10k_dataset/doc_g312_rot0.jpg,0,0,89263468_89263475.tif,train
312,/kaggle/working/real_text_10k_dataset/doc_g312_rot90.jpg,1,90,89263468_89263475.tif,train
312,/kaggle/working/real_text_10k_dataset/doc_g312_rot180.jpg,2,180,89263468_89263475.tif,train
312,/kaggle/working/real_text_10k_dataset/doc_g312_rot270.jpg,3,270,89263468_89263475.tif,train
313,/kaggle/working/real_text_10k_dataset/doc_g313_rot0.jpg,0,0,2085589596.tif,train
313,/kaggle/working/real_text_10k_dataset/doc_g313_rot90.jpg,1,90,2085589596.tif,train
313,/kaggle/working/real_text_10k_dataset/doc_g313_rot180.jpg,2,180,2085589596.tif,train
313,/kaggle/working/real_text_10k_dataset/doc_g313_rot270.jpg,3,270,2085589596.tif,train
314,/kaggle/working/real_text_10k_dataset/doc_g314_rot0.jpg,0,0,508330972_508330974.tif,train
314,/kaggle/working/real_text_10k_dataset/doc_g314_rot90.jpg,1,90,508330972_508330974.tif,train
314,/kaggle/working/real_text_10k_dataset/doc_g314_rot180.jpg,2,180,508330972_508330974.tif,train
314,/kaggle/working/real_text_10k_dataset/doc_g314_rot270.jpg,3,270,508330972_508330974.tif,train
315,/kaggle/working/real_text_10k_dataset/doc_g315_rot0.jpg,0,0,528399921+-9921.tif,train
315,/kaggle/working/real_text_10k_dataset/doc_g315_rot90.jpg,1,90,528399921+-9921.tif,train
315,/kaggle/working/real_text_10k_dataset/doc_g315_rot180.jpg,2,180,528399921+-9921.tif,train
315,/kaggle/working/real_text_10k_dataset/doc_g315_rot270.jpg,3,270,528399921+-9921.tif,train
316,/kaggle/working/real_text_10k_dataset/doc_g316_rot0.jpg,0,0,522282764+-2765.tif,train
316,/kaggle/working/real_text_10k_dataset/doc_g316_rot90.jpg,1,90,522282764+-2765.tif,train
316,/kaggle/working/real_text_10k_dataset/doc_g316_rot180.jpg,2,180,522282764+-2765.tif,train
316,/kaggle/working/real_text_10k_dataset/doc_g316_rot270.jpg,3,270,522282764+-2765.tif,train
317,/kaggle/working/real_text_10k_dataset/doc_g317_rot0.jpg,0,0,2085781179.tif,train
317,/kaggle/working/real_text_10k_dataset/doc_g317_rot90.jpg,1,90,2085781179.tif,train
317,/kaggle/working/real_text_10k_dataset/doc_g317_rot180.jpg,2,180,2085781179.tif,train
317,/kaggle/working/real_text_10k_dataset/doc_g317_rot270.jpg,3,270,2085781179.tif,train
318,/kaggle/working/real_text_10k_dataset/doc_g318_rot0.jpg,0,0,2029085392.tif,train
318,/kaggle/working/real_text_10k_dataset/doc_g318_rot90.jpg,1,90,2029085392.tif,train
318,/kaggle/working/real_text_10k_dataset/doc_g318_rot180.jpg,2,180,2029085392.tif,train
318,/kaggle/working/real_text_10k_dataset/doc_g318_rot270.jpg,3,270,2029085392.tif,train
319,/kaggle/working/real_text_10k_dataset/doc_g319_rot0.jpg,0,0,X51007339167.jpg,test
319,/kaggle/working/real_text_10k_dataset/doc_g319_rot90.jpg,1,90,X51007339167.jpg,test
319,/kaggle/working/real_text_10k_dataset/doc_g319_rot180.jpg,2,180,X51007339167.jpg,test
319,/kaggle/working/real_text_10k_dataset/doc_g319_rot270.jpg,3,270,X51007339167.jpg,test
320,/kaggle/working/real_text_10k_dataset/doc_g320_rot0.jpg,0,0,2080317850.tif,train
320,/kaggle/working/real_text_10k_dataset/doc_g320_rot90.jpg,1,90,2080317850.tif,train
320,/kaggle/working/real_text_10k_dataset/doc_g320_rot180.jpg,2,180,2080317850.tif,train
320,/kaggle/working/real_text_10k_dataset/doc_g320_rot270.jpg,3,270,2080317850.tif,train
321,/kaggle/working/real_text_10k_dataset/doc_g321_rot0.jpg,0,0,2057421153_2057421155.tif,train
321,/kaggle/working/real_text_10k_dataset/doc_g321_rot90.jpg,1,90,2057421153_2057421155.tif,train
321,/kaggle/working/real_text_10k_dataset/doc_g321_rot180.jpg,2,180,2057421153_2057421155.tif,train
321,/kaggle/working/real_text_10k_dataset/doc_g321_rot270.jpg,3,270,2057421153_2057421155.tif,train
322,/kaggle/working/real_text_10k_dataset/doc_g322_rot0.jpg,0,0,2048277799_2048277800.tif,val
322,/kaggle/working/real_text_10k_dataset/doc_g322_rot90.jpg,1,90,2048277799_2048277800.tif,val
322,/kaggle/working/real_text_10k_dataset/doc_g322_rot180.jpg,2,180,2048277799_2048277800.tif,val
322,/kaggle/working/real_text_10k_dataset/doc_g322_rot270.jpg,3,270,2048277799_2048277800.tif,val
323,/kaggle/working/real_text_10k_dataset/doc_g323_rot0.jpg,0,0,96804546_4561.tif,train
323,/kaggle/working/real_text_10k_dataset/doc_g323_rot90.jpg,1,90,96804546_4561.tif,train
323,/kaggle/working/real_text_10k_dataset/doc_g323_rot180.jpg,2,180,96804546_4561.tif,train
323,/kaggle/working/real_text_10k_dataset/doc_g323_rot270.jpg,3,270,96804546_4561.tif,train
324,/kaggle/working/real_text_10k_dataset/doc_g324_rot0.jpg,0,0,87459559_9565.tif,train
324,/kaggle/working/real_text_10k_dataset/doc_g324_rot90.jpg,1,90,87459559_9565.tif,train
324,/kaggle/working/real_text_10k_dataset/doc_g324_rot180.jpg,2,180,87459559_9565.tif,train
324,/kaggle/working/real_text_10k_dataset/doc_g324_rot270.jpg,3,270,87459559_9565.tif,train
325,/kaggle/working/real_text_10k_dataset/doc_g325_rot0.jpg,0,0,2078851969.tif,val
325,/kaggle/working/real_text_10k_dataset/doc_g325_rot90.jpg,1,90,2078851969.tif,val
325,/kaggle/working/real_text_10k_dataset/doc_g325_rot180.jpg,2,180,2078851969.tif,val
325,/kaggle/working/real_text_10k_dataset/doc_g325_rot270.jpg,3,270,2078851969.tif,val
326,/kaggle/working/real_text_10k_dataset/doc_g326_rot0.jpg,0,0,70006837-6837.tif,train
326,/kaggle/working/real_text_10k_dataset/doc_g326_rot90.jpg,1,90,70006837-6837.tif,train
326,/kaggle/working/real_text_10k_dataset/doc_g326_rot180.jpg,2,180,70006837-6837.tif,train
326,/kaggle/working/real_text_10k_dataset/doc_g326_rot270.jpg,3,270,70006837-6837.tif,train
327,/kaggle/working/real_text_10k_dataset/doc_g327_rot0.jpg,0,0,85708717_85708719.tif,train
327,/kaggle/working/real_text_10k_dataset/doc_g327_rot90.jpg,1,90,85708717_85708719.tif,train
327,/kaggle/working/real_text_10k_dataset/doc_g327_rot180.jpg,2,180,85708717_85708719.tif,train
327,/kaggle/working/real_text_10k_dataset/doc_g327_rot270.jpg,3,270,85708717_85708719.tif,train
328,/kaggle/working/real_text_10k_dataset/doc_g328_rot0.jpg,0,0,518680705+-0715.tif,train
328,/kaggle/working/real_text_10k_dataset/doc_g328_rot90.jpg,1,90,518680705+-0715.tif,train
328,/kaggle/working/real_text_10k_dataset/doc_g328_rot180.jpg,2,180,518680705+-0715.tif,train
328,/kaggle/working/real_text_10k_dataset/doc_g328_rot270.jpg,3,270,518680705+-0715.tif,train
329,/kaggle/working/real_text_10k_dataset/doc_g329_rot0.jpg,0,0,1000145220_1000145251.tif,train
329,/kaggle/working/real_text_10k_dataset/doc_g329_rot90.jpg,1,90,1000145220_1000145251.tif,train
329,/kaggle/working/real_text_10k_dataset/doc_g329_rot180.jpg,2,180,1000145220_1000145251.tif,train
329,/kaggle/working/real_text_10k_dataset/doc_g329_rot270.jpg,3,270,1000145220_1000145251.tif,train
330,/kaggle/working/real_text_10k_dataset/doc_g330_rot0.jpg,0,0,2028978652_8658.tif,train
330,/kaggle/working/real_text_10k_dataset/doc_g330_rot90.jpg,1,90,2028978652_8658.tif,train
330,/kaggle/working/real_text_10k_dataset/doc_g330_rot180.jpg,2,180,2028978652_8658.tif,train
330,/kaggle/working/real_text_10k_dataset/doc_g330_rot270.jpg,3,270,2028978652_8658.tif,train
331,/kaggle/working/real_text_10k_dataset/doc_g331_rot0.jpg,0,0,2065391161_1162.tif,train
331,/kaggle/working/real_text_10k_dataset/doc_g331_rot90.jpg,1,90,2065391161_1162.tif,train
331,/kaggle/working/real_text_10k_dataset/doc_g331_rot180.jpg,2,180,2065391161_1162.tif,train
331,/kaggle/working/real_text_10k_dataset/doc_g331_rot270.jpg,3,270,2065391161_1162.tif,train
332,/kaggle/working/real_text_10k_dataset/doc_g332_rot0.jpg,0,0,522649432+-9434.tif,train
332,/kaggle/working/real_text_10k_dataset/doc_g332_rot90.jpg,1,90,522649432+-9434.tif,train
332,/kaggle/working/real_text_10k_dataset/doc_g332_rot180.jpg,2,180,522649432+-9434.tif,train
332,/kaggle/working/real_text_10k_dataset/doc_g332_rot270.jpg,3,270,522649432+-9434.tif,train
333,/kaggle/working/real_text_10k_dataset/doc_g333_rot0.jpg,0,0,2083780336.tif,test
333,/kaggle/working/real_text_10k_dataset/doc_g333_rot90.jpg,1,90,2083780336.tif,test
333,/kaggle/working/real_text_10k_dataset/doc_g333_rot180.jpg,2,180,2083780336.tif,test
333,/kaggle/working/real_text_10k_dataset/doc_g333_rot270.jpg,3,270,2083780336.tif,test
334,/kaggle/working/real_text_10k_dataset/doc_g334_rot0.jpg,0,0,89953156.tif,train
334,/kaggle/working/real_text_10k_dataset/doc_g334_rot90.jpg,1,90,89953156.tif,train
334,/kaggle/working/real_text_10k_dataset/doc_g334_rot180.jpg,2,180,89953156.tif,train
334,/kaggle/working/real_text_10k_dataset/doc_g334_rot270.jpg,3,270,89953156.tif,train
335,/kaggle/working/real_text_10k_dataset/doc_g335_rot0.jpg,0,0,2029201189.tif,train
335,/kaggle/working/real_text_10k_dataset/doc_g335_rot90.jpg,1,90,2029201189.tif,train
335,/kaggle/working/real_text_10k_dataset/doc_g335_rot180.jpg,2,180,2029201189.tif,train
335,/kaggle/working/real_text_10k_dataset/doc_g335_rot270.jpg,3,270,2029201189.tif,train
336,/kaggle/working/real_text_10k_dataset/doc_g336_rot0.jpg,0,0,0000536497.tif,train
336,/kaggle/working/real_text_10k_dataset/doc_g336_rot90.jpg,1,90,0000536497.tif,train
336,/kaggle/working/real_text_10k_dataset/doc_g336_rot180.jpg,2,180,0000536497.tif,train
336,/kaggle/working/real_text_10k_dataset/doc_g336_rot270.jpg,3,270,0000536497.tif,train
337,/kaggle/working/real_text_10k_dataset/doc_g337_rot0.jpg,0,0,50476819-6820.tif,train
337,/kaggle/working/real_text_10k_dataset/doc_g337_rot90.jpg,1,90,50476819-6820.tif,train
337,/kaggle/working/real_text_10k_dataset/doc_g337_rot180.jpg,2,180,50476819-6820.tif,train
337,/kaggle/working/real_text_10k_dataset/doc_g337_rot270.jpg,3,270,50476819-6820.tif,train
338,/kaggle/working/real_text_10k_dataset/doc_g338_rot0.jpg,0,0,2073430791_0798.tif,train
338,/kaggle/working/real_text_10k_dataset/doc_g338_rot90.jpg,1,90,2073430791_0798.tif,train
338,/kaggle/working/real_text_10k_dataset/doc_g338_rot180.jpg,2,180,2073430791_0798.tif,train
338,/kaggle/working/real_text_10k_dataset/doc_g338_rot270.jpg,3,270,2073430791_0798.tif,train
339,/kaggle/working/real_text_10k_dataset/doc_g339_rot0.jpg,0,0,2053453172.tif,train
339,/kaggle/working/real_text_10k_dataset/doc_g339_rot90.jpg,1,90,2053453172.tif,train
339,/kaggle/working/real_text_10k_dataset/doc_g339_rot180.jpg,2,180,2053453172.tif,train
339,/kaggle/working/real_text_10k_dataset/doc_g339_rot270.jpg,3,270,2053453172.tif,train
340,/kaggle/working/real_text_10k_dataset/doc_g340_rot0.jpg,0,0,receipt_00195.png,train
340,/kaggle/working/real_text_10k_dataset/doc_g340_rot90.jpg,1,90,receipt_00195.png,train
340,/kaggle/working/real_text_10k_dataset/doc_g340_rot180.jpg,2,180,receipt_00195.png,train
340,/kaggle/working/real_text_10k_dataset/doc_g340_rot270.jpg,3,270,receipt_00195.png,train
341,/kaggle/working/real_text_10k_dataset/doc_g341_rot0.jpg,0,0,50730606-0607.tif,train
341,/kaggle/working/real_text_10k_dataset/doc_g341_rot90.jpg,1,90,50730606-0607.tif,train
341,/kaggle/working/real_text_10k_dataset/doc_g341_rot180.jpg,2,180,50730606-0607.tif,train
341,/kaggle/working/real_text_10k_dataset/doc_g341_rot270.jpg,3,270,50730606-0607.tif,train
342,/kaggle/working/real_text_10k_dataset/doc_g342_rot0.jpg,0,0,503069043.tif,train
342,/kaggle/working/real_text_10k_dataset/doc_g342_rot90.jpg,1,90,503069043.tif,train
342,/kaggle/working/real_text_10k_dataset/doc_g342_rot180.jpg,2,180,503069043.tif,train
342,/kaggle/working/real_text_10k_dataset/doc_g342_rot270.jpg,3,270,503069043.tif,train
343,/kaggle/working/real_text_10k_dataset/doc_g343_rot0.jpg,0,0,2078170768.tif,test
343,/kaggle/working/real_text_10k_dataset/doc_g343_rot90.jpg,1,90,2078170768.tif,test
343,/kaggle/working/real_text_10k_dataset/doc_g343_rot180.jpg,2,180,2078170768.tif,test
343,/kaggle/working/real_text_10k_dataset/doc_g343_rot270.jpg,3,270,2078170768.tif,test
344,/kaggle/working/real_text_10k_dataset/doc_g344_rot0.jpg,0,0,71450526.tif,train
344,/kaggle/working/real_text_10k_dataset/doc_g344_rot90.jpg,1,90,71450526.tif,train
344,/kaggle/working/real_text_10k_dataset/doc_g344_rot180.jpg,2,180,71450526.tif,train
344,/kaggle/working/real_text_10k_dataset/doc_g344_rot270.jpg,3,270,71450526.tif,train
345,/kaggle/working/real_text_10k_dataset/doc_g345_rot0.jpg,0,0,2069731656.tif,train
345,/kaggle/working/real_text_10k_dataset/doc_g345_rot90.jpg,1,90,2069731656.tif,train
345,/kaggle/working/real_text_10k_dataset/doc_g345_rot180.jpg,2,180,2069731656.tif,train
345,/kaggle/working/real_text_10k_dataset/doc_g345_rot270.jpg,3,270,2069731656.tif,train
346,/kaggle/working/real_text_10k_dataset/doc_g346_rot0.jpg,0,0,2062398322.tif,train
346,/kaggle/working/real_text_10k_dataset/doc_g346_rot90.jpg,1,90,2062398322.tif,train
346,/kaggle/working/real_text_10k_dataset/doc_g346_rot180.jpg,2,180,2062398322.tif,train
346,/kaggle/working/real_text_10k_dataset/doc_g346_rot270.jpg,3,270,2062398322.tif,train
347,/kaggle/working/real_text_10k_dataset/doc_g347_rot0.jpg,0,0,2001229041.tif,train
347,/kaggle/working/real_text_10k_dataset/doc_g347_rot90.jpg,1,90,2001229041.tif,train
347,/kaggle/working/real_text_10k_dataset/doc_g347_rot180.jpg,2,180,2001229041.tif,train
347,/kaggle/working/real_text_10k_dataset/doc_g347_rot270.jpg,3,270,2001229041.tif,train
348,/kaggle/working/real_text_10k_dataset/doc_g348_rot0.jpg,0,0,0060208137.tif,train
348,/kaggle/working/real_text_10k_dataset/doc_g348_rot90.jpg,1,90,0060208137.tif,train
348,/kaggle/working/real_text_10k_dataset/doc_g348_rot180.jpg,2,180,0060208137.tif,train
348,/kaggle/working/real_text_10k_dataset/doc_g348_rot270.jpg,3,270,0060208137.tif,train
349,/kaggle/working/real_text_10k_dataset/doc_g349_rot0.jpg,0,0,18004857.tif,train
349,/kaggle/working/real_text_10k_dataset/doc_g349_rot90.jpg,1,90,18004857.tif,train
349,/kaggle/working/real_text_10k_dataset/doc_g349_rot180.jpg,2,180,18004857.tif,train
349,/kaggle/working/real_text_10k_dataset/doc_g349_rot270.jpg,3,270,18004857.tif,train
350,/kaggle/working/real_text_10k_dataset/doc_g350_rot0.jpg,0,0,500590353+-0357.tif,train
350,/kaggle/working/real_text_10k_dataset/doc_g350_rot90.jpg,1,90,500590353+-0357.tif,train
350,/kaggle/working/real_text_10k_dataset/doc_g350_rot180.jpg,2,180,500590353+-0357.tif,train
350,/kaggle/working/real_text_10k_dataset/doc_g350_rot270.jpg,3,270,500590353+-0357.tif,train
351,/kaggle/working/real_text_10k_dataset/doc_g351_rot0.jpg,0,0,2069723002.tif,val
351,/kaggle/working/real_text_10k_dataset/doc_g351_rot90.jpg,1,90,2069723002.tif,val
351,/kaggle/working/real_text_10k_dataset/doc_g351_rot180.jpg,2,180,2069723002.tif,val
351,/kaggle/working/real_text_10k_dataset/doc_g351_rot270.jpg,3,270,2069723002.tif,val
352,/kaggle/working/real_text_10k_dataset/doc_g352_rot0.jpg,0,0,515946266+-6266.tif,train
352,/kaggle/working/real_text_10k_dataset/doc_g352_rot90.jpg,1,90,515946266+-6266.tif,train
352,/kaggle/working/real_text_10k_dataset/doc_g352_rot180.jpg,2,180,515946266+-6266.tif,train
352,/kaggle/working/real_text_10k_dataset/doc_g352_rot270.jpg,3,270,515946266+-6266.tif,train
353,/kaggle/working/real_text_10k_dataset/doc_g353_rot0.jpg,0,0,03588006.tif,train
353,/kaggle/working/real_text_10k_dataset/doc_g353_rot90.jpg,1,90,03588006.tif,train
353,/kaggle/working/real_text_10k_dataset/doc_g353_rot180.jpg,2,180,03588006.tif,train
353,/kaggle/working/real_text_10k_dataset/doc_g353_rot270.jpg,3,270,03588006.tif,train
354,/kaggle/working/real_text_10k_dataset/doc_g354_rot0.jpg,0,0,2080293093.tif,test
354,/kaggle/working/real_text_10k_dataset/doc_g354_rot90.jpg,1,90,2080293093.tif,test
354,/kaggle/working/real_text_10k_dataset/doc_g354_rot180.jpg,2,180,2080293093.tif,test
354,/kaggle/working/real_text_10k_dataset/doc_g354_rot270.jpg,3,270,2080293093.tif,test
355,/kaggle/working/real_text_10k_dataset/doc_g355_rot0.jpg,0,0,2020117974.tif,train
355,/kaggle/working/real_text_10k_dataset/doc_g355_rot90.jpg,1,90,2020117974.tif,train
355,/kaggle/working/real_text_10k_dataset/doc_g355_rot180.jpg,2,180,2020117974.tif,train
355,/kaggle/working/real_text_10k_dataset/doc_g355_rot270.jpg,3,270,2020117974.tif,train
356,/kaggle/working/real_text_10k_dataset/doc_g356_rot0.jpg,0,0,50274906-4909.tif,train
356,/kaggle/working/real_text_10k_dataset/doc_g356_rot90.jpg,1,90,50274906-4909.tif,train
356,/kaggle/working/real_text_10k_dataset/doc_g356_rot180.jpg,2,180,50274906-4909.tif,train
356,/kaggle/working/real_text_10k_dataset/doc_g356_rot270.jpg,3,270,50274906-4909.tif,train
357,/kaggle/working/real_text_10k_dataset/doc_g357_rot0.jpg,0,0,0060224505.tif,train
357,/kaggle/working/real_text_10k_dataset/doc_g357_rot90.jpg,1,90,0060224505.tif,train
357,/kaggle/working/real_text_10k_dataset/doc_g357_rot180.jpg,2,180,0060224505.tif,train
357,/kaggle/working/real_text_10k_dataset/doc_g357_rot270.jpg,3,270,0060224505.tif,train
358,/kaggle/working/real_text_10k_dataset/doc_g358_rot0.jpg,0,0,corti0001476_1477.tif,train
358,/kaggle/working/real_text_10k_dataset/doc_g358_rot90.jpg,1,90,corti0001476_1477.tif,train
358,/kaggle/working/real_text_10k_dataset/doc_g358_rot180.jpg,2,180,corti0001476_1477.tif,train
358,/kaggle/working/real_text_10k_dataset/doc_g358_rot270.jpg,3,270,corti0001476_1477.tif,train
359,/kaggle/working/real_text_10k_dataset/doc_g359_rot0.jpg,0,0,2063613108.tif,train
359,/kaggle/working/real_text_10k_dataset/doc_g359_rot90.jpg,1,90,2063613108.tif,train
359,/kaggle/working/real_text_10k_dataset/doc_g359_rot180.jpg,2,180,2063613108.tif,train
359,/kaggle/working/real_text_10k_dataset/doc_g359_rot270.jpg,3,270,2063613108.tif,train
360,/kaggle/working/real_text_10k_dataset/doc_g360_rot0.jpg,0,0,1005073262.tif,train
360,/kaggle/working/real_text_10k_dataset/doc_g360_rot90.jpg,1,90,1005073262.tif,train
360,/kaggle/working/real_text_10k_dataset/doc_g360_rot180.jpg,2,180,1005073262.tif,train
360,/kaggle/working/real_text_10k_dataset/doc_g360_rot270.jpg,3,270,1005073262.tif,train
361,/kaggle/working/real_text_10k_dataset/doc_g361_rot0.jpg,0,0,2028659901.tif,train
361,/kaggle/working/real_text_10k_dataset/doc_g361_rot90.jpg,1,90,2028659901.tif,train
361,/kaggle/working/real_text_10k_dataset/doc_g361_rot180.jpg,2,180,2028659901.tif,train
361,/kaggle/working/real_text_10k_dataset/doc_g361_rot270.jpg,3,270,2028659901.tif,train
362,/kaggle/working/real_text_10k_dataset/doc_g362_rot0.jpg,0,0,receipt_00107.png,test
362,/kaggle/working/real_text_10k_dataset/doc_g362_rot90.jpg,1,90,receipt_00107.png,test
362,/kaggle/working/real_text_10k_dataset/doc_g362_rot180.jpg,2,180,receipt_00107.png,test
362,/kaggle/working/real_text_10k_dataset/doc_g362_rot270.jpg,3,270,receipt_00107.png,test
363,/kaggle/working/real_text_10k_dataset/doc_g363_rot0.jpg,0,0,531257764+-7764.tif,train
363,/kaggle/working/real_text_10k_dataset/doc_g363_rot90.jpg,1,90,531257764+-7764.tif,train
363,/kaggle/working/real_text_10k_dataset/doc_g363_rot180.jpg,2,180,531257764+-7764.tif,train
363,/kaggle/working/real_text_10k_dataset/doc_g363_rot270.jpg,3,270,531257764+-7764.tif,train
364,/kaggle/working/real_text_10k_dataset/doc_g364_rot0.jpg,0,0,2024699121_2024699187.tif,train
364,/kaggle/working/real_text_10k_dataset/doc_g364_rot90.jpg,1,90,2024699121_2024699187.tif,train
364,/kaggle/working/real_text_10k_dataset/doc_g364_rot180.jpg,2,180,2024699121_2024699187.tif,train
364,/kaggle/working/real_text_10k_dataset/doc_g364_rot270.jpg,3,270,2024699121_2024699187.tif,train
365,/kaggle/working/real_text_10k_dataset/doc_g365_rot0.jpg,0,0,87137208.tif,train
365,/kaggle/working/real_text_10k_dataset/doc_g365_rot90.jpg,1,90,87137208.tif,train
365,/kaggle/working/real_text_10k_dataset/doc_g365_rot180.jpg,2,180,87137208.tif,train
365,/kaggle/working/real_text_10k_dataset/doc_g365_rot270.jpg,3,270,87137208.tif,train
366,/kaggle/working/real_text_10k_dataset/doc_g366_rot0.jpg,0,0,94006486.tif,train
366,/kaggle/working/real_text_10k_dataset/doc_g366_rot90.jpg,1,90,94006486.tif,train
366,/kaggle/working/real_text_10k_dataset/doc_g366_rot180.jpg,2,180,94006486.tif,train
366,/kaggle/working/real_text_10k_dataset/doc_g366_rot270.jpg,3,270,94006486.tif,train
367,/kaggle/working/real_text_10k_dataset/doc_g367_rot0.jpg,0,0,513593856.tif,train
367,/kaggle/working/real_text_10k_dataset/doc_g367_rot90.jpg,1,90,513593856.tif,train
367,/kaggle/working/real_text_10k_dataset/doc_g367_rot180.jpg,2,180,513593856.tif,train
367,/kaggle/working/real_text_10k_dataset/doc_g367_rot270.jpg,3,270,513593856.tif,train
368,/kaggle/working/real_text_10k_dataset/doc_g368_rot0.jpg,0,0,515190612+-0616.tif,test
368,/kaggle/working/real_text_10k_dataset/doc_g368_rot90.jpg,1,90,515190612+-0616.tif,test
368,/kaggle/working/real_text_10k_dataset/doc_g368_rot180.jpg,2,180,515190612+-0616.tif,test
368,/kaggle/working/real_text_10k_dataset/doc_g368_rot270.jpg,3,270,515190612+-0616.tif,test
369,/kaggle/working/real_text_10k_dataset/doc_g369_rot0.jpg,0,0,514063423.tif,test
369,/kaggle/working/real_text_10k_dataset/doc_g369_rot90.jpg,1,90,514063423.tif,test
369,/kaggle/working/real_text_10k_dataset/doc_g369_rot180.jpg,2,180,514063423.tif,test
369,/kaggle/working/real_text_10k_dataset/doc_g369_rot270.jpg,3,270,514063423.tif,test
370,/kaggle/working/real_text_10k_dataset/doc_g370_rot0.jpg,0,0,2030476036.tif,train
370,/kaggle/working/real_text_10k_dataset/doc_g370_rot90.jpg,1,90,2030476036.tif,train
370,/kaggle/working/real_text_10k_dataset/doc_g370_rot180.jpg,2,180,2030476036.tif,train
370,/kaggle/working/real_text_10k_dataset/doc_g370_rot270.jpg,3,270,2030476036.tif,train
371,/kaggle/working/real_text_10k_dataset/doc_g371_rot0.jpg,0,0,506597671_506597674.tif,train
371,/kaggle/working/real_text_10k_dataset/doc_g371_rot90.jpg,1,90,506597671_506597674.tif,train
371,/kaggle/working/real_text_10k_dataset/doc_g371_rot180.jpg,2,180,506597671_506597674.tif,train
371,/kaggle/working/real_text_10k_dataset/doc_g371_rot270.jpg,3,270,506597671_506597674.tif,train
372,/kaggle/working/real_text_10k_dataset/doc_g372_rot0.jpg,0,0,2080785223.tif,train
372,/kaggle/working/real_text_10k_dataset/doc_g372_rot90.jpg,1,90,2080785223.tif,train
372,/kaggle/working/real_text_10k_dataset/doc_g372_rot180.jpg,2,180,2080785223.tif,train
372,/kaggle/working/real_text_10k_dataset/doc_g372_rot270.jpg,3,270,2080785223.tif,train
373,/kaggle/working/real_text_10k_dataset/doc_g373_rot0.jpg,0,0,91265606.tif,train
373,/kaggle/working/real_text_10k_dataset/doc_g373_rot90.jpg,1,90,91265606.tif,train
373,/kaggle/working/real_text_10k_dataset/doc_g373_rot180.jpg,2,180,91265606.tif,train
373,/kaggle/working/real_text_10k_dataset/doc_g373_rot270.jpg,3,270,91265606.tif,train
374,/kaggle/working/real_text_10k_dataset/doc_g374_rot0.jpg,0,0,2023180993_2023181002.tif,train
374,/kaggle/working/real_text_10k_dataset/doc_g374_rot90.jpg,1,90,2023180993_2023181002.tif,train
374,/kaggle/working/real_text_10k_dataset/doc_g374_rot180.jpg,2,180,2023180993_2023181002.tif,train
374,/kaggle/working/real_text_10k_dataset/doc_g374_rot270.jpg,3,270,2023180993_2023181002.tif,train
375,/kaggle/working/real_text_10k_dataset/doc_g375_rot0.jpg,0,0,502941451_502941456.tif,train
375,/kaggle/working/real_text_10k_dataset/doc_g375_rot90.jpg,1,90,502941451_502941456.tif,train
375,/kaggle/working/real_text_10k_dataset/doc_g375_rot180.jpg,2,180,502941451_502941456.tif,train
375,/kaggle/working/real_text_10k_dataset/doc_g375_rot270.jpg,3,270,502941451_502941456.tif,train
376,/kaggle/working/real_text_10k_dataset/doc_g376_rot0.jpg,0,0,50368697-8699.tif,train
376,/kaggle/working/real_text_10k_dataset/doc_g376_rot90.jpg,1,90,50368697-8699.tif,train
376,/kaggle/working/real_text_10k_dataset/doc_g376_rot180.jpg,2,180,50368697-8699.tif,train
376,/kaggle/working/real_text_10k_dataset/doc_g376_rot270.jpg,3,270,50368697-8699.tif,train
377,/kaggle/working/real_text_10k_dataset/doc_g377_rot0.jpg,0,0,50669375-9375.tif,train
377,/kaggle/working/real_text_10k_dataset/doc_g377_rot90.jpg,1,90,50669375-9375.tif,train
377,/kaggle/working/real_text_10k_dataset/doc_g377_rot180.jpg,2,180,50669375-9375.tif,train
377,/kaggle/working/real_text_10k_dataset/doc_g377_rot270.jpg,3,270,50669375-9375.tif,train
378,/kaggle/working/real_text_10k_dataset/doc_g378_rot0.jpg,0,0,524217795+-7797.tif,train
378,/kaggle/working/real_text_10k_dataset/doc_g378_rot90.jpg,1,90,524217795+-7797.tif,train
378,/kaggle/working/real_text_10k_dataset/doc_g378_rot180.jpg,2,180,524217795+-7797.tif,train
378,/kaggle/working/real_text_10k_dataset/doc_g378_rot270.jpg,3,270,524217795+-7797.tif,train
379,/kaggle/working/real_text_10k_dataset/doc_g379_rot0.jpg,0,0,2072610913.tif,train
379,/kaggle/working/real_text_10k_dataset/doc_g379_rot90.jpg,1,90,2072610913.tif,train
379,/kaggle/working/real_text_10k_dataset/doc_g379_rot180.jpg,2,180,2072610913.tif,train
379,/kaggle/working/real_text_10k_dataset/doc_g379_rot270.jpg,3,270,2072610913.tif,train
380,/kaggle/working/real_text_10k_dataset/doc_g380_rot0.jpg,0,0,89001480.tif,train
380,/kaggle/working/real_text_10k_dataset/doc_g380_rot90.jpg,1,90,89001480.tif,train
380,/kaggle/working/real_text_10k_dataset/doc_g380_rot180.jpg,2,180,89001480.tif,train
380,/kaggle/working/real_text_10k_dataset/doc_g380_rot270.jpg,3,270,89001480.tif,train
381,/kaggle/working/real_text_10k_dataset/doc_g381_rot0.jpg,0,0,522769990+-9990.tif,train
381,/kaggle/working/real_text_10k_dataset/doc_g381_rot90.jpg,1,90,522769990+-9990.tif,train
381,/kaggle/working/real_text_10k_dataset/doc_g381_rot180.jpg,2,180,522769990+-9990.tif,train
381,/kaggle/working/real_text_10k_dataset/doc_g381_rot270.jpg,3,270,522769990+-9990.tif,train
382,/kaggle/working/real_text_10k_dataset/doc_g382_rot0.jpg,0,0,2031297301.tif,train
382,/kaggle/working/real_text_10k_dataset/doc_g382_rot90.jpg,1,90,2031297301.tif,train
382,/kaggle/working/real_text_10k_dataset/doc_g382_rot180.jpg,2,180,2031297301.tif,train
382,/kaggle/working/real_text_10k_dataset/doc_g382_rot270.jpg,3,270,2031297301.tif,train
383,/kaggle/working/real_text_10k_dataset/doc_g383_rot0.jpg,0,0,1000089500.tif,train
383,/kaggle/working/real_text_10k_dataset/doc_g383_rot90.jpg,1,90,1000089500.tif,train
383,/kaggle/working/real_text_10k_dataset/doc_g383_rot180.jpg,2,180,1000089500.tif,train
383,/kaggle/working/real_text_10k_dataset/doc_g383_rot270.jpg,3,270,1000089500.tif,train
384,/kaggle/working/real_text_10k_dataset/doc_g384_rot0.jpg,0,0,2023510952.tif,train
384,/kaggle/working/real_text_10k_dataset/doc_g384_rot90.jpg,1,90,2023510952.tif,train
384,/kaggle/working/real_text_10k_dataset/doc_g384_rot180.jpg,2,180,2023510952.tif,train
384,/kaggle/working/real_text_10k_dataset/doc_g384_rot270.jpg,3,270,2023510952.tif,train
385,/kaggle/working/real_text_10k_dataset/doc_g385_rot0.jpg,0,0,522677478+-7478.tif,train
385,/kaggle/working/real_text_10k_dataset/doc_g385_rot90.jpg,1,90,522677478+-7478.tif,train
385,/kaggle/working/real_text_10k_dataset/doc_g385_rot180.jpg,2,180,522677478+-7478.tif,train
385,/kaggle/working/real_text_10k_dataset/doc_g385_rot270.jpg,3,270,522677478+-7478.tif,train
386,/kaggle/working/real_text_10k_dataset/doc_g386_rot0.jpg,0,0,X51006913070.jpg,train
386,/kaggle/working/real_text_10k_dataset/doc_g386_rot90.jpg,1,90,X51006913070.jpg,train
386,/kaggle/working/real_text_10k_dataset/doc_g386_rot180.jpg,2,180,X51006913070.jpg,train
386,/kaggle/working/real_text_10k_dataset/doc_g386_rot270.jpg,3,270,X51006913070.jpg,train
387,/kaggle/working/real_text_10k_dataset/doc_g387_rot0.jpg,0,0,receipt_00406.png,train
387,/kaggle/working/real_text_10k_dataset/doc_g387_rot90.jpg,1,90,receipt_00406.png,train
387,/kaggle/working/real_text_10k_dataset/doc_g387_rot180.jpg,2,180,receipt_00406.png,train
387,/kaggle/working/real_text_10k_dataset/doc_g387_rot270.jpg,3,270,receipt_00406.png,train
388,/kaggle/working/real_text_10k_dataset/doc_g388_rot0.jpg,0,0,514741689+-1690.tif,val
388,/kaggle/working/real_text_10k_dataset/doc_g388_rot90.jpg,1,90,514741689+-1690.tif,val
388,/kaggle/working/real_text_10k_dataset/doc_g388_rot180.jpg,2,180,514741689+-1690.tif,val
388,/kaggle/working/real_text_10k_dataset/doc_g388_rot270.jpg,3,270,514741689+-1690.tif,val
389,/kaggle/working/real_text_10k_dataset/doc_g389_rot0.jpg,0,0,ti16351194.tif,train
389,/kaggle/working/real_text_10k_dataset/doc_g389_rot90.jpg,1,90,ti16351194.tif,train
389,/kaggle/working/real_text_10k_dataset/doc_g389_rot180.jpg,2,180,ti16351194.tif,train
389,/kaggle/working/real_text_10k_dataset/doc_g389_rot270.jpg,3,270,ti16351194.tif,train
390,/kaggle/working/real_text_10k_dataset/doc_g390_rot0.jpg,0,0,87846145_6149.tif,train
390,/kaggle/working/real_text_10k_dataset/doc_g390_rot90.jpg,1,90,87846145_6149.tif,train
390,/kaggle/working/real_text_10k_dataset/doc_g390_rot180.jpg,2,180,87846145_6149.tif,train
390,/kaggle/working/real_text_10k_dataset/doc_g390_rot270.jpg,3,270,87846145_6149.tif,train
391,/kaggle/working/real_text_10k_dataset/doc_g391_rot0.jpg,0,0,517755101+-5102.tif,train
391,/kaggle/working/real_text_10k_dataset/doc_g391_rot90.jpg,1,90,517755101+-5102.tif,train
391,/kaggle/working/real_text_10k_dataset/doc_g391_rot180.jpg,2,180,517755101+-5102.tif,train
391,/kaggle/working/real_text_10k_dataset/doc_g391_rot270.jpg,3,270,517755101+-5102.tif,train
392,/kaggle/working/real_text_10k_dataset/doc_g392_rot0.jpg,0,0,2085536137.tif,train
392,/kaggle/working/real_text_10k_dataset/doc_g392_rot90.jpg,1,90,2085536137.tif,train
392,/kaggle/working/real_text_10k_dataset/doc_g392_rot180.jpg,2,180,2085536137.tif,train
392,/kaggle/working/real_text_10k_dataset/doc_g392_rot270.jpg,3,270,2085536137.tif,train
393,/kaggle/working/real_text_10k_dataset/doc_g393_rot0.jpg,0,0,50386571-6572.tif,train
393,/kaggle/working/real_text_10k_dataset/doc_g393_rot90.jpg,1,90,50386571-6572.tif,train
393,/kaggle/working/real_text_10k_dataset/doc_g393_rot180.jpg,2,180,50386571-6572.tif,train
393,/kaggle/working/real_text_10k_dataset/doc_g393_rot270.jpg,3,270,50386571-6572.tif,train
394,/kaggle/working/real_text_10k_dataset/doc_g394_rot0.jpg,0,0,531544647+-4647.tif,train
394,/kaggle/working/real_text_10k_dataset/doc_g394_rot90.jpg,1,90,531544647+-4647.tif,train
394,/kaggle/working/real_text_10k_dataset/doc_g394_rot180.jpg,2,180,531544647+-4647.tif,train
394,/kaggle/working/real_text_10k_dataset/doc_g394_rot270.jpg,3,270,531544647+-4647.tif,train
395,/kaggle/working/real_text_10k_dataset/doc_g395_rot0.jpg,0,0,tob11430.84.tif,train
395,/kaggle/working/real_text_10k_dataset/doc_g395_rot90.jpg,1,90,tob11430.84.tif,train
395,/kaggle/working/real_text_10k_dataset/doc_g395_rot180.jpg,2,180,tob11430.84.tif,train
395,/kaggle/working/real_text_10k_dataset/doc_g395_rot270.jpg,3,270,tob11430.84.tif,train
396,/kaggle/working/real_text_10k_dataset/doc_g396_rot0.jpg,0,0,530427528+-7528.tif,train
396,/kaggle/working/real_text_10k_dataset/doc_g396_rot90.jpg,1,90,530427528+-7528.tif,train
396,/kaggle/working/real_text_10k_dataset/doc_g396_rot180.jpg,2,180,530427528+-7528.tif,train
396,/kaggle/working/real_text_10k_dataset/doc_g396_rot270.jpg,3,270,530427528+-7528.tif,train
397,/kaggle/working/real_text_10k_dataset/doc_g397_rot0.jpg,0,0,receipt_00645.png,train
397,/kaggle/working/real_text_10k_dataset/doc_g397_rot90.jpg,1,90,receipt_00645.png,train
397,/kaggle/working/real_text_10k_dataset/doc_g397_rot180.jpg,2,180,receipt_00645.png,train
397,/kaggle/working/real_text_10k_dataset/doc_g397_rot270.jpg,3,270,receipt_00645.png,train
398,/kaggle/working/real_text_10k_dataset/doc_g398_rot0.jpg,0,0,87401054.tif,train
398,/kaggle/working/real_text_10k_dataset/doc_g398_rot90.jpg,1,90,87401054.tif,train
398,/kaggle/working/real_text_10k_dataset/doc_g398_rot180.jpg,2,180,87401054.tif,train
398,/kaggle/working/real_text_10k_dataset/doc_g398_rot270.jpg,3,270,87401054.tif,train
399,/kaggle/working/real_text_10k_dataset/doc_g399_rot0.jpg,0,0,24011887.tif,train
399,/kaggle/working/real_text_10k_dataset/doc_g399_rot90.jpg,1,90,24011887.tif,train
399,/kaggle/working/real_text_10k_dataset/doc_g399_rot180.jpg,2,180,24011887.tif,train
399,/kaggle/working/real_text_10k_dataset/doc_g399_rot270.jpg,3,270,24011887.tif,train
400,/kaggle/working/real_text_10k_dataset/doc_g400_rot0.jpg,0,0,2064213257_3257a.tif,train
400,/kaggle/working/real_text_10k_dataset/doc_g400_rot90.jpg,1,90,2064213257_3257a.tif,train
400,/kaggle/working/real_text_10k_dataset/doc_g400_rot180.jpg,2,180,2064213257_3257a.tif,train
400,/kaggle/working/real_text_10k_dataset/doc_g400_rot270.jpg,3,270,2064213257_3257a.tif,train
401,/kaggle/working/real_text_10k_dataset/doc_g401_rot0.jpg,0,0,X51005568898.jpg,train
401,/kaggle/working/real_text_10k_dataset/doc_g401_rot90.jpg,1,90,X51005568898.jpg,train
401,/kaggle/working/real_text_10k_dataset/doc_g401_rot180.jpg,2,180,X51005568898.jpg,train
401,/kaggle/working/real_text_10k_dataset/doc_g401_rot270.jpg,3,270,X51005568898.jpg,train
402,/kaggle/working/real_text_10k_dataset/doc_g402_rot0.jpg,0,0,2048643727.tif,train
402,/kaggle/working/real_text_10k_dataset/doc_g402_rot90.jpg,1,90,2048643727.tif,train
402,/kaggle/working/real_text_10k_dataset/doc_g402_rot180.jpg,2,180,2048643727.tif,train
402,/kaggle/working/real_text_10k_dataset/doc_g402_rot270.jpg,3,270,2048643727.tif,train
403,/kaggle/working/real_text_10k_dataset/doc_g403_rot0.jpg,0,0,2070091799d.tif,val
403,/kaggle/working/real_text_10k_dataset/doc_g403_rot90.jpg,1,90,2070091799d.tif,val
403,/kaggle/working/real_text_10k_dataset/doc_g403_rot180.jpg,2,180,2070091799d.tif,val
403,/kaggle/working/real_text_10k_dataset/doc_g403_rot270.jpg,3,270,2070091799d.tif,val
404,/kaggle/working/real_text_10k_dataset/doc_g404_rot0.jpg,0,0,530293601+-3601.tif,train
404,/kaggle/working/real_text_10k_dataset/doc_g404_rot90.jpg,1,90,530293601+-3601.tif,train
404,/kaggle/working/real_text_10k_dataset/doc_g404_rot180.jpg,2,180,530293601+-3601.tif,train
404,/kaggle/working/real_text_10k_dataset/doc_g404_rot270.jpg,3,270,530293601+-3601.tif,train
405,/kaggle/working/real_text_10k_dataset/doc_g405_rot0.jpg,0,0,2041718557.tif,train
405,/kaggle/working/real_text_10k_dataset/doc_g405_rot90.jpg,1,90,2041718557.tif,train
405,/kaggle/working/real_text_10k_dataset/doc_g405_rot180.jpg,2,180,2041718557.tif,train
405,/kaggle/working/real_text_10k_dataset/doc_g405_rot270.jpg,3,270,2041718557.tif,train
406,/kaggle/working/real_text_10k_dataset/doc_g406_rot0.jpg,0,0,1003044353-l.tif,train
406,/kaggle/working/real_text_10k_dataset/doc_g406_rot90.jpg,1,90,1003044353-l.tif,train
406,/kaggle/working/real_text_10k_dataset/doc_g406_rot180.jpg,2,180,1003044353-l.tif,train
406,/kaggle/working/real_text_10k_dataset/doc_g406_rot270.jpg,3,270,1003044353-l.tif,train
407,/kaggle/working/real_text_10k_dataset/doc_g407_rot0.jpg,0,0,2045467908.tif,test
407,/kaggle/working/real_text_10k_dataset/doc_g407_rot90.jpg,1,90,2045467908.tif,test
407,/kaggle/working/real_text_10k_dataset/doc_g407_rot180.jpg,2,180,2045467908.tif,test
407,/kaggle/working/real_text_10k_dataset/doc_g407_rot270.jpg,3,270,2045467908.tif,test
408,/kaggle/working/real_text_10k_dataset/doc_g408_rot0.jpg,0,0,X51006913023.jpg,test
408,/kaggle/working/real_text_10k_dataset/doc_g408_rot90.jpg,1,90,X51006913023.jpg,test
408,/kaggle/working/real_text_10k_dataset/doc_g408_rot180.jpg,2,180,X51006913023.jpg,test
408,/kaggle/working/real_text_10k_dataset/doc_g408_rot270.jpg,3,270,X51006913023.jpg,test
409,/kaggle/working/real_text_10k_dataset/doc_g409_rot0.jpg,0,0,2021287141_2021287142.tif,val
409,/kaggle/working/real_text_10k_dataset/doc_g409_rot90.jpg,1,90,2021287141_2021287142.tif,val
409,/kaggle/working/real_text_10k_dataset/doc_g409_rot180.jpg,2,180,2021287141_2021287142.tif,val
409,/kaggle/working/real_text_10k_dataset/doc_g409_rot270.jpg,3,270,2021287141_2021287142.tif,val
410,/kaggle/working/real_text_10k_dataset/doc_g410_rot0.jpg,0,0,517502337+-2337.tif,train
410,/kaggle/working/real_text_10k_dataset/doc_g410_rot90.jpg,1,90,517502337+-2337.tif,train
410,/kaggle/working/real_text_10k_dataset/doc_g410_rot180.jpg,2,180,517502337+-2337.tif,train
410,/kaggle/working/real_text_10k_dataset/doc_g410_rot270.jpg,3,270,517502337+-2337.tif,train
411,/kaggle/working/real_text_10k_dataset/doc_g411_rot0.jpg,0,0,X51007843145.jpg,val
411,/kaggle/working/real_text_10k_dataset/doc_g411_rot90.jpg,1,90,X51007843145.jpg,val
411,/kaggle/working/real_text_10k_dataset/doc_g411_rot180.jpg,2,180,X51007843145.jpg,val
411,/kaggle/working/real_text_10k_dataset/doc_g411_rot270.jpg,3,270,X51007843145.jpg,val
412,/kaggle/working/real_text_10k_dataset/doc_g412_rot0.jpg,0,0,514134000+-4001.tif,train
412,/kaggle/working/real_text_10k_dataset/doc_g412_rot90.jpg,1,90,514134000+-4001.tif,train
412,/kaggle/working/real_text_10k_dataset/doc_g412_rot180.jpg,2,180,514134000+-4001.tif,train
412,/kaggle/working/real_text_10k_dataset/doc_g412_rot270.jpg,3,270,514134000+-4001.tif,train
413,/kaggle/working/real_text_10k_dataset/doc_g413_rot0.jpg,0,0,2022963344_2022963362.tif,train
413,/kaggle/working/real_text_10k_dataset/doc_g413_rot90.jpg,1,90,2022963344_2022963362.tif,train
413,/kaggle/working/real_text_10k_dataset/doc_g413_rot180.jpg,2,180,2022963344_2022963362.tif,train
413,/kaggle/working/real_text_10k_dataset/doc_g413_rot270.jpg,3,270,2022963344_2022963362.tif,train
414,/kaggle/working/real_text_10k_dataset/doc_g414_rot0.jpg,0,0,517687806+-7807.tif,train
414,/kaggle/working/real_text_10k_dataset/doc_g414_rot90.jpg,1,90,517687806+-7807.tif,train
414,/kaggle/working/real_text_10k_dataset/doc_g414_rot180.jpg,2,180,517687806+-7807.tif,train
414,/kaggle/working/real_text_10k_dataset/doc_g414_rot270.jpg,3,270,517687806+-7807.tif,train
415,/kaggle/working/real_text_10k_dataset/doc_g415_rot0.jpg,0,0,87050431.tif,val
415,/kaggle/working/real_text_10k_dataset/doc_g415_rot90.jpg,1,90,87050431.tif,val
415,/kaggle/working/real_text_10k_dataset/doc_g415_rot180.jpg,2,180,87050431.tif,val
415,/kaggle/working/real_text_10k_dataset/doc_g415_rot270.jpg,3,270,87050431.tif,val
416,/kaggle/working/real_text_10k_dataset/doc_g416_rot0.jpg,0,0,84463750_3758.tif,train
416,/kaggle/working/real_text_10k_dataset/doc_g416_rot90.jpg,1,90,84463750_3758.tif,train
416,/kaggle/working/real_text_10k_dataset/doc_g416_rot180.jpg,2,180,84463750_3758.tif,train
416,/kaggle/working/real_text_10k_dataset/doc_g416_rot270.jpg,3,270,84463750_3758.tif,train
417,/kaggle/working/real_text_10k_dataset/doc_g417_rot0.jpg,0,0,2080787169.tif,train
417,/kaggle/working/real_text_10k_dataset/doc_g417_rot90.jpg,1,90,2080787169.tif,train
417,/kaggle/working/real_text_10k_dataset/doc_g417_rot180.jpg,2,180,2080787169.tif,train
417,/kaggle/working/real_text_10k_dataset/doc_g417_rot270.jpg,3,270,2080787169.tif,train
418,/kaggle/working/real_text_10k_dataset/doc_g418_rot0.jpg,0,0,2025028579.tif,train
418,/kaggle/working/real_text_10k_dataset/doc_g418_rot90.jpg,1,90,2025028579.tif,train
418,/kaggle/working/real_text_10k_dataset/doc_g418_rot180.jpg,2,180,2025028579.tif,train
418,/kaggle/working/real_text_10k_dataset/doc_g418_rot270.jpg,3,270,2025028579.tif,train
419,/kaggle/working/real_text_10k_dataset/doc_g419_rot0.jpg,0,0,505953386.tif,train
419,/kaggle/working/real_text_10k_dataset/doc_g419_rot90.jpg,1,90,505953386.tif,train
419,/kaggle/working/real_text_10k_dataset/doc_g419_rot180.jpg,2,180,505953386.tif,train
419,/kaggle/working/real_text_10k_dataset/doc_g419_rot270.jpg,3,270,505953386.tif,train
420,/kaggle/working/real_text_10k_dataset/doc_g420_rot0.jpg,0,0,tob07121.57.tif,train
420,/kaggle/working/real_text_10k_dataset/doc_g420_rot90.jpg,1,90,tob07121.57.tif,train
420,/kaggle/working/real_text_10k_dataset/doc_g420_rot180.jpg,2,180,tob07121.57.tif,train
420,/kaggle/working/real_text_10k_dataset/doc_g420_rot270.jpg,3,270,tob07121.57.tif,train
421,/kaggle/working/real_text_10k_dataset/doc_g421_rot0.jpg,0,0,2081697040_7074.tif,test
421,/kaggle/working/real_text_10k_dataset/doc_g421_rot90.jpg,1,90,2081697040_7074.tif,test
421,/kaggle/working/real_text_10k_dataset/doc_g421_rot180.jpg,2,180,2081697040_7074.tif,test
421,/kaggle/working/real_text_10k_dataset/doc_g421_rot270.jpg,3,270,2081697040_7074.tif,test
422,/kaggle/working/real_text_10k_dataset/doc_g422_rot0.jpg,0,0,2085793926.tif,train
422,/kaggle/working/real_text_10k_dataset/doc_g422_rot90.jpg,1,90,2085793926.tif,train
422,/kaggle/working/real_text_10k_dataset/doc_g422_rot180.jpg,2,180,2085793926.tif,train
422,/kaggle/working/real_text_10k_dataset/doc_g422_rot270.jpg,3,270,2085793926.tif,train
423,/kaggle/working/real_text_10k_dataset/doc_g423_rot0.jpg,0,0,50199498-9498.tif,test
423,/kaggle/working/real_text_10k_dataset/doc_g423_rot90.jpg,1,90,50199498-9498.tif,test
423,/kaggle/working/real_text_10k_dataset/doc_g423_rot180.jpg,2,180,50199498-9498.tif,test
423,/kaggle/working/real_text_10k_dataset/doc_g423_rot270.jpg,3,270,50199498-9498.tif,test
424,/kaggle/working/real_text_10k_dataset/doc_g424_rot0.jpg,0,0,2071573025.tif,train
424,/kaggle/working/real_text_10k_dataset/doc_g424_rot90.jpg,1,90,2071573025.tif,train
424,/kaggle/working/real_text_10k_dataset/doc_g424_rot180.jpg,2,180,2071573025.tif,train
424,/kaggle/working/real_text_10k_dataset/doc_g424_rot270.jpg,3,270,2071573025.tif,train
425,/kaggle/working/real_text_10k_dataset/doc_g425_rot0.jpg,0,0,352.jpg,train
425,/kaggle/working/real_text_10k_dataset/doc_g425_rot90.jpg,1,90,352.jpg,train
425,/kaggle/working/real_text_10k_dataset/doc_g425_rot180.jpg,2,180,352.jpg,train
425,/kaggle/working/real_text_10k_dataset/doc_g425_rot270.jpg,3,270,352.jpg,train
426,/kaggle/working/real_text_10k_dataset/doc_g426_rot0.jpg,0,0,2061880211.tif,train
426,/kaggle/working/real_text_10k_dataset/doc_g426_rot90.jpg,1,90,2061880211.tif,train
426,/kaggle/working/real_text_10k_dataset/doc_g426_rot180.jpg,2,180,2061880211.tif,train
426,/kaggle/working/real_text_10k_dataset/doc_g426_rot270.jpg,3,270,2061880211.tif,train
427,/kaggle/working/real_text_10k_dataset/doc_g427_rot0.jpg,0,0,2042511322.tif,train
427,/kaggle/working/real_text_10k_dataset/doc_g427_rot90.jpg,1,90,2042511322.tif,train
427,/kaggle/working/real_text_10k_dataset/doc_g427_rot180.jpg,2,180,2042511322.tif,train
427,/kaggle/working/real_text_10k_dataset/doc_g427_rot270.jpg,3,270,2042511322.tif,train
428,/kaggle/working/real_text_10k_dataset/doc_g428_rot0.jpg,0,0,0000334262.tif,train
428,/kaggle/working/real_text_10k_dataset/doc_g428_rot90.jpg,1,90,0000334262.tif,train
428,/kaggle/working/real_text_10k_dataset/doc_g428_rot180.jpg,2,180,0000334262.tif,train
428,/kaggle/working/real_text_10k_dataset/doc_g428_rot270.jpg,3,270,0000334262.tif,train
429,/kaggle/working/real_text_10k_dataset/doc_g429_rot0.jpg,0,0,507709424_507709425.tif,train
429,/kaggle/working/real_text_10k_dataset/doc_g429_rot90.jpg,1,90,507709424_507709425.tif,train
429,/kaggle/working/real_text_10k_dataset/doc_g429_rot180.jpg,2,180,507709424_507709425.tif,train
429,/kaggle/working/real_text_10k_dataset/doc_g429_rot270.jpg,3,270,507709424_507709425.tif,train
430,/kaggle/working/real_text_10k_dataset/doc_g430_rot0.jpg,0,0,504186135_504186185.tif,train
430,/kaggle/working/real_text_10k_dataset/doc_g430_rot90.jpg,1,90,504186135_504186185.tif,train
430,/kaggle/working/real_text_10k_dataset/doc_g430_rot180.jpg,2,180,504186135_504186185.tif,train
430,/kaggle/working/real_text_10k_dataset/doc_g430_rot270.jpg,3,270,504186135_504186185.tif,train
431,/kaggle/working/real_text_10k_dataset/doc_g431_rot0.jpg,0,0,2074067094.tif,test
431,/kaggle/working/real_text_10k_dataset/doc_g431_rot90.jpg,1,90,2074067094.tif,test
431,/kaggle/working/real_text_10k_dataset/doc_g431_rot180.jpg,2,180,2074067094.tif,test
431,/kaggle/working/real_text_10k_dataset/doc_g431_rot270.jpg,3,270,2074067094.tif,test
432,/kaggle/working/real_text_10k_dataset/doc_g432_rot0.jpg,0,0,502989896_502989897.tif,train
432,/kaggle/working/real_text_10k_dataset/doc_g432_rot90.jpg,1,90,502989896_502989897.tif,train
432,/kaggle/working/real_text_10k_dataset/doc_g432_rot180.jpg,2,180,502989896_502989897.tif,train
432,/kaggle/working/real_text_10k_dataset/doc_g432_rot270.jpg,3,270,502989896_502989897.tif,train
433,/kaggle/working/real_text_10k_dataset/doc_g433_rot0.jpg,0,0,2503007058.tif,val
433,/kaggle/working/real_text_10k_dataset/doc_g433_rot90.jpg,1,90,2503007058.tif,val
433,/kaggle/working/real_text_10k_dataset/doc_g433_rot180.jpg,2,180,2503007058.tif,val
433,/kaggle/working/real_text_10k_dataset/doc_g433_rot270.jpg,3,270,2503007058.tif,val
434,/kaggle/working/real_text_10k_dataset/doc_g434_rot0.jpg,0,0,X51007103681.jpg,test
434,/kaggle/working/real_text_10k_dataset/doc_g434_rot90.jpg,1,90,X51007103681.jpg,test
434,/kaggle/working/real_text_10k_dataset/doc_g434_rot180.jpg,2,180,X51007103681.jpg,test
434,/kaggle/working/real_text_10k_dataset/doc_g434_rot270.jpg,3,270,X51007103681.jpg,test
435,/kaggle/working/real_text_10k_dataset/doc_g435_rot0.jpg,0,0,83565485.tif,train
435,/kaggle/working/real_text_10k_dataset/doc_g435_rot90.jpg,1,90,83565485.tif,train
435,/kaggle/working/real_text_10k_dataset/doc_g435_rot180.jpg,2,180,83565485.tif,train
435,/kaggle/working/real_text_10k_dataset/doc_g435_rot270.jpg,3,270,83565485.tif,train
436,/kaggle/working/real_text_10k_dataset/doc_g436_rot0.jpg,0,0,2501908527.tif,val
436,/kaggle/working/real_text_10k_dataset/doc_g436_rot90.jpg,1,90,2501908527.tif,val
436,/kaggle/working/real_text_10k_dataset/doc_g436_rot180.jpg,2,180,2501908527.tif,val
436,/kaggle/working/real_text_10k_dataset/doc_g436_rot270.jpg,3,270,2501908527.tif,val
437,/kaggle/working/real_text_10k_dataset/doc_g437_rot0.jpg,0,0,2048637833.tif,train
437,/kaggle/working/real_text_10k_dataset/doc_g437_rot90.jpg,1,90,2048637833.tif,train
437,/kaggle/working/real_text_10k_dataset/doc_g437_rot180.jpg,2,180,2048637833.tif,train
437,/kaggle/working/real_text_10k_dataset/doc_g437_rot270.jpg,3,270,2048637833.tif,train
438,/kaggle/working/real_text_10k_dataset/doc_g438_rot0.jpg,0,0,50587296-7296.tif,train
438,/kaggle/working/real_text_10k_dataset/doc_g438_rot90.jpg,1,90,50587296-7296.tif,train
438,/kaggle/working/real_text_10k_dataset/doc_g438_rot180.jpg,2,180,50587296-7296.tif,train
438,/kaggle/working/real_text_10k_dataset/doc_g438_rot270.jpg,3,270,50587296-7296.tif,train
439,/kaggle/working/real_text_10k_dataset/doc_g439_rot0.jpg,0,0,1001755102_1001755108.tif,val
439,/kaggle/working/real_text_10k_dataset/doc_g439_rot90.jpg,1,90,1001755102_1001755108.tif,val
439,/kaggle/working/real_text_10k_dataset/doc_g439_rot180.jpg,2,180,1001755102_1001755108.tif,val
439,/kaggle/working/real_text_10k_dataset/doc_g439_rot270.jpg,3,270,1001755102_1001755108.tif,val
440,/kaggle/working/real_text_10k_dataset/doc_g440_rot0.jpg,0,0,2023117556.tif,train
440,/kaggle/working/real_text_10k_dataset/doc_g440_rot90.jpg,1,90,2023117556.tif,train
440,/kaggle/working/real_text_10k_dataset/doc_g440_rot180.jpg,2,180,2023117556.tif,train
440,/kaggle/working/real_text_10k_dataset/doc_g440_rot270.jpg,3,270,2023117556.tif,train
441,/kaggle/working/real_text_10k_dataset/doc_g441_rot0.jpg,0,0,2502024746_4775.tif,val
441,/kaggle/working/real_text_10k_dataset/doc_g441_rot90.jpg,1,90,2502024746_4775.tif,val
441,/kaggle/working/real_text_10k_dataset/doc_g441_rot180.jpg,2,180,2502024746_4775.tif,val
441,/kaggle/working/real_text_10k_dataset/doc_g441_rot270.jpg,3,270,2502024746_4775.tif,val
442,/kaggle/working/real_text_10k_dataset/doc_g442_rot0.jpg,0,0,10080801_10080803.tif,train
442,/kaggle/working/real_text_10k_dataset/doc_g442_rot90.jpg,1,90,10080801_10080803.tif,train
442,/kaggle/working/real_text_10k_dataset/doc_g442_rot180.jpg,2,180,10080801_10080803.tif,train
442,/kaggle/working/real_text_10k_dataset/doc_g442_rot270.jpg,3,270,10080801_10080803.tif,train
443,/kaggle/working/real_text_10k_dataset/doc_g443_rot0.jpg,0,0,873.jpg,train
443,/kaggle/working/real_text_10k_dataset/doc_g443_rot90.jpg,1,90,873.jpg,train
443,/kaggle/working/real_text_10k_dataset/doc_g443_rot180.jpg,2,180,873.jpg,train
443,/kaggle/working/real_text_10k_dataset/doc_g443_rot270.jpg,3,270,873.jpg,train
444,/kaggle/working/real_text_10k_dataset/doc_g444_rot0.jpg,0,0,50540786-0791.tif,test
444,/kaggle/working/real_text_10k_dataset/doc_g444_rot90.jpg,1,90,50540786-0791.tif,test
444,/kaggle/working/real_text_10k_dataset/doc_g444_rot180.jpg,2,180,50540786-0791.tif,test
444,/kaggle/working/real_text_10k_dataset/doc_g444_rot270.jpg,3,270,50540786-0791.tif,test
445,/kaggle/working/real_text_10k_dataset/doc_g445_rot0.jpg,0,0,1000229463.tif,train
445,/kaggle/working/real_text_10k_dataset/doc_g445_rot90.jpg,1,90,1000229463.tif,train
445,/kaggle/working/real_text_10k_dataset/doc_g445_rot180.jpg,2,180,1000229463.tif,train
445,/kaggle/working/real_text_10k_dataset/doc_g445_rot270.jpg,3,270,1000229463.tif,train
446,/kaggle/working/real_text_10k_dataset/doc_g446_rot0.jpg,0,0,2046674619.tif,val
446,/kaggle/working/real_text_10k_dataset/doc_g446_rot90.jpg,1,90,2046674619.tif,val
446,/kaggle/working/real_text_10k_dataset/doc_g446_rot180.jpg,2,180,2046674619.tif,val
446,/kaggle/working/real_text_10k_dataset/doc_g446_rot270.jpg,3,270,2046674619.tif,val
447,/kaggle/working/real_text_10k_dataset/doc_g447_rot0.jpg,0,0,2085217777_7780.tif,train
447,/kaggle/working/real_text_10k_dataset/doc_g447_rot90.jpg,1,90,2085217777_7780.tif,train
447,/kaggle/working/real_text_10k_dataset/doc_g447_rot180.jpg,2,180,2085217777_7780.tif,train
447,/kaggle/working/real_text_10k_dataset/doc_g447_rot270.jpg,3,270,2085217777_7780.tif,train
448,/kaggle/working/real_text_10k_dataset/doc_g448_rot0.jpg,0,0,518580244_518580245.tif,train
448,/kaggle/working/real_text_10k_dataset/doc_g448_rot90.jpg,1,90,518580244_518580245.tif,train
448,/kaggle/working/real_text_10k_dataset/doc_g448_rot180.jpg,2,180,518580244_518580245.tif,train
448,/kaggle/working/real_text_10k_dataset/doc_g448_rot270.jpg,3,270,518580244_518580245.tif,train
449,/kaggle/working/real_text_10k_dataset/doc_g449_rot0.jpg,0,0,2031305666.tif,train
449,/kaggle/working/real_text_10k_dataset/doc_g449_rot90.jpg,1,90,2031305666.tif,train
449,/kaggle/working/real_text_10k_dataset/doc_g449_rot180.jpg,2,180,2031305666.tif,train
449,/kaggle/working/real_text_10k_dataset/doc_g449_rot270.jpg,3,270,2031305666.tif,train
450,/kaggle/working/real_text_10k_dataset/doc_g450_rot0.jpg,0,0,95599412_9413.tif,train
450,/kaggle/working/real_text_10k_dataset/doc_g450_rot90.jpg,1,90,95599412_9413.tif,train
450,/kaggle/working/real_text_10k_dataset/doc_g450_rot180.jpg,2,180,95599412_9413.tif,train
450,/kaggle/working/real_text_10k_dataset/doc_g450_rot270.jpg,3,270,95599412_9413.tif,train
451,/kaggle/working/real_text_10k_dataset/doc_g451_rot0.jpg,0,0,71695806.tif,val
451,/kaggle/working/real_text_10k_dataset/doc_g451_rot90.jpg,1,90,71695806.tif,val
451,/kaggle/working/real_text_10k_dataset/doc_g451_rot180.jpg,2,180,71695806.tif,val
451,/kaggle/working/real_text_10k_dataset/doc_g451_rot270.jpg,3,270,71695806.tif,val
452,/kaggle/working/real_text_10k_dataset/doc_g452_rot0.jpg,0,0,2073788108.tif,train
452,/kaggle/working/real_text_10k_dataset/doc_g452_rot90.jpg,1,90,2073788108.tif,train
452,/kaggle/working/real_text_10k_dataset/doc_g452_rot180.jpg,2,180,2073788108.tif,train
452,/kaggle/working/real_text_10k_dataset/doc_g452_rot270.jpg,3,270,2073788108.tif,train
453,/kaggle/working/real_text_10k_dataset/doc_g453_rot0.jpg,0,0,2048225455.tif,train
453,/kaggle/working/real_text_10k_dataset/doc_g453_rot90.jpg,1,90,2048225455.tif,train
453,/kaggle/working/real_text_10k_dataset/doc_g453_rot180.jpg,2,180,2048225455.tif,train
453,/kaggle/working/real_text_10k_dataset/doc_g453_rot270.jpg,3,270,2048225455.tif,train
454,/kaggle/working/real_text_10k_dataset/doc_g454_rot0.jpg,0,0,tob11428.55_tob11428.56.tif,train
454,/kaggle/working/real_text_10k_dataset/doc_g454_rot90.jpg,1,90,tob11428.55_tob11428.56.tif,train
454,/kaggle/working/real_text_10k_dataset/doc_g454_rot180.jpg,2,180,tob11428.55_tob11428.56.tif,train
454,/kaggle/working/real_text_10k_dataset/doc_g454_rot270.jpg,3,270,tob11428.55_tob11428.56.tif,train
455,/kaggle/working/real_text_10k_dataset/doc_g455_rot0.jpg,0,0,2023557202.tif,train
455,/kaggle/working/real_text_10k_dataset/doc_g455_rot90.jpg,1,90,2023557202.tif,train
455,/kaggle/working/real_text_10k_dataset/doc_g455_rot180.jpg,2,180,2023557202.tif,train
455,/kaggle/working/real_text_10k_dataset/doc_g455_rot270.jpg,3,270,2023557202.tif,train
456,/kaggle/working/real_text_10k_dataset/doc_g456_rot0.jpg,0,0,03567756.tif,train
456,/kaggle/working/real_text_10k_dataset/doc_g456_rot90.jpg,1,90,03567756.tif,train
456,/kaggle/working/real_text_10k_dataset/doc_g456_rot180.jpg,2,180,03567756.tif,train
456,/kaggle/working/real_text_10k_dataset/doc_g456_rot270.jpg,3,270,03567756.tif,train
457,/kaggle/working/real_text_10k_dataset/doc_g457_rot0.jpg,0,0,820.jpg,train
457,/kaggle/working/real_text_10k_dataset/doc_g457_rot90.jpg,1,90,820.jpg,train
457,/kaggle/working/real_text_10k_dataset/doc_g457_rot180.jpg,2,180,820.jpg,train
457,/kaggle/working/real_text_10k_dataset/doc_g457_rot270.jpg,3,270,820.jpg,train
458,/kaggle/working/real_text_10k_dataset/doc_g458_rot0.jpg,0,0,0060137749.tif,test
458,/kaggle/working/real_text_10k_dataset/doc_g458_rot90.jpg,1,90,0060137749.tif,test
458,/kaggle/working/real_text_10k_dataset/doc_g458_rot180.jpg,2,180,0060137749.tif,test
458,/kaggle/working/real_text_10k_dataset/doc_g458_rot270.jpg,3,270,0060137749.tif,test
459,/kaggle/working/real_text_10k_dataset/doc_g459_rot0.jpg,0,0,522749118+-9120.tif,train
459,/kaggle/working/real_text_10k_dataset/doc_g459_rot90.jpg,1,90,522749118+-9120.tif,train
459,/kaggle/working/real_text_10k_dataset/doc_g459_rot180.jpg,2,180,522749118+-9120.tif,train
459,/kaggle/working/real_text_10k_dataset/doc_g459_rot270.jpg,3,270,522749118+-9120.tif,train
460,/kaggle/working/real_text_10k_dataset/doc_g460_rot0.jpg,0,0,0011847500.tif,train
460,/kaggle/working/real_text_10k_dataset/doc_g460_rot90.jpg,1,90,0011847500.tif,train
460,/kaggle/working/real_text_10k_dataset/doc_g460_rot180.jpg,2,180,0011847500.tif,train
460,/kaggle/working/real_text_10k_dataset/doc_g460_rot270.jpg,3,270,0011847500.tif,train
461,/kaggle/working/real_text_10k_dataset/doc_g461_rot0.jpg,0,0,2074069314.tif,train
461,/kaggle/working/real_text_10k_dataset/doc_g461_rot90.jpg,1,90,2074069314.tif,train
461,/kaggle/working/real_text_10k_dataset/doc_g461_rot180.jpg,2,180,2074069314.tif,train
461,/kaggle/working/real_text_10k_dataset/doc_g461_rot270.jpg,3,270,2074069314.tif,train
462,/kaggle/working/real_text_10k_dataset/doc_g462_rot0.jpg,0,0,506506257.tif,val
462,/kaggle/working/real_text_10k_dataset/doc_g462_rot90.jpg,1,90,506506257.tif,val
462,/kaggle/working/real_text_10k_dataset/doc_g462_rot180.jpg,2,180,506506257.tif,val
462,/kaggle/working/real_text_10k_dataset/doc_g462_rot270.jpg,3,270,506506257.tif,val
463,/kaggle/working/real_text_10k_dataset/doc_g463_rot0.jpg,0,0,X51005677335.jpg,train
463,/kaggle/working/real_text_10k_dataset/doc_g463_rot90.jpg,1,90,X51005677335.jpg,train
463,/kaggle/working/real_text_10k_dataset/doc_g463_rot180.jpg,2,180,X51005677335.jpg,train
463,/kaggle/working/real_text_10k_dataset/doc_g463_rot270.jpg,3,270,X51005677335.jpg,train
464,/kaggle/working/real_text_10k_dataset/doc_g464_rot0.jpg,0,0,1005064306.tif,val
464,/kaggle/working/real_text_10k_dataset/doc_g464_rot90.jpg,1,90,1005064306.tif,val
464,/kaggle/working/real_text_10k_dataset/doc_g464_rot180.jpg,2,180,1005064306.tif,val
464,/kaggle/working/real_text_10k_dataset/doc_g464_rot270.jpg,3,270,1005064306.tif,val
465,/kaggle/working/real_text_10k_dataset/doc_g465_rot0.jpg,0,0,522725416+-5417.tif,val
465,/kaggle/working/real_text_10k_dataset/doc_g465_rot90.jpg,1,90,522725416+-5417.tif,val
465,/kaggle/working/real_text_10k_dataset/doc_g465_rot180.jpg,2,180,522725416+-5417.tif,val
465,/kaggle/working/real_text_10k_dataset/doc_g465_rot270.jpg,3,270,522725416+-5417.tif,val
466,/kaggle/working/real_text_10k_dataset/doc_g466_rot0.jpg,0,0,40036367-6367.tif,train
466,/kaggle/working/real_text_10k_dataset/doc_g466_rot90.jpg,1,90,40036367-6367.tif,train
466,/kaggle/working/real_text_10k_dataset/doc_g466_rot180.jpg,2,180,40036367-6367.tif,train
466,/kaggle/working/real_text_10k_dataset/doc_g466_rot270.jpg,3,270,40036367-6367.tif,train
467,/kaggle/working/real_text_10k_dataset/doc_g467_rot0.jpg,0,0,0000176687.tif,train
467,/kaggle/working/real_text_10k_dataset/doc_g467_rot90.jpg,1,90,0000176687.tif,train
467,/kaggle/working/real_text_10k_dataset/doc_g467_rot180.jpg,2,180,0000176687.tif,train
467,/kaggle/working/real_text_10k_dataset/doc_g467_rot270.jpg,3,270,0000176687.tif,train
468,/kaggle/working/real_text_10k_dataset/doc_g468_rot0.jpg,0,0,91826487.tif,train
468,/kaggle/working/real_text_10k_dataset/doc_g468_rot90.jpg,1,90,91826487.tif,train
468,/kaggle/working/real_text_10k_dataset/doc_g468_rot180.jpg,2,180,91826487.tif,train
468,/kaggle/working/real_text_10k_dataset/doc_g468_rot270.jpg,3,270,91826487.tif,train
469,/kaggle/working/real_text_10k_dataset/doc_g469_rot0.jpg,0,0,2044697357_7358.tif,train
469,/kaggle/working/real_text_10k_dataset/doc_g469_rot90.jpg,1,90,2044697357_7358.tif,train
469,/kaggle/working/real_text_10k_dataset/doc_g469_rot180.jpg,2,180,2044697357_7358.tif,train
469,/kaggle/working/real_text_10k_dataset/doc_g469_rot270.jpg,3,270,2044697357_7358.tif,train
470,/kaggle/working/real_text_10k_dataset/doc_g470_rot0.jpg,0,0,2030353439.tif,train
470,/kaggle/working/real_text_10k_dataset/doc_g470_rot90.jpg,1,90,2030353439.tif,train
470,/kaggle/working/real_text_10k_dataset/doc_g470_rot180.jpg,2,180,2030353439.tif,train
470,/kaggle/working/real_text_10k_dataset/doc_g470_rot270.jpg,3,270,2030353439.tif,train
471,/kaggle/working/real_text_10k_dataset/doc_g471_rot0.jpg,0,0,2063250985.tif,train
471,/kaggle/working/real_text_10k_dataset/doc_g471_rot90.jpg,1,90,2063250985.tif,train
471,/kaggle/working/real_text_10k_dataset/doc_g471_rot180.jpg,2,180,2063250985.tif,train
471,/kaggle/working/real_text_10k_dataset/doc_g471_rot270.jpg,3,270,2063250985.tif,train
472,/kaggle/working/real_text_10k_dataset/doc_g472_rot0.jpg,0,0,506558249_506558258.tif,test
472,/kaggle/working/real_text_10k_dataset/doc_g472_rot90.jpg,1,90,506558249_506558258.tif,test
472,/kaggle/working/real_text_10k_dataset/doc_g472_rot180.jpg,2,180,506558249_506558258.tif,test
472,/kaggle/working/real_text_10k_dataset/doc_g472_rot270.jpg,3,270,506558249_506558258.tif,test
473,/kaggle/working/real_text_10k_dataset/doc_g473_rot0.jpg,0,0,86122784.tif,train
473,/kaggle/working/real_text_10k_dataset/doc_g473_rot90.jpg,1,90,86122784.tif,train
473,/kaggle/working/real_text_10k_dataset/doc_g473_rot180.jpg,2,180,86122784.tif,train
473,/kaggle/working/real_text_10k_dataset/doc_g473_rot270.jpg,3,270,86122784.tif,train
474,/kaggle/working/real_text_10k_dataset/doc_g474_rot0.jpg,0,0,528014631+-4631.tif,train
474,/kaggle/working/real_text_10k_dataset/doc_g474_rot90.jpg,1,90,528014631+-4631.tif,train
474,/kaggle/working/real_text_10k_dataset/doc_g474_rot180.jpg,2,180,528014631+-4631.tif,train
474,/kaggle/working/real_text_10k_dataset/doc_g474_rot270.jpg,3,270,528014631+-4631.tif,train
475,/kaggle/working/real_text_10k_dataset/doc_g475_rot0.jpg,0,0,13373473.tif,train
475,/kaggle/working/real_text_10k_dataset/doc_g475_rot90.jpg,1,90,13373473.tif,train
475,/kaggle/working/real_text_10k_dataset/doc_g475_rot180.jpg,2,180,13373473.tif,train
475,/kaggle/working/real_text_10k_dataset/doc_g475_rot270.jpg,3,270,13373473.tif,train
476,/kaggle/working/real_text_10k_dataset/doc_g476_rot0.jpg,0,0,505859331.tif,train
476,/kaggle/working/real_text_10k_dataset/doc_g476_rot90.jpg,1,90,505859331.tif,train
476,/kaggle/working/real_text_10k_dataset/doc_g476_rot180.jpg,2,180,505859331.tif,train
476,/kaggle/working/real_text_10k_dataset/doc_g476_rot270.jpg,3,270,505859331.tif,train
477,/kaggle/working/real_text_10k_dataset/doc_g477_rot0.jpg,0,0,X51005605285.jpg,train
477,/kaggle/working/real_text_10k_dataset/doc_g477_rot90.jpg,1,90,X51005605285.jpg,train
477,/kaggle/working/real_text_10k_dataset/doc_g477_rot180.jpg,2,180,X51005605285.jpg,train
477,/kaggle/working/real_text_10k_dataset/doc_g477_rot270.jpg,3,270,X51005605285.jpg,train
478,/kaggle/working/real_text_10k_dataset/doc_g478_rot0.jpg,0,0,50075788_50075792.tif,train
478,/kaggle/working/real_text_10k_dataset/doc_g478_rot90.jpg,1,90,50075788_50075792.tif,train
478,/kaggle/working/real_text_10k_dataset/doc_g478_rot180.jpg,2,180,50075788_50075792.tif,train
478,/kaggle/working/real_text_10k_dataset/doc_g478_rot270.jpg,3,270,50075788_50075792.tif,train
479,/kaggle/working/real_text_10k_dataset/doc_g479_rot0.jpg,0,0,receipt_00723.png,test
479,/kaggle/working/real_text_10k_dataset/doc_g479_rot90.jpg,1,90,receipt_00723.png,test
479,/kaggle/working/real_text_10k_dataset/doc_g479_rot180.jpg,2,180,receipt_00723.png,test
479,/kaggle/working/real_text_10k_dataset/doc_g479_rot270.jpg,3,270,receipt_00723.png,test
480,/kaggle/working/real_text_10k_dataset/doc_g480_rot0.jpg,0,0,2030966737.tif,test
480,/kaggle/working/real_text_10k_dataset/doc_g480_rot90.jpg,1,90,2030966737.tif,test
480,/kaggle/working/real_text_10k_dataset/doc_g480_rot180.jpg,2,180,2030966737.tif,test
480,/kaggle/working/real_text_10k_dataset/doc_g480_rot270.jpg,3,270,2030966737.tif,test
481,/kaggle/working/real_text_10k_dataset/doc_g481_rot0.jpg,0,0,2028452451.tif,val
481,/kaggle/working/real_text_10k_dataset/doc_g481_rot90.jpg,1,90,2028452451.tif,val
481,/kaggle/working/real_text_10k_dataset/doc_g481_rot180.jpg,2,180,2028452451.tif,val
481,/kaggle/working/real_text_10k_dataset/doc_g481_rot270.jpg,3,270,2028452451.tif,val
482,/kaggle/working/real_text_10k_dataset/doc_g482_rot0.jpg,0,0,2021538094.tif,train
482,/kaggle/working/real_text_10k_dataset/doc_g482_rot90.jpg,1,90,2021538094.tif,train
482,/kaggle/working/real_text_10k_dataset/doc_g482_rot180.jpg,2,180,2021538094.tif,train
482,/kaggle/working/real_text_10k_dataset/doc_g482_rot270.jpg,3,270,2021538094.tif,train
483,/kaggle/working/real_text_10k_dataset/doc_g483_rot0.jpg,0,0,501461229+-1234.tif,val
483,/kaggle/working/real_text_10k_dataset/doc_g483_rot90.jpg,1,90,501461229+-1234.tif,val
483,/kaggle/working/real_text_10k_dataset/doc_g483_rot180.jpg,2,180,501461229+-1234.tif,val
483,/kaggle/working/real_text_10k_dataset/doc_g483_rot270.jpg,3,270,501461229+-1234.tif,val
484,/kaggle/working/real_text_10k_dataset/doc_g484_rot0.jpg,0,0,50425169-5170.tif,train
484,/kaggle/working/real_text_10k_dataset/doc_g484_rot90.jpg,1,90,50425169-5170.tif,train
484,/kaggle/working/real_text_10k_dataset/doc_g484_rot180.jpg,2,180,50425169-5170.tif,train
484,/kaggle/working/real_text_10k_dataset/doc_g484_rot270.jpg,3,270,50425169-5170.tif,train
485,/kaggle/working/real_text_10k_dataset/doc_g485_rot0.jpg,0,0,2069725847.tif,train
485,/kaggle/working/real_text_10k_dataset/doc_g485_rot90.jpg,1,90,2069725847.tif,train
485,/kaggle/working/real_text_10k_dataset/doc_g485_rot180.jpg,2,180,2069725847.tif,train
485,/kaggle/working/real_text_10k_dataset/doc_g485_rot270.jpg,3,270,2069725847.tif,train
486,/kaggle/working/real_text_10k_dataset/doc_g486_rot0.jpg,0,0,0001454943.tif,test
486,/kaggle/working/real_text_10k_dataset/doc_g486_rot90.jpg,1,90,0001454943.tif,test
486,/kaggle/working/real_text_10k_dataset/doc_g486_rot180.jpg,2,180,0001454943.tif,test
486,/kaggle/working/real_text_10k_dataset/doc_g486_rot270.jpg,3,270,0001454943.tif,test
487,/kaggle/working/real_text_10k_dataset/doc_g487_rot0.jpg,0,0,11048890_11048896.tif,test
487,/kaggle/working/real_text_10k_dataset/doc_g487_rot90.jpg,1,90,11048890_11048896.tif,test
487,/kaggle/working/real_text_10k_dataset/doc_g487_rot180.jpg,2,180,11048890_11048896.tif,test
487,/kaggle/working/real_text_10k_dataset/doc_g487_rot270.jpg,3,270,11048890_11048896.tif,test
488,/kaggle/working/real_text_10k_dataset/doc_g488_rot0.jpg,0,0,2048393195_3196.tif,train
488,/kaggle/working/real_text_10k_dataset/doc_g488_rot90.jpg,1,90,2048393195_3196.tif,train
488,/kaggle/working/real_text_10k_dataset/doc_g488_rot180.jpg,2,180,2048393195_3196.tif,train
488,/kaggle/working/real_text_10k_dataset/doc_g488_rot270.jpg,3,270,2048393195_3196.tif,train
489,/kaggle/working/real_text_10k_dataset/doc_g489_rot0.jpg,0,0,506813371_506813372.tif,train
489,/kaggle/working/real_text_10k_dataset/doc_g489_rot90.jpg,1,90,506813371_506813372.tif,train
489,/kaggle/working/real_text_10k_dataset/doc_g489_rot180.jpg,2,180,506813371_506813372.tif,train
489,/kaggle/working/real_text_10k_dataset/doc_g489_rot270.jpg,3,270,506813371_506813372.tif,train
490,/kaggle/working/real_text_10k_dataset/doc_g490_rot0.jpg,0,0,2023414380_2023414506.tif,train
490,/kaggle/working/real_text_10k_dataset/doc_g490_rot90.jpg,1,90,2023414380_2023414506.tif,train
490,/kaggle/working/real_text_10k_dataset/doc_g490_rot180.jpg,2,180,2023414380_2023414506.tif,train
490,/kaggle/working/real_text_10k_dataset/doc_g490_rot270.jpg,3,270,2023414380_2023414506.tif,train
491,/kaggle/working/real_text_10k_dataset/doc_g491_rot0.jpg,0,0,2500054291.tif,train
491,/kaggle/working/real_text_10k_dataset/doc_g491_rot90.jpg,1,90,2500054291.tif,train
491,/kaggle/working/real_text_10k_dataset/doc_g491_rot180.jpg,2,180,2500054291.tif,train
491,/kaggle/working/real_text_10k_dataset/doc_g491_rot270.jpg,3,270,2500054291.tif,train
492,/kaggle/working/real_text_10k_dataset/doc_g492_rot0.jpg,0,0,2021308890_2021308956.tif,train
492,/kaggle/working/real_text_10k_dataset/doc_g492_rot90.jpg,1,90,2021308890_2021308956.tif,train
492,/kaggle/working/real_text_10k_dataset/doc_g492_rot180.jpg,2,180,2021308890_2021308956.tif,train
492,/kaggle/working/real_text_10k_dataset/doc_g492_rot270.jpg,3,270,2021308890_2021308956.tif,train
493,/kaggle/working/real_text_10k_dataset/doc_g493_rot0.jpg,0,0,1003044312.tif,train
493,/kaggle/working/real_text_10k_dataset/doc_g493_rot90.jpg,1,90,1003044312.tif,train
493,/kaggle/working/real_text_10k_dataset/doc_g493_rot180.jpg,2,180,1003044312.tif,train
493,/kaggle/working/real_text_10k_dataset/doc_g493_rot270.jpg,3,270,1003044312.tif,train
494,/kaggle/working/real_text_10k_dataset/doc_g494_rot0.jpg,0,0,0060262105.tif,train
494,/kaggle/working/real_text_10k_dataset/doc_g494_rot90.jpg,1,90,0060262105.tif,train
494,/kaggle/working/real_text_10k_dataset/doc_g494_rot180.jpg,2,180,0060262105.tif,train
494,/kaggle/working/real_text_10k_dataset/doc_g494_rot270.jpg,3,270,0060262105.tif,train
495,/kaggle/working/real_text_10k_dataset/doc_g495_rot0.jpg,0,0,83768941.tif,train
495,/kaggle/working/real_text_10k_dataset/doc_g495_rot90.jpg,1,90,83768941.tif,train
495,/kaggle/working/real_text_10k_dataset/doc_g495_rot180.jpg,2,180,83768941.tif,train
495,/kaggle/working/real_text_10k_dataset/doc_g495_rot270.jpg,3,270,83768941.tif,train
496,/kaggle/working/real_text_10k_dataset/doc_g496_rot0.jpg,0,0,2072942571.tif,val
496,/kaggle/working/real_text_10k_dataset/doc_g496_rot90.jpg,1,90,2072942571.tif,val
496,/kaggle/working/real_text_10k_dataset/doc_g496_rot180.jpg,2,180,2072942571.tif,val
496,/kaggle/working/real_text_10k_dataset/doc_g496_rot270.jpg,3,270,2072942571.tif,val
497,/kaggle/working/real_text_10k_dataset/doc_g497_rot0.jpg,0,0,527832989+-2989.tif,train
497,/kaggle/working/real_text_10k_dataset/doc_g497_rot90.jpg,1,90,527832989+-2989.tif,train
497,/kaggle/working/real_text_10k_dataset/doc_g497_rot180.jpg,2,180,527832989+-2989.tif,train
497,/kaggle/working/real_text_10k_dataset/doc_g497_rot270.jpg,3,270,527832989+-2989.tif,train
498,/kaggle/working/real_text_10k_dataset/doc_g498_rot0.jpg,0,0,2015056016.tif,test
498,/kaggle/working/real_text_10k_dataset/doc_g498_rot90.jpg,1,90,2015056016.tif,test
498,/kaggle/working/real_text_10k_dataset/doc_g498_rot180.jpg,2,180,2015056016.tif,test
498,/kaggle/working/real_text_10k_dataset/doc_g498_rot270.jpg,3,270,2015056016.tif,test
499,/kaggle/working/real_text_10k_dataset/doc_g499_rot0.jpg,0,0,0060186220.tif,test
499,/kaggle/working/real_text_10k_dataset/doc_g499_rot90.jpg,1,90,0060186220.tif,test
499,/kaggle/working/real_text_10k_dataset/doc_g499_rot180.jpg,2,180,0060186220.tif,test
499,/kaggle/working/real_text_10k_dataset/doc_g499_rot270.jpg,3,270,0060186220.tif,test
500,/kaggle/working/real_text_10k_dataset/doc_g500_rot0.jpg,0,0,03012420-c.tif,train
500,/kaggle/working/real_text_10k_dataset/doc_g500_rot90.jpg,1,90,03012420-c.tif,train
500,/kaggle/working/real_text_10k_dataset/doc_g500_rot180.jpg,2,180,03012420-c.tif,train
500,/kaggle/working/real_text_10k_dataset/doc_g500_rot270.jpg,3,270,03012420-c.tif,train
501,/kaggle/working/real_text_10k_dataset/doc_g501_rot0.jpg,0,0,0000319292.tif,train
501,/kaggle/working/real_text_10k_dataset/doc_g501_rot90.jpg,1,90,0000319292.tif,train
501,/kaggle/working/real_text_10k_dataset/doc_g501_rot180.jpg,2,180,0000319292.tif,train
501,/kaggle/working/real_text_10k_dataset/doc_g501_rot270.jpg,3,270,0000319292.tif,train
502,/kaggle/working/real_text_10k_dataset/doc_g502_rot0.jpg,0,0,1000750346.tif,train
502,/kaggle/working/real_text_10k_dataset/doc_g502_rot90.jpg,1,90,1000750346.tif,train
502,/kaggle/working/real_text_10k_dataset/doc_g502_rot180.jpg,2,180,1000750346.tif,train
502,/kaggle/working/real_text_10k_dataset/doc_g502_rot270.jpg,3,270,1000750346.tif,train
503,/kaggle/working/real_text_10k_dataset/doc_g503_rot0.jpg,0,0,11885044.tif,train
503,/kaggle/working/real_text_10k_dataset/doc_g503_rot90.jpg,1,90,11885044.tif,train
503,/kaggle/working/real_text_10k_dataset/doc_g503_rot180.jpg,2,180,11885044.tif,train
503,/kaggle/working/real_text_10k_dataset/doc_g503_rot270.jpg,3,270,11885044.tif,train
504,/kaggle/working/real_text_10k_dataset/doc_g504_rot0.jpg,0,0,2085133785b.tif,train
504,/kaggle/working/real_text_10k_dataset/doc_g504_rot90.jpg,1,90,2085133785b.tif,train
504,/kaggle/working/real_text_10k_dataset/doc_g504_rot180.jpg,2,180,2085133785b.tif,train
504,/kaggle/working/real_text_10k_dataset/doc_g504_rot270.jpg,3,270,2085133785b.tif,train
505,/kaggle/working/real_text_10k_dataset/doc_g505_rot0.jpg,0,0,87301365-b_87301397.tif,train
505,/kaggle/working/real_text_10k_dataset/doc_g505_rot90.jpg,1,90,87301365-b_87301397.tif,train
505,/kaggle/working/real_text_10k_dataset/doc_g505_rot180.jpg,2,180,87301365-b_87301397.tif,train
505,/kaggle/working/real_text_10k_dataset/doc_g505_rot270.jpg,3,270,87301365-b_87301397.tif,train
506,/kaggle/working/real_text_10k_dataset/doc_g506_rot0.jpg,0,0,2044182224_2226.tif,train
506,/kaggle/working/real_text_10k_dataset/doc_g506_rot90.jpg,1,90,2044182224_2226.tif,train
506,/kaggle/working/real_text_10k_dataset/doc_g506_rot180.jpg,2,180,2044182224_2226.tif,train
506,/kaggle/working/real_text_10k_dataset/doc_g506_rot270.jpg,3,270,2044182224_2226.tif,train
507,/kaggle/working/real_text_10k_dataset/doc_g507_rot0.jpg,0,0,528866045+-6046.tif,train
507,/kaggle/working/real_text_10k_dataset/doc_g507_rot90.jpg,1,90,528866045+-6046.tif,train
507,/kaggle/working/real_text_10k_dataset/doc_g507_rot180.jpg,2,180,528866045+-6046.tif,train
507,/kaggle/working/real_text_10k_dataset/doc_g507_rot270.jpg,3,270,528866045+-6046.tif,train
508,/kaggle/working/real_text_10k_dataset/doc_g508_rot0.jpg,0,0,receipt_00652.png,test
508,/kaggle/working/real_text_10k_dataset/doc_g508_rot90.jpg,1,90,receipt_00652.png,test
508,/kaggle/working/real_text_10k_dataset/doc_g508_rot180.jpg,2,180,receipt_00652.png,test
508,/kaggle/working/real_text_10k_dataset/doc_g508_rot270.jpg,3,270,receipt_00652.png,test
509,/kaggle/working/real_text_10k_dataset/doc_g509_rot0.jpg,0,0,2501076141.tif,test
509,/kaggle/working/real_text_10k_dataset/doc_g509_rot90.jpg,1,90,2501076141.tif,test
509,/kaggle/working/real_text_10k_dataset/doc_g509_rot180.jpg,2,180,2501076141.tif,test
509,/kaggle/working/real_text_10k_dataset/doc_g509_rot270.jpg,3,270,2501076141.tif,test
510,/kaggle/working/real_text_10k_dataset/doc_g510_rot0.jpg,0,0,corti0004211_4237.tif,test
510,/kaggle/working/real_text_10k_dataset/doc_g510_rot90.jpg,1,90,corti0004211_4237.tif,test
510,/kaggle/working/real_text_10k_dataset/doc_g510_rot180.jpg,2,180,corti0004211_4237.tif,test
510,/kaggle/working/real_text_10k_dataset/doc_g510_rot270.jpg,3,270,corti0004211_4237.tif,test
511,/kaggle/working/real_text_10k_dataset/doc_g511_rot0.jpg,0,0,2021568741_2021568742.tif,train
511,/kaggle/working/real_text_10k_dataset/doc_g511_rot90.jpg,1,90,2021568741_2021568742.tif,train
511,/kaggle/working/real_text_10k_dataset/doc_g511_rot180.jpg,2,180,2021568741_2021568742.tif,train
511,/kaggle/working/real_text_10k_dataset/doc_g511_rot270.jpg,3,270,2021568741_2021568742.tif,train
512,/kaggle/working/real_text_10k_dataset/doc_g512_rot0.jpg,0,0,2028400399.tif,train
512,/kaggle/working/real_text_10k_dataset/doc_g512_rot90.jpg,1,90,2028400399.tif,train
512,/kaggle/working/real_text_10k_dataset/doc_g512_rot180.jpg,2,180,2028400399.tif,train
512,/kaggle/working/real_text_10k_dataset/doc_g512_rot270.jpg,3,270,2028400399.tif,train
513,/kaggle/working/real_text_10k_dataset/doc_g513_rot0.jpg,0,0,2078564026.tif,train
513,/kaggle/working/real_text_10k_dataset/doc_g513_rot90.jpg,1,90,2078564026.tif,train
513,/kaggle/working/real_text_10k_dataset/doc_g513_rot180.jpg,2,180,2078564026.tif,train
513,/kaggle/working/real_text_10k_dataset/doc_g513_rot270.jpg,3,270,2078564026.tif,train
514,/kaggle/working/real_text_10k_dataset/doc_g514_rot0.jpg,0,0,01074025.tif,train
514,/kaggle/working/real_text_10k_dataset/doc_g514_rot90.jpg,1,90,01074025.tif,train
514,/kaggle/working/real_text_10k_dataset/doc_g514_rot180.jpg,2,180,01074025.tif,train
514,/kaggle/working/real_text_10k_dataset/doc_g514_rot270.jpg,3,270,01074025.tif,train
515,/kaggle/working/real_text_10k_dataset/doc_g515_rot0.jpg,0,0,00383487_3491.tif,train
515,/kaggle/working/real_text_10k_dataset/doc_g515_rot90.jpg,1,90,00383487_3491.tif,train
515,/kaggle/working/real_text_10k_dataset/doc_g515_rot180.jpg,2,180,00383487_3491.tif,train
515,/kaggle/working/real_text_10k_dataset/doc_g515_rot270.jpg,3,270,00383487_3491.tif,train
516,/kaggle/working/real_text_10k_dataset/doc_g516_rot0.jpg,0,0,522195370+-5379.tif,train
516,/kaggle/working/real_text_10k_dataset/doc_g516_rot90.jpg,1,90,522195370+-5379.tif,train
516,/kaggle/working/real_text_10k_dataset/doc_g516_rot180.jpg,2,180,522195370+-5379.tif,train
516,/kaggle/working/real_text_10k_dataset/doc_g516_rot270.jpg,3,270,522195370+-5379.tif,train
517,/kaggle/working/real_text_10k_dataset/doc_g517_rot0.jpg,0,0,10140546_10140549.tif,train
517,/kaggle/working/real_text_10k_dataset/doc_g517_rot90.jpg,1,90,10140546_10140549.tif,train
517,/kaggle/working/real_text_10k_dataset/doc_g517_rot180.jpg,2,180,10140546_10140549.tif,train
517,/kaggle/working/real_text_10k_dataset/doc_g517_rot270.jpg,3,270,10140546_10140549.tif,train
518,/kaggle/working/real_text_10k_dataset/doc_g518_rot0.jpg,0,0,50611040-1041.tif,train
518,/kaggle/working/real_text_10k_dataset/doc_g518_rot90.jpg,1,90,50611040-1041.tif,train
518,/kaggle/working/real_text_10k_dataset/doc_g518_rot180.jpg,2,180,50611040-1041.tif,train
518,/kaggle/working/real_text_10k_dataset/doc_g518_rot270.jpg,3,270,50611040-1041.tif,train
519,/kaggle/working/real_text_10k_dataset/doc_g519_rot0.jpg,0,0,50402145-2146.tif,val
519,/kaggle/working/real_text_10k_dataset/doc_g519_rot90.jpg,1,90,50402145-2146.tif,val
519,/kaggle/working/real_text_10k_dataset/doc_g519_rot180.jpg,2,180,50402145-2146.tif,val
519,/kaggle/working/real_text_10k_dataset/doc_g519_rot270.jpg,3,270,50402145-2146.tif,val
520,/kaggle/working/real_text_10k_dataset/doc_g520_rot0.jpg,0,0,87636525_87636526.tif,train
520,/kaggle/working/real_text_10k_dataset/doc_g520_rot90.jpg,1,90,87636525_87636526.tif,train
520,/kaggle/working/real_text_10k_dataset/doc_g520_rot180.jpg,2,180,87636525_87636526.tif,train
520,/kaggle/working/real_text_10k_dataset/doc_g520_rot270.jpg,3,270,87636525_87636526.tif,train
521,/kaggle/working/real_text_10k_dataset/doc_g521_rot0.jpg,0,0,2072186615.tif,train
521,/kaggle/working/real_text_10k_dataset/doc_g521_rot90.jpg,1,90,2072186615.tif,train
521,/kaggle/working/real_text_10k_dataset/doc_g521_rot180.jpg,2,180,2072186615.tif,train
521,/kaggle/working/real_text_10k_dataset/doc_g521_rot270.jpg,3,270,2072186615.tif,train
522,/kaggle/working/real_text_10k_dataset/doc_g522_rot0.jpg,0,0,0060102498.tif,val
522,/kaggle/working/real_text_10k_dataset/doc_g522_rot90.jpg,1,90,0060102498.tif,val
522,/kaggle/working/real_text_10k_dataset/doc_g522_rot180.jpg,2,180,0060102498.tif,val
522,/kaggle/working/real_text_10k_dataset/doc_g522_rot270.jpg,3,270,0060102498.tif,val
523,/kaggle/working/real_text_10k_dataset/doc_g523_rot0.jpg,0,0,2054471728.tif,val
523,/kaggle/working/real_text_10k_dataset/doc_g523_rot90.jpg,1,90,2054471728.tif,val
523,/kaggle/working/real_text_10k_dataset/doc_g523_rot180.jpg,2,180,2054471728.tif,val
523,/kaggle/working/real_text_10k_dataset/doc_g523_rot270.jpg,3,270,2054471728.tif,val
524,/kaggle/working/real_text_10k_dataset/doc_g524_rot0.jpg,0,0,0000571251.tif,train
524,/kaggle/working/real_text_10k_dataset/doc_g524_rot90.jpg,1,90,0000571251.tif,train
524,/kaggle/working/real_text_10k_dataset/doc_g524_rot180.jpg,2,180,0000571251.tif,train
524,/kaggle/working/real_text_10k_dataset/doc_g524_rot270.jpg,3,270,0000571251.tif,train
525,/kaggle/working/real_text_10k_dataset/doc_g525_rot0.jpg,0,0,2058030841.tif,train
525,/kaggle/working/real_text_10k_dataset/doc_g525_rot90.jpg,1,90,2058030841.tif,train
525,/kaggle/working/real_text_10k_dataset/doc_g525_rot180.jpg,2,180,2058030841.tif,train
525,/kaggle/working/real_text_10k_dataset/doc_g525_rot270.jpg,3,270,2058030841.tif,train
526,/kaggle/working/real_text_10k_dataset/doc_g526_rot0.jpg,0,0,2045487154_2045487165.tif,train
526,/kaggle/working/real_text_10k_dataset/doc_g526_rot90.jpg,1,90,2045487154_2045487165.tif,train
526,/kaggle/working/real_text_10k_dataset/doc_g526_rot180.jpg,2,180,2045487154_2045487165.tif,train
526,/kaggle/working/real_text_10k_dataset/doc_g526_rot270.jpg,3,270,2045487154_2045487165.tif,train
527,/kaggle/working/real_text_10k_dataset/doc_g527_rot0.jpg,0,0,2046750479.tif,train
527,/kaggle/working/real_text_10k_dataset/doc_g527_rot90.jpg,1,90,2046750479.tif,train
527,/kaggle/working/real_text_10k_dataset/doc_g527_rot180.jpg,2,180,2046750479.tif,train
527,/kaggle/working/real_text_10k_dataset/doc_g527_rot270.jpg,3,270,2046750479.tif,train
528,/kaggle/working/real_text_10k_dataset/doc_g528_rot0.jpg,0,0,10359169_10359171.tif,val
528,/kaggle/working/real_text_10k_dataset/doc_g528_rot90.jpg,1,90,10359169_10359171.tif,val
528,/kaggle/working/real_text_10k_dataset/doc_g528_rot180.jpg,2,180,10359169_10359171.tif,val
528,/kaggle/working/real_text_10k_dataset/doc_g528_rot270.jpg,3,270,10359169_10359171.tif,val
529,/kaggle/working/real_text_10k_dataset/doc_g529_rot0.jpg,0,0,2074960598.tif,test
529,/kaggle/working/real_text_10k_dataset/doc_g529_rot90.jpg,1,90,2074960598.tif,test
529,/kaggle/working/real_text_10k_dataset/doc_g529_rot180.jpg,2,180,2074960598.tif,test
529,/kaggle/working/real_text_10k_dataset/doc_g529_rot270.jpg,3,270,2074960598.tif,test
530,/kaggle/working/real_text_10k_dataset/doc_g530_rot0.jpg,0,0,89931128_1133.tif,train
530,/kaggle/working/real_text_10k_dataset/doc_g530_rot90.jpg,1,90,89931128_1133.tif,train
530,/kaggle/working/real_text_10k_dataset/doc_g530_rot180.jpg,2,180,89931128_1133.tif,train
530,/kaggle/working/real_text_10k_dataset/doc_g530_rot270.jpg,3,270,89931128_1133.tif,train
531,/kaggle/working/real_text_10k_dataset/doc_g531_rot0.jpg,0,0,11296138.tif,val
531,/kaggle/working/real_text_10k_dataset/doc_g531_rot90.jpg,1,90,11296138.tif,val
531,/kaggle/working/real_text_10k_dataset/doc_g531_rot180.jpg,2,180,11296138.tif,val
531,/kaggle/working/real_text_10k_dataset/doc_g531_rot270.jpg,3,270,11296138.tif,val
532,/kaggle/working/real_text_10k_dataset/doc_g532_rot0.jpg,0,0,2028885112-a_2028885113.tif,train
532,/kaggle/working/real_text_10k_dataset/doc_g532_rot90.jpg,1,90,2028885112-a_2028885113.tif,train
532,/kaggle/working/real_text_10k_dataset/doc_g532_rot180.jpg,2,180,2028885112-a_2028885113.tif,train
532,/kaggle/working/real_text_10k_dataset/doc_g532_rot270.jpg,3,270,2028885112-a_2028885113.tif,train
533,/kaggle/working/real_text_10k_dataset/doc_g533_rot0.jpg,0,0,89282241_89282242.tif,test
533,/kaggle/working/real_text_10k_dataset/doc_g533_rot90.jpg,1,90,89282241_89282242.tif,test
533,/kaggle/working/real_text_10k_dataset/doc_g533_rot180.jpg,2,180,89282241_89282242.tif,test
533,/kaggle/working/real_text_10k_dataset/doc_g533_rot270.jpg,3,270,89282241_89282242.tif,test
534,/kaggle/working/real_text_10k_dataset/doc_g534_rot0.jpg,0,0,2029267612_7628.tif,train
534,/kaggle/working/real_text_10k_dataset/doc_g534_rot90.jpg,1,90,2029267612_7628.tif,train
534,/kaggle/working/real_text_10k_dataset/doc_g534_rot180.jpg,2,180,2029267612_7628.tif,train
534,/kaggle/working/real_text_10k_dataset/doc_g534_rot270.jpg,3,270,2029267612_7628.tif,train
535,/kaggle/working/real_text_10k_dataset/doc_g535_rot0.jpg,0,0,1000298758.tif,train
535,/kaggle/working/real_text_10k_dataset/doc_g535_rot90.jpg,1,90,1000298758.tif,train
535,/kaggle/working/real_text_10k_dataset/doc_g535_rot180.jpg,2,180,1000298758.tif,train
535,/kaggle/working/real_text_10k_dataset/doc_g535_rot270.jpg,3,270,1000298758.tif,train
536,/kaggle/working/real_text_10k_dataset/doc_g536_rot0.jpg,0,0,96652311.tif,train
536,/kaggle/working/real_text_10k_dataset/doc_g536_rot90.jpg,1,90,96652311.tif,train
536,/kaggle/working/real_text_10k_dataset/doc_g536_rot180.jpg,2,180,96652311.tif,train
536,/kaggle/working/real_text_10k_dataset/doc_g536_rot270.jpg,3,270,96652311.tif,train
537,/kaggle/working/real_text_10k_dataset/doc_g537_rot0.jpg,0,0,558.jpg,train
537,/kaggle/working/real_text_10k_dataset/doc_g537_rot90.jpg,1,90,558.jpg,train
537,/kaggle/working/real_text_10k_dataset/doc_g537_rot180.jpg,2,180,558.jpg,train
537,/kaggle/working/real_text_10k_dataset/doc_g537_rot270.jpg,3,270,558.jpg,train
538,/kaggle/working/real_text_10k_dataset/doc_g538_rot0.jpg,0,0,X51006555835.jpg,train
538,/kaggle/working/real_text_10k_dataset/doc_g538_rot90.jpg,1,90,X51006555835.jpg,train
538,/kaggle/working/real_text_10k_dataset/doc_g538_rot180.jpg,2,180,X51006555835.jpg,train
538,/kaggle/working/real_text_10k_dataset/doc_g538_rot270.jpg,3,270,X51006555835.jpg,train
539,/kaggle/working/real_text_10k_dataset/doc_g539_rot0.jpg,0,0,517238254+-8256.tif,train
539,/kaggle/working/real_text_10k_dataset/doc_g539_rot90.jpg,1,90,517238254+-8256.tif,train
539,/kaggle/working/real_text_10k_dataset/doc_g539_rot180.jpg,2,180,517238254+-8256.tif,train
539,/kaggle/working/real_text_10k_dataset/doc_g539_rot270.jpg,3,270,517238254+-8256.tif,train
540,/kaggle/working/real_text_10k_dataset/doc_g540_rot0.jpg,0,0,93803683.tif,train
540,/kaggle/working/real_text_10k_dataset/doc_g540_rot90.jpg,1,90,93803683.tif,train
540,/kaggle/working/real_text_10k_dataset/doc_g540_rot180.jpg,2,180,93803683.tif,train
540,/kaggle/working/real_text_10k_dataset/doc_g540_rot270.jpg,3,270,93803683.tif,train
541,/kaggle/working/real_text_10k_dataset/doc_g541_rot0.jpg,0,0,2076512900.tif,train
541,/kaggle/working/real_text_10k_dataset/doc_g541_rot90.jpg,1,90,2076512900.tif,train
541,/kaggle/working/real_text_10k_dataset/doc_g541_rot180.jpg,2,180,2076512900.tif,train
541,/kaggle/working/real_text_10k_dataset/doc_g541_rot270.jpg,3,270,2076512900.tif,train
542,/kaggle/working/real_text_10k_dataset/doc_g542_rot0.jpg,0,0,2069733046.tif,train
542,/kaggle/working/real_text_10k_dataset/doc_g542_rot90.jpg,1,90,2069733046.tif,train
542,/kaggle/working/real_text_10k_dataset/doc_g542_rot180.jpg,2,180,2069733046.tif,train
542,/kaggle/working/real_text_10k_dataset/doc_g542_rot270.jpg,3,270,2069733046.tif,train
543,/kaggle/working/real_text_10k_dataset/doc_g543_rot0.jpg,0,0,50691422-1423.tif,train
543,/kaggle/working/real_text_10k_dataset/doc_g543_rot90.jpg,1,90,50691422-1423.tif,train
543,/kaggle/working/real_text_10k_dataset/doc_g543_rot180.jpg,2,180,50691422-1423.tif,train
543,/kaggle/working/real_text_10k_dataset/doc_g543_rot270.jpg,3,270,50691422-1423.tif,train
544,/kaggle/working/real_text_10k_dataset/doc_g544_rot0.jpg,0,0,1003537587-a.tif,train
544,/kaggle/working/real_text_10k_dataset/doc_g544_rot90.jpg,1,90,1003537587-a.tif,train
544,/kaggle/working/real_text_10k_dataset/doc_g544_rot180.jpg,2,180,1003537587-a.tif,train
544,/kaggle/working/real_text_10k_dataset/doc_g544_rot270.jpg,3,270,1003537587-a.tif,train
545,/kaggle/working/real_text_10k_dataset/doc_g545_rot0.jpg,0,0,50254602-4608.tif,val
545,/kaggle/working/real_text_10k_dataset/doc_g545_rot90.jpg,1,90,50254602-4608.tif,val
545,/kaggle/working/real_text_10k_dataset/doc_g545_rot180.jpg,2,180,50254602-4608.tif,val
545,/kaggle/working/real_text_10k_dataset/doc_g545_rot270.jpg,3,270,50254602-4608.tif,val
546,/kaggle/working/real_text_10k_dataset/doc_g546_rot0.jpg,0,0,2072569210b.tif,train
546,/kaggle/working/real_text_10k_dataset/doc_g546_rot90.jpg,1,90,2072569210b.tif,train
546,/kaggle/working/real_text_10k_dataset/doc_g546_rot180.jpg,2,180,2072569210b.tif,train
546,/kaggle/working/real_text_10k_dataset/doc_g546_rot270.jpg,3,270,2072569210b.tif,train
547,/kaggle/working/real_text_10k_dataset/doc_g547_rot0.jpg,0,0,2028995828_2028995829.tif,train
547,/kaggle/working/real_text_10k_dataset/doc_g547_rot90.jpg,1,90,2028995828_2028995829.tif,train
547,/kaggle/working/real_text_10k_dataset/doc_g547_rot180.jpg,2,180,2028995828_2028995829.tif,train
547,/kaggle/working/real_text_10k_dataset/doc_g547_rot270.jpg,3,270,2028995828_2028995829.tif,train
548,/kaggle/working/real_text_10k_dataset/doc_g548_rot0.jpg,0,0,71223798.tif,train
548,/kaggle/working/real_text_10k_dataset/doc_g548_rot90.jpg,1,90,71223798.tif,train
548,/kaggle/working/real_text_10k_dataset/doc_g548_rot180.jpg,2,180,71223798.tif,train
548,/kaggle/working/real_text_10k_dataset/doc_g548_rot270.jpg,3,270,71223798.tif,train
549,/kaggle/working/real_text_10k_dataset/doc_g549_rot0.jpg,0,0,2026368781.tif,train
549,/kaggle/working/real_text_10k_dataset/doc_g549_rot90.jpg,1,90,2026368781.tif,train
549,/kaggle/working/real_text_10k_dataset/doc_g549_rot180.jpg,2,180,2026368781.tif,train
549,/kaggle/working/real_text_10k_dataset/doc_g549_rot270.jpg,3,270,2026368781.tif,train
550,/kaggle/working/real_text_10k_dataset/doc_g550_rot0.jpg,0,0,2071786262.tif,train
550,/kaggle/working/real_text_10k_dataset/doc_g550_rot90.jpg,1,90,2071786262.tif,train
550,/kaggle/working/real_text_10k_dataset/doc_g550_rot180.jpg,2,180,2071786262.tif,train
550,/kaggle/working/real_text_10k_dataset/doc_g550_rot270.jpg,3,270,2071786262.tif,train
551,/kaggle/working/real_text_10k_dataset/doc_g551_rot0.jpg,0,0,504108460_504108465.tif,train
551,/kaggle/working/real_text_10k_dataset/doc_g551_rot90.jpg,1,90,504108460_504108465.tif,train
551,/kaggle/working/real_text_10k_dataset/doc_g551_rot180.jpg,2,180,504108460_504108465.tif,train
551,/kaggle/working/real_text_10k_dataset/doc_g551_rot270.jpg,3,270,504108460_504108465.tif,train
552,/kaggle/working/real_text_10k_dataset/doc_g552_rot0.jpg,0,0,92108481.tif,train
552,/kaggle/working/real_text_10k_dataset/doc_g552_rot90.jpg,1,90,92108481.tif,train
552,/kaggle/working/real_text_10k_dataset/doc_g552_rot180.jpg,2,180,92108481.tif,train
552,/kaggle/working/real_text_10k_dataset/doc_g552_rot270.jpg,3,270,92108481.tif,train
553,/kaggle/working/real_text_10k_dataset/doc_g553_rot0.jpg,0,0,2501213247.tif,train
553,/kaggle/working/real_text_10k_dataset/doc_g553_rot90.jpg,1,90,2501213247.tif,train
553,/kaggle/working/real_text_10k_dataset/doc_g553_rot180.jpg,2,180,2501213247.tif,train
553,/kaggle/working/real_text_10k_dataset/doc_g553_rot270.jpg,3,270,2501213247.tif,train
554,/kaggle/working/real_text_10k_dataset/doc_g554_rot0.jpg,0,0,receipt_00134.png,train
554,/kaggle/working/real_text_10k_dataset/doc_g554_rot90.jpg,1,90,receipt_00134.png,train
554,/kaggle/working/real_text_10k_dataset/doc_g554_rot180.jpg,2,180,receipt_00134.png,train
554,/kaggle/working/real_text_10k_dataset/doc_g554_rot270.jpg,3,270,receipt_00134.png,train
555,/kaggle/working/real_text_10k_dataset/doc_g555_rot0.jpg,0,0,0071016155.tif,val
555,/kaggle/working/real_text_10k_dataset/doc_g555_rot90.jpg,1,90,0071016155.tif,val
555,/kaggle/working/real_text_10k_dataset/doc_g555_rot180.jpg,2,180,0071016155.tif,val
555,/kaggle/working/real_text_10k_dataset/doc_g555_rot270.jpg,3,270,0071016155.tif,val
556,/kaggle/working/real_text_10k_dataset/doc_g556_rot0.jpg,0,0,2046518493.tif,train
556,/kaggle/working/real_text_10k_dataset/doc_g556_rot90.jpg,1,90,2046518493.tif,train
556,/kaggle/working/real_text_10k_dataset/doc_g556_rot180.jpg,2,180,2046518493.tif,train
556,/kaggle/working/real_text_10k_dataset/doc_g556_rot270.jpg,3,270,2046518493.tif,train
557,/kaggle/working/real_text_10k_dataset/doc_g557_rot0.jpg,0,0,2029183325.tif,train
557,/kaggle/working/real_text_10k_dataset/doc_g557_rot90.jpg,1,90,2029183325.tif,train
557,/kaggle/working/real_text_10k_dataset/doc_g557_rot180.jpg,2,180,2029183325.tif,train
557,/kaggle/working/real_text_10k_dataset/doc_g557_rot270.jpg,3,270,2029183325.tif,train
558,/kaggle/working/real_text_10k_dataset/doc_g558_rot0.jpg,0,0,0011840875.tif,train
558,/kaggle/working/real_text_10k_dataset/doc_g558_rot90.jpg,1,90,0011840875.tif,train
558,/kaggle/working/real_text_10k_dataset/doc_g558_rot180.jpg,2,180,0011840875.tif,train
558,/kaggle/working/real_text_10k_dataset/doc_g558_rot270.jpg,3,270,0011840875.tif,train
559,/kaggle/working/real_text_10k_dataset/doc_g559_rot0.jpg,0,0,2048732391.tif,train
559,/kaggle/working/real_text_10k_dataset/doc_g559_rot90.jpg,1,90,2048732391.tif,train
559,/kaggle/working/real_text_10k_dataset/doc_g559_rot180.jpg,2,180,2048732391.tif,train
559,/kaggle/working/real_text_10k_dataset/doc_g559_rot270.jpg,3,270,2048732391.tif,train
560,/kaggle/working/real_text_10k_dataset/doc_g560_rot0.jpg,0,0,99374377_4379.tif,train
560,/kaggle/working/real_text_10k_dataset/doc_g560_rot90.jpg,1,90,99374377_4379.tif,train
560,/kaggle/working/real_text_10k_dataset/doc_g560_rot180.jpg,2,180,99374377_4379.tif,train
560,/kaggle/working/real_text_10k_dataset/doc_g560_rot270.jpg,3,270,99374377_4379.tif,train
561,/kaggle/working/real_text_10k_dataset/doc_g561_rot0.jpg,0,0,X51006913018.jpg,train
561,/kaggle/working/real_text_10k_dataset/doc_g561_rot90.jpg,1,90,X51006913018.jpg,train
561,/kaggle/working/real_text_10k_dataset/doc_g561_rot180.jpg,2,180,X51006913018.jpg,train
561,/kaggle/working/real_text_10k_dataset/doc_g561_rot270.jpg,3,270,X51006913018.jpg,train
562,/kaggle/working/real_text_10k_dataset/doc_g562_rot0.jpg,0,0,2078784491a.tif,train
562,/kaggle/working/real_text_10k_dataset/doc_g562_rot90.jpg,1,90,2078784491a.tif,train
562,/kaggle/working/real_text_10k_dataset/doc_g562_rot180.jpg,2,180,2078784491a.tif,train
562,/kaggle/working/real_text_10k_dataset/doc_g562_rot270.jpg,3,270,2078784491a.tif,train
563,/kaggle/working/real_text_10k_dataset/doc_g563_rot0.jpg,0,0,518094753_518094754.tif,train
563,/kaggle/working/real_text_10k_dataset/doc_g563_rot90.jpg,1,90,518094753_518094754.tif,train
563,/kaggle/working/real_text_10k_dataset/doc_g563_rot180.jpg,2,180,518094753_518094754.tif,train
563,/kaggle/working/real_text_10k_dataset/doc_g563_rot270.jpg,3,270,518094753_518094754.tif,train
564,/kaggle/working/real_text_10k_dataset/doc_g564_rot0.jpg,0,0,0060121826.tif,train
564,/kaggle/working/real_text_10k_dataset/doc_g564_rot90.jpg,1,90,0060121826.tif,train
564,/kaggle/working/real_text_10k_dataset/doc_g564_rot180.jpg,2,180,0060121826.tif,train
564,/kaggle/working/real_text_10k_dataset/doc_g564_rot270.jpg,3,270,0060121826.tif,train
565,/kaggle/working/real_text_10k_dataset/doc_g565_rot0.jpg,0,0,50337519-7520.tif,val
565,/kaggle/working/real_text_10k_dataset/doc_g565_rot90.jpg,1,90,50337519-7520.tif,val
565,/kaggle/working/real_text_10k_dataset/doc_g565_rot180.jpg,2,180,50337519-7520.tif,val
565,/kaggle/working/real_text_10k_dataset/doc_g565_rot270.jpg,3,270,50337519-7520.tif,val
566,/kaggle/working/real_text_10k_dataset/doc_g566_rot0.jpg,0,0,2063169064_9067.tif,val
566,/kaggle/working/real_text_10k_dataset/doc_g566_rot90.jpg,1,90,2063169064_9067.tif,val
566,/kaggle/working/real_text_10k_dataset/doc_g566_rot180.jpg,2,180,2063169064_9067.tif,val
566,/kaggle/working/real_text_10k_dataset/doc_g566_rot270.jpg,3,270,2063169064_9067.tif,val
567,/kaggle/working/real_text_10k_dataset/doc_g567_rot0.jpg,0,0,0071033680.tif,train
567,/kaggle/working/real_text_10k_dataset/doc_g567_rot90.jpg,1,90,0071033680.tif,train
567,/kaggle/working/real_text_10k_dataset/doc_g567_rot180.jpg,2,180,0071033680.tif,train
567,/kaggle/working/real_text_10k_dataset/doc_g567_rot270.jpg,3,270,0071033680.tif,train
568,/kaggle/working/real_text_10k_dataset/doc_g568_rot0.jpg,0,0,2040837921.tif,train
568,/kaggle/working/real_text_10k_dataset/doc_g568_rot90.jpg,1,90,2040837921.tif,train
568,/kaggle/working/real_text_10k_dataset/doc_g568_rot180.jpg,2,180,2040837921.tif,train
568,/kaggle/working/real_text_10k_dataset/doc_g568_rot270.jpg,3,270,2040837921.tif,train
569,/kaggle/working/real_text_10k_dataset/doc_g569_rot0.jpg,0,0,2083648630a.tif,train
569,/kaggle/working/real_text_10k_dataset/doc_g569_rot90.jpg,1,90,2083648630a.tif,train
569,/kaggle/working/real_text_10k_dataset/doc_g569_rot180.jpg,2,180,2083648630a.tif,train
569,/kaggle/working/real_text_10k_dataset/doc_g569_rot270.jpg,3,270,2083648630a.tif,train
570,/kaggle/working/real_text_10k_dataset/doc_g570_rot0.jpg,0,0,2029026188_2029026189.tif,train
570,/kaggle/working/real_text_10k_dataset/doc_g570_rot90.jpg,1,90,2029026188_2029026189.tif,train
570,/kaggle/working/real_text_10k_dataset/doc_g570_rot180.jpg,2,180,2029026188_2029026189.tif,train
570,/kaggle/working/real_text_10k_dataset/doc_g570_rot270.jpg,3,270,2029026188_2029026189.tif,train
571,/kaggle/working/real_text_10k_dataset/doc_g571_rot0.jpg,0,0,2053473090_3091.tif,train
571,/kaggle/working/real_text_10k_dataset/doc_g571_rot90.jpg,1,90,2053473090_3091.tif,train
571,/kaggle/working/real_text_10k_dataset/doc_g571_rot180.jpg,2,180,2053473090_3091.tif,train
571,/kaggle/working/real_text_10k_dataset/doc_g571_rot270.jpg,3,270,2053473090_3091.tif,train
572,/kaggle/working/real_text_10k_dataset/doc_g572_rot0.jpg,0,0,50591111-1112.tif,train
572,/kaggle/working/real_text_10k_dataset/doc_g572_rot90.jpg,1,90,50591111-1112.tif,train
572,/kaggle/working/real_text_10k_dataset/doc_g572_rot180.jpg,2,180,50591111-1112.tif,train
572,/kaggle/working/real_text_10k_dataset/doc_g572_rot270.jpg,3,270,50591111-1112.tif,train
573,/kaggle/working/real_text_10k_dataset/doc_g573_rot0.jpg,0,0,504929232+-9233.tif,test
573,/kaggle/working/real_text_10k_dataset/doc_g573_rot90.jpg,1,90,504929232+-9233.tif,test
573,/kaggle/working/real_text_10k_dataset/doc_g573_rot180.jpg,2,180,504929232+-9233.tif,test
573,/kaggle/working/real_text_10k_dataset/doc_g573_rot270.jpg,3,270,504929232+-9233.tif,test
574,/kaggle/working/real_text_10k_dataset/doc_g574_rot0.jpg,0,0,2028708836.tif,train
574,/kaggle/working/real_text_10k_dataset/doc_g574_rot90.jpg,1,90,2028708836.tif,train
574,/kaggle/working/real_text_10k_dataset/doc_g574_rot180.jpg,2,180,2028708836.tif,train
574,/kaggle/working/real_text_10k_dataset/doc_g574_rot270.jpg,3,270,2028708836.tif,train
575,/kaggle/working/real_text_10k_dataset/doc_g575_rot0.jpg,0,0,2050910389-a.tif,train
575,/kaggle/working/real_text_10k_dataset/doc_g575_rot90.jpg,1,90,2050910389-a.tif,train
575,/kaggle/working/real_text_10k_dataset/doc_g575_rot180.jpg,2,180,2050910389-a.tif,train
575,/kaggle/working/real_text_10k_dataset/doc_g575_rot270.jpg,3,270,2050910389-a.tif,train
576,/kaggle/working/real_text_10k_dataset/doc_g576_rot0.jpg,0,0,2067690532.tif,train
576,/kaggle/working/real_text_10k_dataset/doc_g576_rot90.jpg,1,90,2067690532.tif,train
576,/kaggle/working/real_text_10k_dataset/doc_g576_rot180.jpg,2,180,2067690532.tif,train
576,/kaggle/working/real_text_10k_dataset/doc_g576_rot270.jpg,3,270,2067690532.tif,train
577,/kaggle/working/real_text_10k_dataset/doc_g577_rot0.jpg,0,0,40030725-0727.tif,train
577,/kaggle/working/real_text_10k_dataset/doc_g577_rot90.jpg,1,90,40030725-0727.tif,train
577,/kaggle/working/real_text_10k_dataset/doc_g577_rot180.jpg,2,180,40030725-0727.tif,train
577,/kaggle/working/real_text_10k_dataset/doc_g577_rot270.jpg,3,270,40030725-0727.tif,train
578,/kaggle/working/real_text_10k_dataset/doc_g578_rot0.jpg,0,0,2041375100_2041375101.tif,train
578,/kaggle/working/real_text_10k_dataset/doc_g578_rot90.jpg,1,90,2041375100_2041375101.tif,train
578,/kaggle/working/real_text_10k_dataset/doc_g578_rot180.jpg,2,180,2041375100_2041375101.tif,train
578,/kaggle/working/real_text_10k_dataset/doc_g578_rot270.jpg,3,270,2041375100_2041375101.tif,train
579,/kaggle/working/real_text_10k_dataset/doc_g579_rot0.jpg,0,0,91505879.tif,train
579,/kaggle/working/real_text_10k_dataset/doc_g579_rot90.jpg,1,90,91505879.tif,train
579,/kaggle/working/real_text_10k_dataset/doc_g579_rot180.jpg,2,180,91505879.tif,train
579,/kaggle/working/real_text_10k_dataset/doc_g579_rot270.jpg,3,270,91505879.tif,train
580,/kaggle/working/real_text_10k_dataset/doc_g580_rot0.jpg,0,0,50288458-8460.tif,train
580,/kaggle/working/real_text_10k_dataset/doc_g580_rot90.jpg,1,90,50288458-8460.tif,train
580,/kaggle/working/real_text_10k_dataset/doc_g580_rot180.jpg,2,180,50288458-8460.tif,train
580,/kaggle/working/real_text_10k_dataset/doc_g580_rot270.jpg,3,270,50288458-8460.tif,train
581,/kaggle/working/real_text_10k_dataset/doc_g581_rot0.jpg,0,0,500670190+-0190.tif,train
581,/kaggle/working/real_text_10k_dataset/doc_g581_rot90.jpg,1,90,500670190+-0190.tif,train
581,/kaggle/working/real_text_10k_dataset/doc_g581_rot180.jpg,2,180,500670190+-0190.tif,train
581,/kaggle/working/real_text_10k_dataset/doc_g581_rot270.jpg,3,270,500670190+-0190.tif,train
582,/kaggle/working/real_text_10k_dataset/doc_g582_rot0.jpg,0,0,518094547_518094548.tif,test
582,/kaggle/working/real_text_10k_dataset/doc_g582_rot90.jpg,1,90,518094547_518094548.tif,test
582,/kaggle/working/real_text_10k_dataset/doc_g582_rot180.jpg,2,180,518094547_518094548.tif,test
582,/kaggle/working/real_text_10k_dataset/doc_g582_rot270.jpg,3,270,518094547_518094548.tif,test
583,/kaggle/working/real_text_10k_dataset/doc_g583_rot0.jpg,0,0,40011482-1497.tif,val
583,/kaggle/working/real_text_10k_dataset/doc_g583_rot90.jpg,1,90,40011482-1497.tif,val
583,/kaggle/working/real_text_10k_dataset/doc_g583_rot180.jpg,2,180,40011482-1497.tif,val
583,/kaggle/working/real_text_10k_dataset/doc_g583_rot270.jpg,3,270,40011482-1497.tif,val
584,/kaggle/working/real_text_10k_dataset/doc_g584_rot0.jpg,0,0,517757834+-7836.tif,train
584,/kaggle/working/real_text_10k_dataset/doc_g584_rot90.jpg,1,90,517757834+-7836.tif,train
584,/kaggle/working/real_text_10k_dataset/doc_g584_rot180.jpg,2,180,517757834+-7836.tif,train
584,/kaggle/working/real_text_10k_dataset/doc_g584_rot270.jpg,3,270,517757834+-7836.tif,train
585,/kaggle/working/real_text_10k_dataset/doc_g585_rot0.jpg,0,0,50525942-5942.tif,train
585,/kaggle/working/real_text_10k_dataset/doc_g585_rot90.jpg,1,90,50525942-5942.tif,train
585,/kaggle/working/real_text_10k_dataset/doc_g585_rot180.jpg,2,180,50525942-5942.tif,train
585,/kaggle/working/real_text_10k_dataset/doc_g585_rot270.jpg,3,270,50525942-5942.tif,train
586,/kaggle/working/real_text_10k_dataset/doc_g586_rot0.jpg,0,0,92196935.tif,train
586,/kaggle/working/real_text_10k_dataset/doc_g586_rot90.jpg,1,90,92196935.tif,train
586,/kaggle/working/real_text_10k_dataset/doc_g586_rot180.jpg,2,180,92196935.tif,train
586,/kaggle/working/real_text_10k_dataset/doc_g586_rot270.jpg,3,270,92196935.tif,train
587,/kaggle/working/real_text_10k_dataset/doc_g587_rot0.jpg,0,0,10350654_10350655.tif,train
587,/kaggle/working/real_text_10k_dataset/doc_g587_rot90.jpg,1,90,10350654_10350655.tif,train
587,/kaggle/working/real_text_10k_dataset/doc_g587_rot180.jpg,2,180,10350654_10350655.tif,train
587,/kaggle/working/real_text_10k_dataset/doc_g587_rot270.jpg,3,270,10350654_10350655.tif,train
588,/kaggle/working/real_text_10k_dataset/doc_g588_rot0.jpg,0,0,87839952.tif,train
588,/kaggle/working/real_text_10k_dataset/doc_g588_rot90.jpg,1,90,87839952.tif,train
588,/kaggle/working/real_text_10k_dataset/doc_g588_rot180.jpg,2,180,87839952.tif,train
588,/kaggle/working/real_text_10k_dataset/doc_g588_rot270.jpg,3,270,87839952.tif,train
589,/kaggle/working/real_text_10k_dataset/doc_g589_rot0.jpg,0,0,507708943.tif,train
589,/kaggle/working/real_text_10k_dataset/doc_g589_rot90.jpg,1,90,507708943.tif,train
589,/kaggle/working/real_text_10k_dataset/doc_g589_rot180.jpg,2,180,507708943.tif,train
589,/kaggle/working/real_text_10k_dataset/doc_g589_rot270.jpg,3,270,507708943.tif,train
590,/kaggle/working/real_text_10k_dataset/doc_g590_rot0.jpg,0,0,50590450-0451.tif,train
590,/kaggle/working/real_text_10k_dataset/doc_g590_rot90.jpg,1,90,50590450-0451.tif,train
590,/kaggle/working/real_text_10k_dataset/doc_g590_rot180.jpg,2,180,50590450-0451.tif,train
590,/kaggle/working/real_text_10k_dataset/doc_g590_rot270.jpg,3,270,50590450-0451.tif,train
591,/kaggle/working/real_text_10k_dataset/doc_g591_rot0.jpg,0,0,512794525_512794533.tif,train
591,/kaggle/working/real_text_10k_dataset/doc_g591_rot90.jpg,1,90,512794525_512794533.tif,train
591,/kaggle/working/real_text_10k_dataset/doc_g591_rot180.jpg,2,180,512794525_512794533.tif,train
591,/kaggle/working/real_text_10k_dataset/doc_g591_rot270.jpg,3,270,512794525_512794533.tif,train
592,/kaggle/working/real_text_10k_dataset/doc_g592_rot0.jpg,0,0,87215075_87215111.tif,train
592,/kaggle/working/real_text_10k_dataset/doc_g592_rot90.jpg,1,90,87215075_87215111.tif,train
592,/kaggle/working/real_text_10k_dataset/doc_g592_rot180.jpg,2,180,87215075_87215111.tif,train
592,/kaggle/working/real_text_10k_dataset/doc_g592_rot270.jpg,3,270,87215075_87215111.tif,train
593,/kaggle/working/real_text_10k_dataset/doc_g593_rot0.jpg,0,0,2028623039_2028623040.tif,train
593,/kaggle/working/real_text_10k_dataset/doc_g593_rot90.jpg,1,90,2028623039_2028623040.tif,train
593,/kaggle/working/real_text_10k_dataset/doc_g593_rot180.jpg,2,180,2028623039_2028623040.tif,train
593,/kaggle/working/real_text_10k_dataset/doc_g593_rot270.jpg,3,270,2028623039_2028623040.tif,train
594,/kaggle/working/real_text_10k_dataset/doc_g594_rot0.jpg,0,0,515945149+-5150.tif,train
594,/kaggle/working/real_text_10k_dataset/doc_g594_rot90.jpg,1,90,515945149+-5150.tif,train
594,/kaggle/working/real_text_10k_dataset/doc_g594_rot180.jpg,2,180,515945149+-5150.tif,train
594,/kaggle/working/real_text_10k_dataset/doc_g594_rot270.jpg,3,270,515945149+-5150.tif,train
595,/kaggle/working/real_text_10k_dataset/doc_g595_rot0.jpg,0,0,01837740.tif,train
595,/kaggle/working/real_text_10k_dataset/doc_g595_rot90.jpg,1,90,01837740.tif,train
595,/kaggle/working/real_text_10k_dataset/doc_g595_rot180.jpg,2,180,01837740.tif,train
595,/kaggle/working/real_text_10k_dataset/doc_g595_rot270.jpg,3,270,01837740.tif,train
596,/kaggle/working/real_text_10k_dataset/doc_g596_rot0.jpg,0,0,0011860630.tif,train
596,/kaggle/working/real_text_10k_dataset/doc_g596_rot90.jpg,1,90,0011860630.tif,train
596,/kaggle/working/real_text_10k_dataset/doc_g596_rot180.jpg,2,180,0011860630.tif,train
596,/kaggle/working/real_text_10k_dataset/doc_g596_rot270.jpg,3,270,0011860630.tif,train
597,/kaggle/working/real_text_10k_dataset/doc_g597_rot0.jpg,0,0,2053444087.tif,val
597,/kaggle/working/real_text_10k_dataset/doc_g597_rot90.jpg,1,90,2053444087.tif,val
597,/kaggle/working/real_text_10k_dataset/doc_g597_rot180.jpg,2,180,2053444087.tif,val
597,/kaggle/working/real_text_10k_dataset/doc_g597_rot270.jpg,3,270,2053444087.tif,val
598,/kaggle/working/real_text_10k_dataset/doc_g598_rot0.jpg,0,0,2069736207.tif,train
598,/kaggle/working/real_text_10k_dataset/doc_g598_rot90.jpg,1,90,2069736207.tif,train
598,/kaggle/working/real_text_10k_dataset/doc_g598_rot180.jpg,2,180,2069736207.tif,train
598,/kaggle/working/real_text_10k_dataset/doc_g598_rot270.jpg,3,270,2069736207.tif,train
599,/kaggle/working/real_text_10k_dataset/doc_g599_rot0.jpg,0,0,2056659251_2056659253.tif,train
599,/kaggle/working/real_text_10k_dataset/doc_g599_rot90.jpg,1,90,2056659251_2056659253.tif,train
599,/kaggle/working/real_text_10k_dataset/doc_g599_rot180.jpg,2,180,2056659251_2056659253.tif,train
599,/kaggle/working/real_text_10k_dataset/doc_g599_rot270.jpg,3,270,2056659251_2056659253.tif,train
600,/kaggle/working/real_text_10k_dataset/doc_g600_rot0.jpg,0,0,94005625_94005631.tif,val
600,/kaggle/working/real_text_10k_dataset/doc_g600_rot90.jpg,1,90,94005625_94005631.tif,val
600,/kaggle/working/real_text_10k_dataset/doc_g600_rot180.jpg,2,180,94005625_94005631.tif,val
600,/kaggle/working/real_text_10k_dataset/doc_g600_rot270.jpg,3,270,94005625_94005631.tif,val
601,/kaggle/working/real_text_10k_dataset/doc_g601_rot0.jpg,0,0,2055114696_4727.tif,train
601,/kaggle/working/real_text_10k_dataset/doc_g601_rot90.jpg,1,90,2055114696_4727.tif,train
601,/kaggle/working/real_text_10k_dataset/doc_g601_rot180.jpg,2,180,2055114696_4727.tif,train
601,/kaggle/working/real_text_10k_dataset/doc_g601_rot270.jpg,3,270,2055114696_4727.tif,train
602,/kaggle/working/real_text_10k_dataset/doc_g602_rot0.jpg,0,0,501398080+-8080.tif,train
602,/kaggle/working/real_text_10k_dataset/doc_g602_rot90.jpg,1,90,501398080+-8080.tif,train
602,/kaggle/working/real_text_10k_dataset/doc_g602_rot180.jpg,2,180,501398080+-8080.tif,train
602,/kaggle/working/real_text_10k_dataset/doc_g602_rot270.jpg,3,270,501398080+-8080.tif,train
603,/kaggle/working/real_text_10k_dataset/doc_g603_rot0.jpg,0,0,ti04870868.tif,train
603,/kaggle/working/real_text_10k_dataset/doc_g603_rot90.jpg,1,90,ti04870868.tif,train
603,/kaggle/working/real_text_10k_dataset/doc_g603_rot180.jpg,2,180,ti04870868.tif,train
603,/kaggle/working/real_text_10k_dataset/doc_g603_rot270.jpg,3,270,ti04870868.tif,train
604,/kaggle/working/real_text_10k_dataset/doc_g604_rot0.jpg,0,0,89390912_0916.tif,train
604,/kaggle/working/real_text_10k_dataset/doc_g604_rot90.jpg,1,90,89390912_0916.tif,train
604,/kaggle/working/real_text_10k_dataset/doc_g604_rot180.jpg,2,180,89390912_0916.tif,train
604,/kaggle/working/real_text_10k_dataset/doc_g604_rot270.jpg,3,270,89390912_0916.tif,train
605,/kaggle/working/real_text_10k_dataset/doc_g605_rot0.jpg,0,0,2057674838.tif,train
605,/kaggle/working/real_text_10k_dataset/doc_g605_rot90.jpg,1,90,2057674838.tif,train
605,/kaggle/working/real_text_10k_dataset/doc_g605_rot180.jpg,2,180,2057674838.tif,train
605,/kaggle/working/real_text_10k_dataset/doc_g605_rot270.jpg,3,270,2057674838.tif,train
606,/kaggle/working/real_text_10k_dataset/doc_g606_rot0.jpg,0,0,2021631088.tif,test
606,/kaggle/working/real_text_10k_dataset/doc_g606_rot90.jpg,1,90,2021631088.tif,test
606,/kaggle/working/real_text_10k_dataset/doc_g606_rot180.jpg,2,180,2021631088.tif,test
606,/kaggle/working/real_text_10k_dataset/doc_g606_rot270.jpg,3,270,2021631088.tif,test
607,/kaggle/working/real_text_10k_dataset/doc_g607_rot0.jpg,0,0,2065360131_0132.tif,train
607,/kaggle/working/real_text_10k_dataset/doc_g607_rot90.jpg,1,90,2065360131_0132.tif,train
607,/kaggle/working/real_text_10k_dataset/doc_g607_rot180.jpg,2,180,2065360131_0132.tif,train
607,/kaggle/working/real_text_10k_dataset/doc_g607_rot270.jpg,3,270,2065360131_0132.tif,train
608,/kaggle/working/real_text_10k_dataset/doc_g608_rot0.jpg,0,0,506389259.tif,train
608,/kaggle/working/real_text_10k_dataset/doc_g608_rot90.jpg,1,90,506389259.tif,train
608,/kaggle/working/real_text_10k_dataset/doc_g608_rot180.jpg,2,180,506389259.tif,train
608,/kaggle/working/real_text_10k_dataset/doc_g608_rot270.jpg,3,270,506389259.tif,train
609,/kaggle/working/real_text_10k_dataset/doc_g609_rot0.jpg,0,0,2067093883.tif,train
609,/kaggle/working/real_text_10k_dataset/doc_g609_rot90.jpg,1,90,2067093883.tif,train
609,/kaggle/working/real_text_10k_dataset/doc_g609_rot180.jpg,2,180,2067093883.tif,train
609,/kaggle/working/real_text_10k_dataset/doc_g609_rot270.jpg,3,270,2067093883.tif,train
610,/kaggle/working/real_text_10k_dataset/doc_g610_rot0.jpg,0,0,50486778-6779.tif,train
610,/kaggle/working/real_text_10k_dataset/doc_g610_rot90.jpg,1,90,50486778-6779.tif,train
610,/kaggle/working/real_text_10k_dataset/doc_g610_rot180.jpg,2,180,50486778-6779.tif,train
610,/kaggle/working/real_text_10k_dataset/doc_g610_rot270.jpg,3,270,50486778-6779.tif,train
611,/kaggle/working/real_text_10k_dataset/doc_g611_rot0.jpg,0,0,2064266165.tif,val
611,/kaggle/working/real_text_10k_dataset/doc_g611_rot90.jpg,1,90,2064266165.tif,val
611,/kaggle/working/real_text_10k_dataset/doc_g611_rot180.jpg,2,180,2064266165.tif,val
611,/kaggle/working/real_text_10k_dataset/doc_g611_rot270.jpg,3,270,2064266165.tif,val
612,/kaggle/working/real_text_10k_dataset/doc_g612_rot0.jpg,0,0,2069738194.tif,train
612,/kaggle/working/real_text_10k_dataset/doc_g612_rot90.jpg,1,90,2069738194.tif,train
612,/kaggle/working/real_text_10k_dataset/doc_g612_rot180.jpg,2,180,2069738194.tif,train
612,/kaggle/working/real_text_10k_dataset/doc_g612_rot270.jpg,3,270,2069738194.tif,train
613,/kaggle/working/real_text_10k_dataset/doc_g613_rot0.jpg,0,0,40005029-5030.tif,train
613,/kaggle/working/real_text_10k_dataset/doc_g613_rot90.jpg,1,90,40005029-5030.tif,train
613,/kaggle/working/real_text_10k_dataset/doc_g613_rot180.jpg,2,180,40005029-5030.tif,train
613,/kaggle/working/real_text_10k_dataset/doc_g613_rot270.jpg,3,270,40005029-5030.tif,train
614,/kaggle/working/real_text_10k_dataset/doc_g614_rot0.jpg,0,0,2015044455_2015044456.tif,val
614,/kaggle/working/real_text_10k_dataset/doc_g614_rot90.jpg,1,90,2015044455_2015044456.tif,val
614,/kaggle/working/real_text_10k_dataset/doc_g614_rot180.jpg,2,180,2015044455_2015044456.tif,val
614,/kaggle/working/real_text_10k_dataset/doc_g614_rot270.jpg,3,270,2015044455_2015044456.tif,val
615,/kaggle/working/real_text_10k_dataset/doc_g615_rot0.jpg,0,0,03625116.tif,train
615,/kaggle/working/real_text_10k_dataset/doc_g615_rot90.jpg,1,90,03625116.tif,train
615,/kaggle/working/real_text_10k_dataset/doc_g615_rot180.jpg,2,180,03625116.tif,train
615,/kaggle/working/real_text_10k_dataset/doc_g615_rot270.jpg,3,270,03625116.tif,train
616,/kaggle/working/real_text_10k_dataset/doc_g616_rot0.jpg,0,0,2072578962.tif,train
616,/kaggle/working/real_text_10k_dataset/doc_g616_rot90.jpg,1,90,2072578962.tif,train
616,/kaggle/working/real_text_10k_dataset/doc_g616_rot180.jpg,2,180,2072578962.tif,train
616,/kaggle/working/real_text_10k_dataset/doc_g616_rot270.jpg,3,270,2072578962.tif,train
617,/kaggle/working/real_text_10k_dataset/doc_g617_rot0.jpg,0,0,receipt_00049.png,train
617,/kaggle/working/real_text_10k_dataset/doc_g617_rot90.jpg,1,90,receipt_00049.png,train
617,/kaggle/working/real_text_10k_dataset/doc_g617_rot180.jpg,2,180,receipt_00049.png,train
617,/kaggle/working/real_text_10k_dataset/doc_g617_rot270.jpg,3,270,receipt_00049.png,train
618,/kaggle/working/real_text_10k_dataset/doc_g618_rot0.jpg,0,0,2078611247.tif,test
618,/kaggle/working/real_text_10k_dataset/doc_g618_rot90.jpg,1,90,2078611247.tif,test
618,/kaggle/working/real_text_10k_dataset/doc_g618_rot180.jpg,2,180,2078611247.tif,test
618,/kaggle/working/real_text_10k_dataset/doc_g618_rot270.jpg,3,270,2078611247.tif,test
619,/kaggle/working/real_text_10k_dataset/doc_g619_rot0.jpg,0,0,0000121283.tif,test
619,/kaggle/working/real_text_10k_dataset/doc_g619_rot90.jpg,1,90,0000121283.tif,test
619,/kaggle/working/real_text_10k_dataset/doc_g619_rot180.jpg,2,180,0000121283.tif,test
619,/kaggle/working/real_text_10k_dataset/doc_g619_rot270.jpg,3,270,0000121283.tif,test
620,/kaggle/working/real_text_10k_dataset/doc_g620_rot0.jpg,0,0,96148512.tif,train
620,/kaggle/working/real_text_10k_dataset/doc_g620_rot90.jpg,1,90,96148512.tif,train
620,/kaggle/working/real_text_10k_dataset/doc_g620_rot180.jpg,2,180,96148512.tif,train
620,/kaggle/working/real_text_10k_dataset/doc_g620_rot270.jpg,3,270,96148512.tif,train
621,/kaggle/working/real_text_10k_dataset/doc_g621_rot0.jpg,0,0,receipt_00375.png,train
621,/kaggle/working/real_text_10k_dataset/doc_g621_rot90.jpg,1,90,receipt_00375.png,train
621,/kaggle/working/real_text_10k_dataset/doc_g621_rot180.jpg,2,180,receipt_00375.png,train
621,/kaggle/working/real_text_10k_dataset/doc_g621_rot270.jpg,3,270,receipt_00375.png,train
622,/kaggle/working/real_text_10k_dataset/doc_g622_rot0.jpg,0,0,50203925-3926.tif,train
622,/kaggle/working/real_text_10k_dataset/doc_g622_rot90.jpg,1,90,50203925-3926.tif,train
622,/kaggle/working/real_text_10k_dataset/doc_g622_rot180.jpg,2,180,50203925-3926.tif,train
622,/kaggle/working/real_text_10k_dataset/doc_g622_rot270.jpg,3,270,50203925-3926.tif,train
623,/kaggle/working/real_text_10k_dataset/doc_g623_rot0.jpg,0,0,0011653290.tif,train
623,/kaggle/working/real_text_10k_dataset/doc_g623_rot90.jpg,1,90,0011653290.tif,train
623,/kaggle/working/real_text_10k_dataset/doc_g623_rot180.jpg,2,180,0011653290.tif,train
623,/kaggle/working/real_text_10k_dataset/doc_g623_rot270.jpg,3,270,0011653290.tif,train
624,/kaggle/working/real_text_10k_dataset/doc_g624_rot0.jpg,0,0,509138973+-8973.tif,train
624,/kaggle/working/real_text_10k_dataset/doc_g624_rot90.jpg,1,90,509138973+-8973.tif,train
624,/kaggle/working/real_text_10k_dataset/doc_g624_rot180.jpg,2,180,509138973+-8973.tif,train
624,/kaggle/working/real_text_10k_dataset/doc_g624_rot270.jpg,3,270,509138973+-8973.tif,train
625,/kaggle/working/real_text_10k_dataset/doc_g625_rot0.jpg,0,0,2063793312_3313.tif,train
625,/kaggle/working/real_text_10k_dataset/doc_g625_rot90.jpg,1,90,2063793312_3313.tif,train
625,/kaggle/working/real_text_10k_dataset/doc_g625_rot180.jpg,2,180,2063793312_3313.tif,train
625,/kaggle/working/real_text_10k_dataset/doc_g625_rot270.jpg,3,270,2063793312_3313.tif,train
626,/kaggle/working/real_text_10k_dataset/doc_g626_rot0.jpg,0,0,2029000940.tif,train
626,/kaggle/working/real_text_10k_dataset/doc_g626_rot90.jpg,1,90,2029000940.tif,train
626,/kaggle/working/real_text_10k_dataset/doc_g626_rot180.jpg,2,180,2029000940.tif,train
626,/kaggle/working/real_text_10k_dataset/doc_g626_rot270.jpg,3,270,2029000940.tif,train
627,/kaggle/working/real_text_10k_dataset/doc_g627_rot0.jpg,0,0,531450645+-0654.tif,train
627,/kaggle/working/real_text_10k_dataset/doc_g627_rot90.jpg,1,90,531450645+-0654.tif,train
627,/kaggle/working/real_text_10k_dataset/doc_g627_rot180.jpg,2,180,531450645+-0654.tif,train
627,/kaggle/working/real_text_10k_dataset/doc_g627_rot270.jpg,3,270,531450645+-0654.tif,train
628,/kaggle/working/real_text_10k_dataset/doc_g628_rot0.jpg,0,0,2025991098.tif,train
628,/kaggle/working/real_text_10k_dataset/doc_g628_rot90.jpg,1,90,2025991098.tif,train
628,/kaggle/working/real_text_10k_dataset/doc_g628_rot180.jpg,2,180,2025991098.tif,train
628,/kaggle/working/real_text_10k_dataset/doc_g628_rot270.jpg,3,270,2025991098.tif,train
629,/kaggle/working/real_text_10k_dataset/doc_g629_rot0.jpg,0,0,2022145030.tif,train
629,/kaggle/working/real_text_10k_dataset/doc_g629_rot90.jpg,1,90,2022145030.tif,train
629,/kaggle/working/real_text_10k_dataset/doc_g629_rot180.jpg,2,180,2022145030.tif,train
629,/kaggle/working/real_text_10k_dataset/doc_g629_rot270.jpg,3,270,2022145030.tif,train
630,/kaggle/working/real_text_10k_dataset/doc_g630_rot0.jpg,0,0,80702837.tif,val
630,/kaggle/working/real_text_10k_dataset/doc_g630_rot90.jpg,1,90,80702837.tif,val
630,/kaggle/working/real_text_10k_dataset/doc_g630_rot180.jpg,2,180,80702837.tif,val
630,/kaggle/working/real_text_10k_dataset/doc_g630_rot270.jpg,3,270,80702837.tif,val
631,/kaggle/working/real_text_10k_dataset/doc_g631_rot0.jpg,0,0,2501621391_2501621393.tif,train
631,/kaggle/working/real_text_10k_dataset/doc_g631_rot90.jpg,1,90,2501621391_2501621393.tif,train
631,/kaggle/working/real_text_10k_dataset/doc_g631_rot180.jpg,2,180,2501621391_2501621393.tif,train
631,/kaggle/working/real_text_10k_dataset/doc_g631_rot270.jpg,3,270,2501621391_2501621393.tif,train
632,/kaggle/working/real_text_10k_dataset/doc_g632_rot0.jpg,0,0,518215322+-5324.tif,train
632,/kaggle/working/real_text_10k_dataset/doc_g632_rot90.jpg,1,90,518215322+-5324.tif,train
632,/kaggle/working/real_text_10k_dataset/doc_g632_rot180.jpg,2,180,518215322+-5324.tif,train
632,/kaggle/working/real_text_10k_dataset/doc_g632_rot270.jpg,3,270,518215322+-5324.tif,train
633,/kaggle/working/real_text_10k_dataset/doc_g633_rot0.jpg,0,0,50640841-0842.tif,val
633,/kaggle/working/real_text_10k_dataset/doc_g633_rot90.jpg,1,90,50640841-0842.tif,val
633,/kaggle/working/real_text_10k_dataset/doc_g633_rot180.jpg,2,180,50640841-0842.tif,val
633,/kaggle/working/real_text_10k_dataset/doc_g633_rot270.jpg,3,270,50640841-0842.tif,val
634,/kaggle/working/real_text_10k_dataset/doc_g634_rot0.jpg,0,0,0060265774.tif,train
634,/kaggle/working/real_text_10k_dataset/doc_g634_rot90.jpg,1,90,0060265774.tif,train
634,/kaggle/working/real_text_10k_dataset/doc_g634_rot180.jpg,2,180,0060265774.tif,train
634,/kaggle/working/real_text_10k_dataset/doc_g634_rot270.jpg,3,270,0060265774.tif,train
635,/kaggle/working/real_text_10k_dataset/doc_g635_rot0.jpg,0,0,190.jpg,train
635,/kaggle/working/real_text_10k_dataset/doc_g635_rot90.jpg,1,90,190.jpg,train
635,/kaggle/working/real_text_10k_dataset/doc_g635_rot180.jpg,2,180,190.jpg,train
635,/kaggle/working/real_text_10k_dataset/doc_g635_rot270.jpg,3,270,190.jpg,train
636,/kaggle/working/real_text_10k_dataset/doc_g636_rot0.jpg,0,0,tob09929.19.tif,train
636,/kaggle/working/real_text_10k_dataset/doc_g636_rot90.jpg,1,90,tob09929.19.tif,train
636,/kaggle/working/real_text_10k_dataset/doc_g636_rot180.jpg,2,180,tob09929.19.tif,train
636,/kaggle/working/real_text_10k_dataset/doc_g636_rot270.jpg,3,270,tob09929.19.tif,train
637,/kaggle/working/real_text_10k_dataset/doc_g637_rot0.jpg,0,0,1002476228_1002476231.tif,train
637,/kaggle/working/real_text_10k_dataset/doc_g637_rot90.jpg,1,90,1002476228_1002476231.tif,train
637,/kaggle/working/real_text_10k_dataset/doc_g637_rot180.jpg,2,180,1002476228_1002476231.tif,train
637,/kaggle/working/real_text_10k_dataset/doc_g637_rot270.jpg,3,270,1002476228_1002476231.tif,train
638,/kaggle/working/real_text_10k_dataset/doc_g638_rot0.jpg,0,0,1003042217.tif,test
638,/kaggle/working/real_text_10k_dataset/doc_g638_rot90.jpg,1,90,1003042217.tif,test
638,/kaggle/working/real_text_10k_dataset/doc_g638_rot180.jpg,2,180,1003042217.tif,test
638,/kaggle/working/real_text_10k_dataset/doc_g638_rot270.jpg,3,270,1003042217.tif,test
639,/kaggle/working/real_text_10k_dataset/doc_g639_rot0.jpg,0,0,2022217449.tif,train
639,/kaggle/working/real_text_10k_dataset/doc_g639_rot90.jpg,1,90,2022217449.tif,train
639,/kaggle/working/real_text_10k_dataset/doc_g639_rot180.jpg,2,180,2022217449.tif,train
639,/kaggle/working/real_text_10k_dataset/doc_g639_rot270.jpg,3,270,2022217449.tif,train
640,/kaggle/working/real_text_10k_dataset/doc_g640_rot0.jpg,0,0,50735851-5852.tif,train
640,/kaggle/working/real_text_10k_dataset/doc_g640_rot90.jpg,1,90,50735851-5852.tif,train
640,/kaggle/working/real_text_10k_dataset/doc_g640_rot180.jpg,2,180,50735851-5852.tif,train
640,/kaggle/working/real_text_10k_dataset/doc_g640_rot270.jpg,3,270,50735851-5852.tif,train
641,/kaggle/working/real_text_10k_dataset/doc_g641_rot0.jpg,0,0,1002605829_1002605830.tif,train
641,/kaggle/working/real_text_10k_dataset/doc_g641_rot90.jpg,1,90,1002605829_1002605830.tif,train
641,/kaggle/working/real_text_10k_dataset/doc_g641_rot180.jpg,2,180,1002605829_1002605830.tif,train
641,/kaggle/working/real_text_10k_dataset/doc_g641_rot270.jpg,3,270,1002605829_1002605830.tif,train
642,/kaggle/working/real_text_10k_dataset/doc_g642_rot0.jpg,0,0,2029226677_2029226697.tif,train
642,/kaggle/working/real_text_10k_dataset/doc_g642_rot90.jpg,1,90,2029226677_2029226697.tif,train
642,/kaggle/working/real_text_10k_dataset/doc_g642_rot180.jpg,2,180,2029226677_2029226697.tif,train
642,/kaggle/working/real_text_10k_dataset/doc_g642_rot270.jpg,3,270,2029226677_2029226697.tif,train
643,/kaggle/working/real_text_10k_dataset/doc_g643_rot0.jpg,0,0,94573515.tif,train
643,/kaggle/working/real_text_10k_dataset/doc_g643_rot90.jpg,1,90,94573515.tif,train
643,/kaggle/working/real_text_10k_dataset/doc_g643_rot180.jpg,2,180,94573515.tif,train
643,/kaggle/working/real_text_10k_dataset/doc_g643_rot270.jpg,3,270,94573515.tif,train
644,/kaggle/working/real_text_10k_dataset/doc_g644_rot0.jpg,0,0,563.jpg,train
644,/kaggle/working/real_text_10k_dataset/doc_g644_rot90.jpg,1,90,563.jpg,train
644,/kaggle/working/real_text_10k_dataset/doc_g644_rot180.jpg,2,180,563.jpg,train
644,/kaggle/working/real_text_10k_dataset/doc_g644_rot270.jpg,3,270,563.jpg,train
645,/kaggle/working/real_text_10k_dataset/doc_g645_rot0.jpg,0,0,tob09410.60_tob09410.61.tif,train
645,/kaggle/working/real_text_10k_dataset/doc_g645_rot90.jpg,1,90,tob09410.60_tob09410.61.tif,train
645,/kaggle/working/real_text_10k_dataset/doc_g645_rot180.jpg,2,180,tob09410.60_tob09410.61.tif,train
645,/kaggle/working/real_text_10k_dataset/doc_g645_rot270.jpg,3,270,tob09410.60_tob09410.61.tif,train
646,/kaggle/working/real_text_10k_dataset/doc_g646_rot0.jpg,0,0,2051153942.tif,train
646,/kaggle/working/real_text_10k_dataset/doc_g646_rot90.jpg,1,90,2051153942.tif,train
646,/kaggle/working/real_text_10k_dataset/doc_g646_rot180.jpg,2,180,2051153942.tif,train
646,/kaggle/working/real_text_10k_dataset/doc_g646_rot270.jpg,3,270,2051153942.tif,train
647,/kaggle/working/real_text_10k_dataset/doc_g647_rot0.jpg,0,0,2083618285c.tif,train
647,/kaggle/working/real_text_10k_dataset/doc_g647_rot90.jpg,1,90,2083618285c.tif,train
647,/kaggle/working/real_text_10k_dataset/doc_g647_rot180.jpg,2,180,2083618285c.tif,train
647,/kaggle/working/real_text_10k_dataset/doc_g647_rot270.jpg,3,270,2083618285c.tif,train
648,/kaggle/working/real_text_10k_dataset/doc_g648_rot0.jpg,0,0,740.jpg,val
648,/kaggle/working/real_text_10k_dataset/doc_g648_rot90.jpg,1,90,740.jpg,val
648,/kaggle/working/real_text_10k_dataset/doc_g648_rot180.jpg,2,180,740.jpg,val
648,/kaggle/working/real_text_10k_dataset/doc_g648_rot270.jpg,3,270,740.jpg,val
649,/kaggle/working/real_text_10k_dataset/doc_g649_rot0.jpg,0,0,2051555411_2051555412.tif,train
649,/kaggle/working/real_text_10k_dataset/doc_g649_rot90.jpg,1,90,2051555411_2051555412.tif,train
649,/kaggle/working/real_text_10k_dataset/doc_g649_rot180.jpg,2,180,2051555411_2051555412.tif,train
649,/kaggle/working/real_text_10k_dataset/doc_g649_rot270.jpg,3,270,2051555411_2051555412.tif,train
650,/kaggle/working/real_text_10k_dataset/doc_g650_rot0.jpg,0,0,2501668488.tif,val
650,/kaggle/working/real_text_10k_dataset/doc_g650_rot90.jpg,1,90,2501668488.tif,val
650,/kaggle/working/real_text_10k_dataset/doc_g650_rot180.jpg,2,180,2501668488.tif,val
650,/kaggle/working/real_text_10k_dataset/doc_g650_rot270.jpg,3,270,2501668488.tif,val
651,/kaggle/working/real_text_10k_dataset/doc_g651_rot0.jpg,0,0,83682835.tif,test
651,/kaggle/working/real_text_10k_dataset/doc_g651_rot90.jpg,1,90,83682835.tif,test
651,/kaggle/working/real_text_10k_dataset/doc_g651_rot180.jpg,2,180,83682835.tif,test
651,/kaggle/working/real_text_10k_dataset/doc_g651_rot270.jpg,3,270,83682835.tif,test
652,/kaggle/working/real_text_10k_dataset/doc_g652_rot0.jpg,0,0,2045492166_2045492167.tif,test
652,/kaggle/working/real_text_10k_dataset/doc_g652_rot90.jpg,1,90,2045492166_2045492167.tif,test
652,/kaggle/working/real_text_10k_dataset/doc_g652_rot180.jpg,2,180,2045492166_2045492167.tif,test
652,/kaggle/working/real_text_10k_dataset/doc_g652_rot270.jpg,3,270,2045492166_2045492167.tif,test
653,/kaggle/working/real_text_10k_dataset/doc_g653_rot0.jpg,0,0,86034409_86034418.tif,train
653,/kaggle/working/real_text_10k_dataset/doc_g653_rot90.jpg,1,90,86034409_86034418.tif,train
653,/kaggle/working/real_text_10k_dataset/doc_g653_rot180.jpg,2,180,86034409_86034418.tif,train
653,/kaggle/working/real_text_10k_dataset/doc_g653_rot270.jpg,3,270,86034409_86034418.tif,train
654,/kaggle/working/real_text_10k_dataset/doc_g654_rot0.jpg,0,0,2020045500.tif,train
654,/kaggle/working/real_text_10k_dataset/doc_g654_rot90.jpg,1,90,2020045500.tif,train
654,/kaggle/working/real_text_10k_dataset/doc_g654_rot180.jpg,2,180,2020045500.tif,train
654,/kaggle/working/real_text_10k_dataset/doc_g654_rot270.jpg,3,270,2020045500.tif,train
655,/kaggle/working/real_text_10k_dataset/doc_g655_rot0.jpg,0,0,X51006857132.jpg,val
655,/kaggle/working/real_text_10k_dataset/doc_g655_rot90.jpg,1,90,X51006857132.jpg,val
655,/kaggle/working/real_text_10k_dataset/doc_g655_rot180.jpg,2,180,X51006857132.jpg,val
655,/kaggle/working/real_text_10k_dataset/doc_g655_rot270.jpg,3,270,X51006857132.jpg,val
656,/kaggle/working/real_text_10k_dataset/doc_g656_rot0.jpg,0,0,525460780+-0781.tif,train
656,/kaggle/working/real_text_10k_dataset/doc_g656_rot90.jpg,1,90,525460780+-0781.tif,train
656,/kaggle/working/real_text_10k_dataset/doc_g656_rot180.jpg,2,180,525460780+-0781.tif,train
656,/kaggle/working/real_text_10k_dataset/doc_g656_rot270.jpg,3,270,525460780+-0781.tif,train
657,/kaggle/working/real_text_10k_dataset/doc_g657_rot0.jpg,0,0,04233994.tif,train
657,/kaggle/working/real_text_10k_dataset/doc_g657_rot90.jpg,1,90,04233994.tif,train
657,/kaggle/working/real_text_10k_dataset/doc_g657_rot180.jpg,2,180,04233994.tif,train
657,/kaggle/working/real_text_10k_dataset/doc_g657_rot270.jpg,3,270,04233994.tif,train
658,/kaggle/working/real_text_10k_dataset/doc_g658_rot0.jpg,0,0,501914758_501914764.tif,train
658,/kaggle/working/real_text_10k_dataset/doc_g658_rot90.jpg,1,90,501914758_501914764.tif,train
658,/kaggle/working/real_text_10k_dataset/doc_g658_rot180.jpg,2,180,501914758_501914764.tif,train
658,/kaggle/working/real_text_10k_dataset/doc_g658_rot270.jpg,3,270,501914758_501914764.tif,train
659,/kaggle/working/real_text_10k_dataset/doc_g659_rot0.jpg,0,0,2078574770_4783.tif,train
659,/kaggle/working/real_text_10k_dataset/doc_g659_rot90.jpg,1,90,2078574770_4783.tif,train
659,/kaggle/working/real_text_10k_dataset/doc_g659_rot180.jpg,2,180,2078574770_4783.tif,train
659,/kaggle/working/real_text_10k_dataset/doc_g659_rot270.jpg,3,270,2078574770_4783.tif,train
660,/kaggle/working/real_text_10k_dataset/doc_g660_rot0.jpg,0,0,50651461-1462.tif,train
660,/kaggle/working/real_text_10k_dataset/doc_g660_rot90.jpg,1,90,50651461-1462.tif,train
660,/kaggle/working/real_text_10k_dataset/doc_g660_rot180.jpg,2,180,50651461-1462.tif,train
660,/kaggle/working/real_text_10k_dataset/doc_g660_rot270.jpg,3,270,50651461-1462.tif,train
661,/kaggle/working/real_text_10k_dataset/doc_g661_rot0.jpg,0,0,89113627.tif,train
661,/kaggle/working/real_text_10k_dataset/doc_g661_rot90.jpg,1,90,89113627.tif,train
661,/kaggle/working/real_text_10k_dataset/doc_g661_rot180.jpg,2,180,89113627.tif,train
661,/kaggle/working/real_text_10k_dataset/doc_g661_rot270.jpg,3,270,89113627.tif,train
662,/kaggle/working/real_text_10k_dataset/doc_g662_rot0.jpg,0,0,80414307_80414308.tif,train
662,/kaggle/working/real_text_10k_dataset/doc_g662_rot90.jpg,1,90,80414307_80414308.tif,train
662,/kaggle/working/real_text_10k_dataset/doc_g662_rot180.jpg,2,180,80414307_80414308.tif,train
662,/kaggle/working/real_text_10k_dataset/doc_g662_rot270.jpg,3,270,80414307_80414308.tif,train
663,/kaggle/working/real_text_10k_dataset/doc_g663_rot0.jpg,0,0,71333919.tif,val
663,/kaggle/working/real_text_10k_dataset/doc_g663_rot90.jpg,1,90,71333919.tif,val
663,/kaggle/working/real_text_10k_dataset/doc_g663_rot180.jpg,2,180,71333919.tif,val
663,/kaggle/working/real_text_10k_dataset/doc_g663_rot270.jpg,3,270,71333919.tif,val
664,/kaggle/working/real_text_10k_dataset/doc_g664_rot0.jpg,0,0,515629856+-9857.tif,train
664,/kaggle/working/real_text_10k_dataset/doc_g664_rot90.jpg,1,90,515629856+-9857.tif,train
664,/kaggle/working/real_text_10k_dataset/doc_g664_rot180.jpg,2,180,515629856+-9857.tif,train
664,/kaggle/working/real_text_10k_dataset/doc_g664_rot270.jpg,3,270,515629856+-9857.tif,train
665,/kaggle/working/real_text_10k_dataset/doc_g665_rot0.jpg,0,0,2044168665.tif,train
665,/kaggle/working/real_text_10k_dataset/doc_g665_rot90.jpg,1,90,2044168665.tif,train
665,/kaggle/working/real_text_10k_dataset/doc_g665_rot180.jpg,2,180,2044168665.tif,train
665,/kaggle/working/real_text_10k_dataset/doc_g665_rot270.jpg,3,270,2044168665.tif,train
666,/kaggle/working/real_text_10k_dataset/doc_g666_rot0.jpg,0,0,524217658+-7660.tif,train
666,/kaggle/working/real_text_10k_dataset/doc_g666_rot90.jpg,1,90,524217658+-7660.tif,train
666,/kaggle/working/real_text_10k_dataset/doc_g666_rot180.jpg,2,180,524217658+-7660.tif,train
666,/kaggle/working/real_text_10k_dataset/doc_g666_rot270.jpg,3,270,524217658+-7660.tif,train
667,/kaggle/working/real_text_10k_dataset/doc_g667_rot0.jpg,0,0,2031313844.tif,train
667,/kaggle/working/real_text_10k_dataset/doc_g667_rot90.jpg,1,90,2031313844.tif,train
667,/kaggle/working/real_text_10k_dataset/doc_g667_rot180.jpg,2,180,2031313844.tif,train
667,/kaggle/working/real_text_10k_dataset/doc_g667_rot270.jpg,3,270,2031313844.tif,train
668,/kaggle/working/real_text_10k_dataset/doc_g668_rot0.jpg,0,0,2022915786.tif,train
668,/kaggle/working/real_text_10k_dataset/doc_g668_rot90.jpg,1,90,2022915786.tif,train
668,/kaggle/working/real_text_10k_dataset/doc_g668_rot180.jpg,2,180,2022915786.tif,train
668,/kaggle/working/real_text_10k_dataset/doc_g668_rot270.jpg,3,270,2022915786.tif,train
669,/kaggle/working/real_text_10k_dataset/doc_g669_rot0.jpg,0,0,receipt_00339.png,test
669,/kaggle/working/real_text_10k_dataset/doc_g669_rot90.jpg,1,90,receipt_00339.png,test
669,/kaggle/working/real_text_10k_dataset/doc_g669_rot180.jpg,2,180,receipt_00339.png,test
669,/kaggle/working/real_text_10k_dataset/doc_g669_rot270.jpg,3,270,receipt_00339.png,test
670,/kaggle/working/real_text_10k_dataset/doc_g670_rot0.jpg,0,0,2077990042.tif,train
670,/kaggle/working/real_text_10k_dataset/doc_g670_rot90.jpg,1,90,2077990042.tif,train
670,/kaggle/working/real_text_10k_dataset/doc_g670_rot180.jpg,2,180,2077990042.tif,train
670,/kaggle/working/real_text_10k_dataset/doc_g670_rot270.jpg,3,270,2077990042.tif,train
671,/kaggle/working/real_text_10k_dataset/doc_g671_rot0.jpg,0,0,2069711644.tif,train
671,/kaggle/working/real_text_10k_dataset/doc_g671_rot90.jpg,1,90,2069711644.tif,train
671,/kaggle/working/real_text_10k_dataset/doc_g671_rot180.jpg,2,180,2069711644.tif,train
671,/kaggle/working/real_text_10k_dataset/doc_g671_rot270.jpg,3,270,2069711644.tif,train
672,/kaggle/working/real_text_10k_dataset/doc_g672_rot0.jpg,0,0,2040079157_2040079159.tif,train
672,/kaggle/working/real_text_10k_dataset/doc_g672_rot90.jpg,1,90,2040079157_2040079159.tif,train
672,/kaggle/working/real_text_10k_dataset/doc_g672_rot180.jpg,2,180,2040079157_2040079159.tif,train
672,/kaggle/working/real_text_10k_dataset/doc_g672_rot270.jpg,3,270,2040079157_2040079159.tif,train
673,/kaggle/working/real_text_10k_dataset/doc_g673_rot0.jpg,0,0,2028462145_2028462178.tif,train
673,/kaggle/working/real_text_10k_dataset/doc_g673_rot90.jpg,1,90,2028462145_2028462178.tif,train
673,/kaggle/working/real_text_10k_dataset/doc_g673_rot180.jpg,2,180,2028462145_2028462178.tif,train
673,/kaggle/working/real_text_10k_dataset/doc_g673_rot270.jpg,3,270,2028462145_2028462178.tif,train
674,/kaggle/working/real_text_10k_dataset/doc_g674_rot0.jpg,0,0,10343175_10343184.tif,train
674,/kaggle/working/real_text_10k_dataset/doc_g674_rot90.jpg,1,90,10343175_10343184.tif,train
674,/kaggle/working/real_text_10k_dataset/doc_g674_rot180.jpg,2,180,10343175_10343184.tif,train
674,/kaggle/working/real_text_10k_dataset/doc_g674_rot270.jpg,3,270,10343175_10343184.tif,train
675,/kaggle/working/real_text_10k_dataset/doc_g675_rot0.jpg,0,0,504524930.tif,train
675,/kaggle/working/real_text_10k_dataset/doc_g675_rot90.jpg,1,90,504524930.tif,train
675,/kaggle/working/real_text_10k_dataset/doc_g675_rot180.jpg,2,180,504524930.tif,train
675,/kaggle/working/real_text_10k_dataset/doc_g675_rot270.jpg,3,270,504524930.tif,train
676,/kaggle/working/real_text_10k_dataset/doc_g676_rot0.jpg,0,0,2504100341_2504100346.tif,train
676,/kaggle/working/real_text_10k_dataset/doc_g676_rot90.jpg,1,90,2504100341_2504100346.tif,train
676,/kaggle/working/real_text_10k_dataset/doc_g676_rot180.jpg,2,180,2504100341_2504100346.tif,train
676,/kaggle/working/real_text_10k_dataset/doc_g676_rot270.jpg,3,270,2504100341_2504100346.tif,train
677,/kaggle/working/real_text_10k_dataset/doc_g677_rot0.jpg,0,0,X51006388069.jpg,train
677,/kaggle/working/real_text_10k_dataset/doc_g677_rot90.jpg,1,90,X51006388069.jpg,train
677,/kaggle/working/real_text_10k_dataset/doc_g677_rot180.jpg,2,180,X51006388069.jpg,train
677,/kaggle/working/real_text_10k_dataset/doc_g677_rot270.jpg,3,270,X51006388069.jpg,train
678,/kaggle/working/real_text_10k_dataset/doc_g678_rot0.jpg,0,0,288.jpg,train
678,/kaggle/working/real_text_10k_dataset/doc_g678_rot90.jpg,1,90,288.jpg,train
678,/kaggle/working/real_text_10k_dataset/doc_g678_rot180.jpg,2,180,288.jpg,train
678,/kaggle/working/real_text_10k_dataset/doc_g678_rot270.jpg,3,270,288.jpg,train
679,/kaggle/working/real_text_10k_dataset/doc_g679_rot0.jpg,0,0,518214896+-4897.tif,test
679,/kaggle/working/real_text_10k_dataset/doc_g679_rot90.jpg,1,90,518214896+-4897.tif,test
679,/kaggle/working/real_text_10k_dataset/doc_g679_rot180.jpg,2,180,518214896+-4897.tif,test
679,/kaggle/working/real_text_10k_dataset/doc_g679_rot270.jpg,3,270,518214896+-4897.tif,test
680,/kaggle/working/real_text_10k_dataset/doc_g680_rot0.jpg,0,0,2030045955.tif,test
680,/kaggle/working/real_text_10k_dataset/doc_g680_rot90.jpg,1,90,2030045955.tif,test
680,/kaggle/working/real_text_10k_dataset/doc_g680_rot180.jpg,2,180,2030045955.tif,test
680,/kaggle/working/real_text_10k_dataset/doc_g680_rot270.jpg,3,270,2030045955.tif,test
681,/kaggle/working/real_text_10k_dataset/doc_g681_rot0.jpg,0,0,receipt_00096.png,train
681,/kaggle/working/real_text_10k_dataset/doc_g681_rot90.jpg,1,90,receipt_00096.png,train
681,/kaggle/working/real_text_10k_dataset/doc_g681_rot180.jpg,2,180,receipt_00096.png,train
681,/kaggle/working/real_text_10k_dataset/doc_g681_rot270.jpg,3,270,receipt_00096.png,train
682,/kaggle/working/real_text_10k_dataset/doc_g682_rot0.jpg,0,0,522527733+-7735.tif,train
682,/kaggle/working/real_text_10k_dataset/doc_g682_rot90.jpg,1,90,522527733+-7735.tif,train
682,/kaggle/working/real_text_10k_dataset/doc_g682_rot180.jpg,2,180,522527733+-7735.tif,train
682,/kaggle/working/real_text_10k_dataset/doc_g682_rot270.jpg,3,270,522527733+-7735.tif,train
683,/kaggle/working/real_text_10k_dataset/doc_g683_rot0.jpg,0,0,24011010.tif,train
683,/kaggle/working/real_text_10k_dataset/doc_g683_rot90.jpg,1,90,24011010.tif,train
683,/kaggle/working/real_text_10k_dataset/doc_g683_rot180.jpg,2,180,24011010.tif,train
683,/kaggle/working/real_text_10k_dataset/doc_g683_rot270.jpg,3,270,24011010.tif,train
684,/kaggle/working/real_text_10k_dataset/doc_g684_rot0.jpg,0,0,00425413_00425420.tif,train
684,/kaggle/working/real_text_10k_dataset/doc_g684_rot90.jpg,1,90,00425413_00425420.tif,train
684,/kaggle/working/real_text_10k_dataset/doc_g684_rot180.jpg,2,180,00425413_00425420.tif,train
684,/kaggle/working/real_text_10k_dataset/doc_g684_rot270.jpg,3,270,00425413_00425420.tif,train
685,/kaggle/working/real_text_10k_dataset/doc_g685_rot0.jpg,0,0,tob07808.54.tif,train
685,/kaggle/working/real_text_10k_dataset/doc_g685_rot90.jpg,1,90,tob07808.54.tif,train
685,/kaggle/working/real_text_10k_dataset/doc_g685_rot180.jpg,2,180,tob07808.54.tif,train
685,/kaggle/working/real_text_10k_dataset/doc_g685_rot270.jpg,3,270,tob07808.54.tif,train
686,/kaggle/working/real_text_10k_dataset/doc_g686_rot0.jpg,0,0,0000227351.tif,train
686,/kaggle/working/real_text_10k_dataset/doc_g686_rot90.jpg,1,90,0000227351.tif,train
686,/kaggle/working/real_text_10k_dataset/doc_g686_rot180.jpg,2,180,0000227351.tif,train
686,/kaggle/working/real_text_10k_dataset/doc_g686_rot270.jpg,3,270,0000227351.tif,train
687,/kaggle/working/real_text_10k_dataset/doc_g687_rot0.jpg,0,0,880746.tif,train
687,/kaggle/working/real_text_10k_dataset/doc_g687_rot90.jpg,1,90,880746.tif,train
687,/kaggle/working/real_text_10k_dataset/doc_g687_rot180.jpg,2,180,880746.tif,train
687,/kaggle/working/real_text_10k_dataset/doc_g687_rot270.jpg,3,270,880746.tif,train
688,/kaggle/working/real_text_10k_dataset/doc_g688_rot0.jpg,0,0,2072773188.tif,train
688,/kaggle/working/real_text_10k_dataset/doc_g688_rot90.jpg,1,90,2072773188.tif,train
688,/kaggle/working/real_text_10k_dataset/doc_g688_rot180.jpg,2,180,2072773188.tif,train
688,/kaggle/working/real_text_10k_dataset/doc_g688_rot270.jpg,3,270,2072773188.tif,train
689,/kaggle/working/real_text_10k_dataset/doc_g689_rot0.jpg,0,0,2505456597_6598.tif,train
689,/kaggle/working/real_text_10k_dataset/doc_g689_rot90.jpg,1,90,2505456597_6598.tif,train
689,/kaggle/working/real_text_10k_dataset/doc_g689_rot180.jpg,2,180,2505456597_6598.tif,train
689,/kaggle/working/real_text_10k_dataset/doc_g689_rot270.jpg,3,270,2505456597_6598.tif,train
690,/kaggle/working/real_text_10k_dataset/doc_g690_rot0.jpg,0,0,83959181_9218.tif,train
690,/kaggle/working/real_text_10k_dataset/doc_g690_rot90.jpg,1,90,83959181_9218.tif,train
690,/kaggle/working/real_text_10k_dataset/doc_g690_rot180.jpg,2,180,83959181_9218.tif,train
690,/kaggle/working/real_text_10k_dataset/doc_g690_rot270.jpg,3,270,83959181_9218.tif,train
691,/kaggle/working/real_text_10k_dataset/doc_g691_rot0.jpg,0,0,518227832+-7833.tif,train
691,/kaggle/working/real_text_10k_dataset/doc_g691_rot90.jpg,1,90,518227832+-7833.tif,train
691,/kaggle/working/real_text_10k_dataset/doc_g691_rot180.jpg,2,180,518227832+-7833.tif,train
691,/kaggle/working/real_text_10k_dataset/doc_g691_rot270.jpg,3,270,518227832+-7833.tif,train
692,/kaggle/working/real_text_10k_dataset/doc_g692_rot0.jpg,0,0,514187555.tif,train
692,/kaggle/working/real_text_10k_dataset/doc_g692_rot90.jpg,1,90,514187555.tif,train
692,/kaggle/working/real_text_10k_dataset/doc_g692_rot180.jpg,2,180,514187555.tif,train
692,/kaggle/working/real_text_10k_dataset/doc_g692_rot270.jpg,3,270,514187555.tif,train
693,/kaggle/working/real_text_10k_dataset/doc_g693_rot0.jpg,0,0,2022214505.tif,train
693,/kaggle/working/real_text_10k_dataset/doc_g693_rot90.jpg,1,90,2022214505.tif,train
693,/kaggle/working/real_text_10k_dataset/doc_g693_rot180.jpg,2,180,2022214505.tif,train
693,/kaggle/working/real_text_10k_dataset/doc_g693_rot270.jpg,3,270,2022214505.tif,train
694,/kaggle/working/real_text_10k_dataset/doc_g694_rot0.jpg,0,0,2501888719.tif,val
694,/kaggle/working/real_text_10k_dataset/doc_g694_rot90.jpg,1,90,2501888719.tif,val
694,/kaggle/working/real_text_10k_dataset/doc_g694_rot180.jpg,2,180,2501888719.tif,val
694,/kaggle/working/real_text_10k_dataset/doc_g694_rot270.jpg,3,270,2501888719.tif,val
695,/kaggle/working/real_text_10k_dataset/doc_g695_rot0.jpg,0,0,2041796018.tif,train
695,/kaggle/working/real_text_10k_dataset/doc_g695_rot90.jpg,1,90,2041796018.tif,train
695,/kaggle/working/real_text_10k_dataset/doc_g695_rot180.jpg,2,180,2041796018.tif,train
695,/kaggle/working/real_text_10k_dataset/doc_g695_rot270.jpg,3,270,2041796018.tif,train
696,/kaggle/working/real_text_10k_dataset/doc_g696_rot0.jpg,0,0,504958949_504958950.tif,test
696,/kaggle/working/real_text_10k_dataset/doc_g696_rot90.jpg,1,90,504958949_504958950.tif,test
696,/kaggle/working/real_text_10k_dataset/doc_g696_rot180.jpg,2,180,504958949_504958950.tif,test
696,/kaggle/working/real_text_10k_dataset/doc_g696_rot270.jpg,3,270,504958949_504958950.tif,test
697,/kaggle/working/real_text_10k_dataset/doc_g697_rot0.jpg,0,0,2040786235.tif,train
697,/kaggle/working/real_text_10k_dataset/doc_g697_rot90.jpg,1,90,2040786235.tif,train
697,/kaggle/working/real_text_10k_dataset/doc_g697_rot180.jpg,2,180,2040786235.tif,train
697,/kaggle/working/real_text_10k_dataset/doc_g697_rot270.jpg,3,270,2040786235.tif,train
698,/kaggle/working/real_text_10k_dataset/doc_g698_rot0.jpg,0,0,2021198205.tif,train
698,/kaggle/working/real_text_10k_dataset/doc_g698_rot90.jpg,1,90,2021198205.tif,train
698,/kaggle/working/real_text_10k_dataset/doc_g698_rot180.jpg,2,180,2021198205.tif,train
698,/kaggle/working/real_text_10k_dataset/doc_g698_rot270.jpg,3,270,2021198205.tif,train
699,/kaggle/working/real_text_10k_dataset/doc_g699_rot0.jpg,0,0,2076198325.tif,train
699,/kaggle/working/real_text_10k_dataset/doc_g699_rot90.jpg,1,90,2076198325.tif,train
699,/kaggle/working/real_text_10k_dataset/doc_g699_rot180.jpg,2,180,2076198325.tif,train
699,/kaggle/working/real_text_10k_dataset/doc_g699_rot270.jpg,3,270,2076198325.tif,train
700,/kaggle/working/real_text_10k_dataset/doc_g700_rot0.jpg,0,0,536.jpg,train
700,/kaggle/working/real_text_10k_dataset/doc_g700_rot90.jpg,1,90,536.jpg,train
700,/kaggle/working/real_text_10k_dataset/doc_g700_rot180.jpg,2,180,536.jpg,train
700,/kaggle/working/real_text_10k_dataset/doc_g700_rot270.jpg,3,270,536.jpg,train
701,/kaggle/working/real_text_10k_dataset/doc_g701_rot0.jpg,0,0,2083892870_2871.tif,val
701,/kaggle/working/real_text_10k_dataset/doc_g701_rot90.jpg,1,90,2083892870_2871.tif,val
701,/kaggle/working/real_text_10k_dataset/doc_g701_rot180.jpg,2,180,2083892870_2871.tif,val
701,/kaggle/working/real_text_10k_dataset/doc_g701_rot270.jpg,3,270,2083892870_2871.tif,val
702,/kaggle/working/real_text_10k_dataset/doc_g702_rot0.jpg,0,0,2078319705.tif,train
702,/kaggle/working/real_text_10k_dataset/doc_g702_rot90.jpg,1,90,2078319705.tif,train
702,/kaggle/working/real_text_10k_dataset/doc_g702_rot180.jpg,2,180,2078319705.tif,train
702,/kaggle/working/real_text_10k_dataset/doc_g702_rot270.jpg,3,270,2078319705.tif,train
703,/kaggle/working/real_text_10k_dataset/doc_g703_rot0.jpg,0,0,521151025+-1025.tif,train
703,/kaggle/working/real_text_10k_dataset/doc_g703_rot90.jpg,1,90,521151025+-1025.tif,train
703,/kaggle/working/real_text_10k_dataset/doc_g703_rot180.jpg,2,180,521151025+-1025.tif,train
703,/kaggle/working/real_text_10k_dataset/doc_g703_rot270.jpg,3,270,521151025+-1025.tif,train
704,/kaggle/working/real_text_10k_dataset/doc_g704_rot0.jpg,0,0,2063421258_1259.tif,train
704,/kaggle/working/real_text_10k_dataset/doc_g704_rot90.jpg,1,90,2063421258_1259.tif,train
704,/kaggle/working/real_text_10k_dataset/doc_g704_rot180.jpg,2,180,2063421258_1259.tif,train
704,/kaggle/working/real_text_10k_dataset/doc_g704_rot270.jpg,3,270,2063421258_1259.tif,train
705,/kaggle/working/real_text_10k_dataset/doc_g705_rot0.jpg,0,0,2501644962.tif,train
705,/kaggle/working/real_text_10k_dataset/doc_g705_rot90.jpg,1,90,2501644962.tif,train
705,/kaggle/working/real_text_10k_dataset/doc_g705_rot180.jpg,2,180,2501644962.tif,train
705,/kaggle/working/real_text_10k_dataset/doc_g705_rot270.jpg,3,270,2501644962.tif,train
706,/kaggle/working/real_text_10k_dataset/doc_g706_rot0.jpg,0,0,2069727382.tif,train
706,/kaggle/working/real_text_10k_dataset/doc_g706_rot90.jpg,1,90,2069727382.tif,train
706,/kaggle/working/real_text_10k_dataset/doc_g706_rot180.jpg,2,180,2069727382.tif,train
706,/kaggle/working/real_text_10k_dataset/doc_g706_rot270.jpg,3,270,2069727382.tif,train
707,/kaggle/working/real_text_10k_dataset/doc_g707_rot0.jpg,0,0,500403650+-3651.tif,train
707,/kaggle/working/real_text_10k_dataset/doc_g707_rot90.jpg,1,90,500403650+-3651.tif,train
707,/kaggle/working/real_text_10k_dataset/doc_g707_rot180.jpg,2,180,500403650+-3651.tif,train
707,/kaggle/working/real_text_10k_dataset/doc_g707_rot270.jpg,3,270,500403650+-3651.tif,train
708,/kaggle/working/real_text_10k_dataset/doc_g708_rot0.jpg,0,0,2057953486_2057953493.tif,val
708,/kaggle/working/real_text_10k_dataset/doc_g708_rot90.jpg,1,90,2057953486_2057953493.tif,val
708,/kaggle/working/real_text_10k_dataset/doc_g708_rot180.jpg,2,180,2057953486_2057953493.tif,val
708,/kaggle/working/real_text_10k_dataset/doc_g708_rot270.jpg,3,270,2057953486_2057953493.tif,val
709,/kaggle/working/real_text_10k_dataset/doc_g709_rot0.jpg,0,0,506350677.tif,train
709,/kaggle/working/real_text_10k_dataset/doc_g709_rot90.jpg,1,90,506350677.tif,train
709,/kaggle/working/real_text_10k_dataset/doc_g709_rot180.jpg,2,180,506350677.tif,train
709,/kaggle/working/real_text_10k_dataset/doc_g709_rot270.jpg,3,270,506350677.tif,train
710,/kaggle/working/real_text_10k_dataset/doc_g710_rot0.jpg,0,0,88194910.tif,train
710,/kaggle/working/real_text_10k_dataset/doc_g710_rot90.jpg,1,90,88194910.tif,train
710,/kaggle/working/real_text_10k_dataset/doc_g710_rot180.jpg,2,180,88194910.tif,train
710,/kaggle/working/real_text_10k_dataset/doc_g710_rot270.jpg,3,270,88194910.tif,train
711,/kaggle/working/real_text_10k_dataset/doc_g711_rot0.jpg,0,0,2501428386.tif,train
711,/kaggle/working/real_text_10k_dataset/doc_g711_rot90.jpg,1,90,2501428386.tif,train
711,/kaggle/working/real_text_10k_dataset/doc_g711_rot180.jpg,2,180,2501428386.tif,train
711,/kaggle/working/real_text_10k_dataset/doc_g711_rot270.jpg,3,270,2501428386.tif,train
712,/kaggle/working/real_text_10k_dataset/doc_g712_rot0.jpg,0,0,2021581802_2021581803.tif,train
712,/kaggle/working/real_text_10k_dataset/doc_g712_rot90.jpg,1,90,2021581802_2021581803.tif,train
712,/kaggle/working/real_text_10k_dataset/doc_g712_rot180.jpg,2,180,2021581802_2021581803.tif,train
712,/kaggle/working/real_text_10k_dataset/doc_g712_rot270.jpg,3,270,2021581802_2021581803.tif,train
713,/kaggle/working/real_text_10k_dataset/doc_g713_rot0.jpg,0,0,506537667.tif,train
713,/kaggle/working/real_text_10k_dataset/doc_g713_rot90.jpg,1,90,506537667.tif,train
713,/kaggle/working/real_text_10k_dataset/doc_g713_rot180.jpg,2,180,506537667.tif,train
713,/kaggle/working/real_text_10k_dataset/doc_g713_rot270.jpg,3,270,506537667.tif,train
714,/kaggle/working/real_text_10k_dataset/doc_g714_rot0.jpg,0,0,526457032+-7033.tif,train
714,/kaggle/working/real_text_10k_dataset/doc_g714_rot90.jpg,1,90,526457032+-7033.tif,train
714,/kaggle/working/real_text_10k_dataset/doc_g714_rot180.jpg,2,180,526457032+-7033.tif,train
714,/kaggle/working/real_text_10k_dataset/doc_g714_rot270.jpg,3,270,526457032+-7033.tif,train
715,/kaggle/working/real_text_10k_dataset/doc_g715_rot0.jpg,0,0,X51008099048.jpg,train
715,/kaggle/working/real_text_10k_dataset/doc_g715_rot90.jpg,1,90,X51008099048.jpg,train
715,/kaggle/working/real_text_10k_dataset/doc_g715_rot180.jpg,2,180,X51008099048.jpg,train
715,/kaggle/working/real_text_10k_dataset/doc_g715_rot270.jpg,3,270,X51008099048.jpg,train
716,/kaggle/working/real_text_10k_dataset/doc_g716_rot0.jpg,0,0,2041234267.tif,train
716,/kaggle/working/real_text_10k_dataset/doc_g716_rot90.jpg,1,90,2041234267.tif,train
716,/kaggle/working/real_text_10k_dataset/doc_g716_rot180.jpg,2,180,2041234267.tif,train
716,/kaggle/working/real_text_10k_dataset/doc_g716_rot270.jpg,3,270,2041234267.tif,train
717,/kaggle/working/real_text_10k_dataset/doc_g717_rot0.jpg,0,0,0060104073.tif,train
717,/kaggle/working/real_text_10k_dataset/doc_g717_rot90.jpg,1,90,0060104073.tif,train
717,/kaggle/working/real_text_10k_dataset/doc_g717_rot180.jpg,2,180,0060104073.tif,train
717,/kaggle/working/real_text_10k_dataset/doc_g717_rot270.jpg,3,270,0060104073.tif,train
718,/kaggle/working/real_text_10k_dataset/doc_g718_rot0.jpg,0,0,2063424079.tif,train
718,/kaggle/working/real_text_10k_dataset/doc_g718_rot90.jpg,1,90,2063424079.tif,train
718,/kaggle/working/real_text_10k_dataset/doc_g718_rot180.jpg,2,180,2063424079.tif,train
718,/kaggle/working/real_text_10k_dataset/doc_g718_rot270.jpg,3,270,2063424079.tif,train
719,/kaggle/working/real_text_10k_dataset/doc_g719_rot0.jpg,0,0,91544158_4159.tif,train
719,/kaggle/working/real_text_10k_dataset/doc_g719_rot90.jpg,1,90,91544158_4159.tif,train
719,/kaggle/working/real_text_10k_dataset/doc_g719_rot180.jpg,2,180,91544158_4159.tif,train
719,/kaggle/working/real_text_10k_dataset/doc_g719_rot270.jpg,3,270,91544158_4159.tif,train
720,/kaggle/working/real_text_10k_dataset/doc_g720_rot0.jpg,0,0,2028843711.tif,train
720,/kaggle/working/real_text_10k_dataset/doc_g720_rot90.jpg,1,90,2028843711.tif,train
720,/kaggle/working/real_text_10k_dataset/doc_g720_rot180.jpg,2,180,2028843711.tif,train
720,/kaggle/working/real_text_10k_dataset/doc_g720_rot270.jpg,3,270,2028843711.tif,train
721,/kaggle/working/real_text_10k_dataset/doc_g721_rot0.jpg,0,0,2073181535.tif,train
721,/kaggle/working/real_text_10k_dataset/doc_g721_rot90.jpg,1,90,2073181535.tif,train
721,/kaggle/working/real_text_10k_dataset/doc_g721_rot180.jpg,2,180,2073181535.tif,train
721,/kaggle/working/real_text_10k_dataset/doc_g721_rot270.jpg,3,270,2073181535.tif,train
722,/kaggle/working/real_text_10k_dataset/doc_g722_rot0.jpg,0,0,60043591_60043623.tif,train
722,/kaggle/working/real_text_10k_dataset/doc_g722_rot90.jpg,1,90,60043591_60043623.tif,train
722,/kaggle/working/real_text_10k_dataset/doc_g722_rot180.jpg,2,180,60043591_60043623.tif,train
722,/kaggle/working/real_text_10k_dataset/doc_g722_rot270.jpg,3,270,60043591_60043623.tif,train
723,/kaggle/working/real_text_10k_dataset/doc_g723_rot0.jpg,0,0,522771969+-1970.tif,train
723,/kaggle/working/real_text_10k_dataset/doc_g723_rot90.jpg,1,90,522771969+-1970.tif,train
723,/kaggle/working/real_text_10k_dataset/doc_g723_rot180.jpg,2,180,522771969+-1970.tif,train
723,/kaggle/working/real_text_10k_dataset/doc_g723_rot270.jpg,3,270,522771969+-1970.tif,train
724,/kaggle/working/real_text_10k_dataset/doc_g724_rot0.jpg,0,0,receipt_00077.png,train
724,/kaggle/working/real_text_10k_dataset/doc_g724_rot90.jpg,1,90,receipt_00077.png,train
724,/kaggle/working/real_text_10k_dataset/doc_g724_rot180.jpg,2,180,receipt_00077.png,train
724,/kaggle/working/real_text_10k_dataset/doc_g724_rot270.jpg,3,270,receipt_00077.png,train
725,/kaggle/working/real_text_10k_dataset/doc_g725_rot0.jpg,0,0,tob04606.69_tob04606.77.tif,train
725,/kaggle/working/real_text_10k_dataset/doc_g725_rot90.jpg,1,90,tob04606.69_tob04606.77.tif,train
725,/kaggle/working/real_text_10k_dataset/doc_g725_rot180.jpg,2,180,tob04606.69_tob04606.77.tif,train
725,/kaggle/working/real_text_10k_dataset/doc_g725_rot270.jpg,3,270,tob04606.69_tob04606.77.tif,train
726,/kaggle/working/real_text_10k_dataset/doc_g726_rot0.jpg,0,0,2028740108.tif,train
726,/kaggle/working/real_text_10k_dataset/doc_g726_rot90.jpg,1,90,2028740108.tif,train
726,/kaggle/working/real_text_10k_dataset/doc_g726_rot180.jpg,2,180,2028740108.tif,train
726,/kaggle/working/real_text_10k_dataset/doc_g726_rot270.jpg,3,270,2028740108.tif,train
727,/kaggle/working/real_text_10k_dataset/doc_g727_rot0.jpg,0,0,515997032_515997033.tif,train
727,/kaggle/working/real_text_10k_dataset/doc_g727_rot90.jpg,1,90,515997032_515997033.tif,train
727,/kaggle/working/real_text_10k_dataset/doc_g727_rot180.jpg,2,180,515997032_515997033.tif,train
727,/kaggle/working/real_text_10k_dataset/doc_g727_rot270.jpg,3,270,515997032_515997033.tif,train
728,/kaggle/working/real_text_10k_dataset/doc_g728_rot0.jpg,0,0,2053385308.tif,train
728,/kaggle/working/real_text_10k_dataset/doc_g728_rot90.jpg,1,90,2053385308.tif,train
728,/kaggle/working/real_text_10k_dataset/doc_g728_rot180.jpg,2,180,2053385308.tif,train
728,/kaggle/working/real_text_10k_dataset/doc_g728_rot270.jpg,3,270,2053385308.tif,train
729,/kaggle/working/real_text_10k_dataset/doc_g729_rot0.jpg,0,0,502219500.tif,train
729,/kaggle/working/real_text_10k_dataset/doc_g729_rot90.jpg,1,90,502219500.tif,train
729,/kaggle/working/real_text_10k_dataset/doc_g729_rot180.jpg,2,180,502219500.tif,train
729,/kaggle/working/real_text_10k_dataset/doc_g729_rot270.jpg,3,270,502219500.tif,train
730,/kaggle/working/real_text_10k_dataset/doc_g730_rot0.jpg,0,0,2501659092.tif,test
730,/kaggle/working/real_text_10k_dataset/doc_g730_rot90.jpg,1,90,2501659092.tif,test
730,/kaggle/working/real_text_10k_dataset/doc_g730_rot180.jpg,2,180,2501659092.tif,test
730,/kaggle/working/real_text_10k_dataset/doc_g730_rot270.jpg,3,270,2501659092.tif,test
731,/kaggle/working/real_text_10k_dataset/doc_g731_rot0.jpg,0,0,80412781_80412792.tif,train
731,/kaggle/working/real_text_10k_dataset/doc_g731_rot90.jpg,1,90,80412781_80412792.tif,train
731,/kaggle/working/real_text_10k_dataset/doc_g731_rot180.jpg,2,180,80412781_80412792.tif,train
731,/kaggle/working/real_text_10k_dataset/doc_g731_rot270.jpg,3,270,80412781_80412792.tif,train
732,/kaggle/working/real_text_10k_dataset/doc_g732_rot0.jpg,0,0,2020169288_2020169304.tif,train
732,/kaggle/working/real_text_10k_dataset/doc_g732_rot90.jpg,1,90,2020169288_2020169304.tif,train
732,/kaggle/working/real_text_10k_dataset/doc_g732_rot180.jpg,2,180,2020169288_2020169304.tif,train
732,/kaggle/working/real_text_10k_dataset/doc_g732_rot270.jpg,3,270,2020169288_2020169304.tif,train
733,/kaggle/working/real_text_10k_dataset/doc_g733_rot0.jpg,0,0,2504047919.tif,train
733,/kaggle/working/real_text_10k_dataset/doc_g733_rot90.jpg,1,90,2504047919.tif,train
733,/kaggle/working/real_text_10k_dataset/doc_g733_rot180.jpg,2,180,2504047919.tif,train
733,/kaggle/working/real_text_10k_dataset/doc_g733_rot270.jpg,3,270,2504047919.tif,train
734,/kaggle/working/real_text_10k_dataset/doc_g734_rot0.jpg,0,0,0000950840.tif,train
734,/kaggle/working/real_text_10k_dataset/doc_g734_rot90.jpg,1,90,0000950840.tif,train
734,/kaggle/working/real_text_10k_dataset/doc_g734_rot180.jpg,2,180,0000950840.tif,train
734,/kaggle/working/real_text_10k_dataset/doc_g734_rot270.jpg,3,270,0000950840.tif,train
735,/kaggle/working/real_text_10k_dataset/doc_g735_rot0.jpg,0,0,0060353821.tif,train
735,/kaggle/working/real_text_10k_dataset/doc_g735_rot90.jpg,1,90,0060353821.tif,train
735,/kaggle/working/real_text_10k_dataset/doc_g735_rot180.jpg,2,180,0060353821.tif,train
735,/kaggle/working/real_text_10k_dataset/doc_g735_rot270.jpg,3,270,0060353821.tif,train
736,/kaggle/working/real_text_10k_dataset/doc_g736_rot0.jpg,0,0,50581259-1261.tif,train
736,/kaggle/working/real_text_10k_dataset/doc_g736_rot90.jpg,1,90,50581259-1261.tif,train
736,/kaggle/working/real_text_10k_dataset/doc_g736_rot180.jpg,2,180,50581259-1261.tif,train
736,/kaggle/working/real_text_10k_dataset/doc_g736_rot270.jpg,3,270,50581259-1261.tif,train
737,/kaggle/working/real_text_10k_dataset/doc_g737_rot0.jpg,0,0,507333547+-3549.tif,val
737,/kaggle/working/real_text_10k_dataset/doc_g737_rot90.jpg,1,90,507333547+-3549.tif,val
737,/kaggle/working/real_text_10k_dataset/doc_g737_rot180.jpg,2,180,507333547+-3549.tif,val
737,/kaggle/working/real_text_10k_dataset/doc_g737_rot270.jpg,3,270,507333547+-3549.tif,val
738,/kaggle/working/real_text_10k_dataset/doc_g738_rot0.jpg,0,0,99367087.tif,train
738,/kaggle/working/real_text_10k_dataset/doc_g738_rot90.jpg,1,90,99367087.tif,train
738,/kaggle/working/real_text_10k_dataset/doc_g738_rot180.jpg,2,180,99367087.tif,train
738,/kaggle/working/real_text_10k_dataset/doc_g738_rot270.jpg,3,270,99367087.tif,train
739,/kaggle/working/real_text_10k_dataset/doc_g739_rot0.jpg,0,0,2070134483.tif,train
739,/kaggle/working/real_text_10k_dataset/doc_g739_rot90.jpg,1,90,2070134483.tif,train
739,/kaggle/working/real_text_10k_dataset/doc_g739_rot180.jpg,2,180,2070134483.tif,train
739,/kaggle/working/real_text_10k_dataset/doc_g739_rot270.jpg,3,270,2070134483.tif,train
740,/kaggle/working/real_text_10k_dataset/doc_g740_rot0.jpg,0,0,500400721+-0721.tif,train
740,/kaggle/working/real_text_10k_dataset/doc_g740_rot90.jpg,1,90,500400721+-0721.tif,train
740,/kaggle/working/real_text_10k_dataset/doc_g740_rot180.jpg,2,180,500400721+-0721.tif,train
740,/kaggle/working/real_text_10k_dataset/doc_g740_rot270.jpg,3,270,500400721+-0721.tif,train
741,/kaggle/working/real_text_10k_dataset/doc_g741_rot0.jpg,0,0,50637973-7974.tif,train
741,/kaggle/working/real_text_10k_dataset/doc_g741_rot90.jpg,1,90,50637973-7974.tif,train
741,/kaggle/working/real_text_10k_dataset/doc_g741_rot180.jpg,2,180,50637973-7974.tif,train
741,/kaggle/working/real_text_10k_dataset/doc_g741_rot270.jpg,3,270,50637973-7974.tif,train
742,/kaggle/working/real_text_10k_dataset/doc_g742_rot0.jpg,0,0,40001212-1213.tif,train
742,/kaggle/working/real_text_10k_dataset/doc_g742_rot90.jpg,1,90,40001212-1213.tif,train
742,/kaggle/working/real_text_10k_dataset/doc_g742_rot180.jpg,2,180,40001212-1213.tif,train
742,/kaggle/working/real_text_10k_dataset/doc_g742_rot270.jpg,3,270,40001212-1213.tif,train
743,/kaggle/working/real_text_10k_dataset/doc_g743_rot0.jpg,0,0,508101554+-1554.tif,test
743,/kaggle/working/real_text_10k_dataset/doc_g743_rot90.jpg,1,90,508101554+-1554.tif,test
743,/kaggle/working/real_text_10k_dataset/doc_g743_rot180.jpg,2,180,508101554+-1554.tif,test
743,/kaggle/working/real_text_10k_dataset/doc_g743_rot270.jpg,3,270,508101554+-1554.tif,test
744,/kaggle/working/real_text_10k_dataset/doc_g744_rot0.jpg,0,0,506136396.tif,train
744,/kaggle/working/real_text_10k_dataset/doc_g744_rot90.jpg,1,90,506136396.tif,train
744,/kaggle/working/real_text_10k_dataset/doc_g744_rot180.jpg,2,180,506136396.tif,train
744,/kaggle/working/real_text_10k_dataset/doc_g744_rot270.jpg,3,270,506136396.tif,train
745,/kaggle/working/real_text_10k_dataset/doc_g745_rot0.jpg,0,0,2082892627.tif,train
745,/kaggle/working/real_text_10k_dataset/doc_g745_rot90.jpg,1,90,2082892627.tif,train
745,/kaggle/working/real_text_10k_dataset/doc_g745_rot180.jpg,2,180,2082892627.tif,train
745,/kaggle/working/real_text_10k_dataset/doc_g745_rot270.jpg,3,270,2082892627.tif,train
746,/kaggle/working/real_text_10k_dataset/doc_g746_rot0.jpg,0,0,511639722+-9723.tif,train
746,/kaggle/working/real_text_10k_dataset/doc_g746_rot90.jpg,1,90,511639722+-9723.tif,train
746,/kaggle/working/real_text_10k_dataset/doc_g746_rot180.jpg,2,180,511639722+-9723.tif,train
746,/kaggle/working/real_text_10k_dataset/doc_g746_rot270.jpg,3,270,511639722+-9723.tif,train
747,/kaggle/working/real_text_10k_dataset/doc_g747_rot0.jpg,0,0,2057413805_2057413806.tif,train
747,/kaggle/working/real_text_10k_dataset/doc_g747_rot90.jpg,1,90,2057413805_2057413806.tif,train
747,/kaggle/working/real_text_10k_dataset/doc_g747_rot180.jpg,2,180,2057413805_2057413806.tif,train
747,/kaggle/working/real_text_10k_dataset/doc_g747_rot270.jpg,3,270,2057413805_2057413806.tif,train
748,/kaggle/working/real_text_10k_dataset/doc_g748_rot0.jpg,0,0,506291298+-1301.tif,train
748,/kaggle/working/real_text_10k_dataset/doc_g748_rot90.jpg,1,90,506291298+-1301.tif,train
748,/kaggle/working/real_text_10k_dataset/doc_g748_rot180.jpg,2,180,506291298+-1301.tif,train
748,/kaggle/working/real_text_10k_dataset/doc_g748_rot270.jpg,3,270,506291298+-1301.tif,train
749,/kaggle/working/real_text_10k_dataset/doc_g749_rot0.jpg,0,0,50114481-4482.tif,train
749,/kaggle/working/real_text_10k_dataset/doc_g749_rot90.jpg,1,90,50114481-4482.tif,train
749,/kaggle/working/real_text_10k_dataset/doc_g749_rot180.jpg,2,180,50114481-4482.tif,train
749,/kaggle/working/real_text_10k_dataset/doc_g749_rot270.jpg,3,270,50114481-4482.tif,train
750,/kaggle/working/real_text_10k_dataset/doc_g750_rot0.jpg,0,0,505798032.tif,train
750,/kaggle/working/real_text_10k_dataset/doc_g750_rot90.jpg,1,90,505798032.tif,train
750,/kaggle/working/real_text_10k_dataset/doc_g750_rot180.jpg,2,180,505798032.tif,train
750,/kaggle/working/real_text_10k_dataset/doc_g750_rot270.jpg,3,270,505798032.tif,train
751,/kaggle/working/real_text_10k_dataset/doc_g751_rot0.jpg,0,0,50184065-4069.tif,train
751,/kaggle/working/real_text_10k_dataset/doc_g751_rot90.jpg,1,90,50184065-4069.tif,train
751,/kaggle/working/real_text_10k_dataset/doc_g751_rot180.jpg,2,180,50184065-4069.tif,train
751,/kaggle/working/real_text_10k_dataset/doc_g751_rot270.jpg,3,270,50184065-4069.tif,train
752,/kaggle/working/real_text_10k_dataset/doc_g752_rot0.jpg,0,0,2078733456.tif,train
752,/kaggle/working/real_text_10k_dataset/doc_g752_rot90.jpg,1,90,2078733456.tif,train
752,/kaggle/working/real_text_10k_dataset/doc_g752_rot180.jpg,2,180,2078733456.tif,train
752,/kaggle/working/real_text_10k_dataset/doc_g752_rot270.jpg,3,270,2078733456.tif,train
753,/kaggle/working/real_text_10k_dataset/doc_g753_rot0.jpg,0,0,2504027415.tif,train
753,/kaggle/working/real_text_10k_dataset/doc_g753_rot90.jpg,1,90,2504027415.tif,train
753,/kaggle/working/real_text_10k_dataset/doc_g753_rot180.jpg,2,180,2504027415.tif,train
753,/kaggle/working/real_text_10k_dataset/doc_g753_rot270.jpg,3,270,2504027415.tif,train
754,/kaggle/working/real_text_10k_dataset/doc_g754_rot0.jpg,0,0,2061002656.tif,train
754,/kaggle/working/real_text_10k_dataset/doc_g754_rot90.jpg,1,90,2061002656.tif,train
754,/kaggle/working/real_text_10k_dataset/doc_g754_rot180.jpg,2,180,2061002656.tif,train
754,/kaggle/working/real_text_10k_dataset/doc_g754_rot270.jpg,3,270,2061002656.tif,train
755,/kaggle/working/real_text_10k_dataset/doc_g755_rot0.jpg,0,0,2049365038.tif,train
755,/kaggle/working/real_text_10k_dataset/doc_g755_rot90.jpg,1,90,2049365038.tif,train
755,/kaggle/working/real_text_10k_dataset/doc_g755_rot180.jpg,2,180,2049365038.tif,train
755,/kaggle/working/real_text_10k_dataset/doc_g755_rot270.jpg,3,270,2049365038.tif,train
756,/kaggle/working/real_text_10k_dataset/doc_g756_rot0.jpg,0,0,102.jpg,train
756,/kaggle/working/real_text_10k_dataset/doc_g756_rot90.jpg,1,90,102.jpg,train
756,/kaggle/working/real_text_10k_dataset/doc_g756_rot180.jpg,2,180,102.jpg,train
756,/kaggle/working/real_text_10k_dataset/doc_g756_rot270.jpg,3,270,102.jpg,train
757,/kaggle/working/real_text_10k_dataset/doc_g757_rot0.jpg,0,0,2063116860.tif,train
757,/kaggle/working/real_text_10k_dataset/doc_g757_rot90.jpg,1,90,2063116860.tif,train
757,/kaggle/working/real_text_10k_dataset/doc_g757_rot180.jpg,2,180,2063116860.tif,train
757,/kaggle/working/real_text_10k_dataset/doc_g757_rot270.jpg,3,270,2063116860.tif,train
758,/kaggle/working/real_text_10k_dataset/doc_g758_rot0.jpg,0,0,506495987+-5992.tif,train
758,/kaggle/working/real_text_10k_dataset/doc_g758_rot90.jpg,1,90,506495987+-5992.tif,train
758,/kaggle/working/real_text_10k_dataset/doc_g758_rot180.jpg,2,180,506495987+-5992.tif,train
758,/kaggle/working/real_text_10k_dataset/doc_g758_rot270.jpg,3,270,506495987+-5992.tif,train
759,/kaggle/working/real_text_10k_dataset/doc_g759_rot0.jpg,0,0,tob07418.63.tif,train
759,/kaggle/working/real_text_10k_dataset/doc_g759_rot90.jpg,1,90,tob07418.63.tif,train
759,/kaggle/working/real_text_10k_dataset/doc_g759_rot180.jpg,2,180,tob07418.63.tif,train
759,/kaggle/working/real_text_10k_dataset/doc_g759_rot270.jpg,3,270,tob07418.63.tif,train
760,/kaggle/working/real_text_10k_dataset/doc_g760_rot0.jpg,0,0,1000031233.tif,val
760,/kaggle/working/real_text_10k_dataset/doc_g760_rot90.jpg,1,90,1000031233.tif,val
760,/kaggle/working/real_text_10k_dataset/doc_g760_rot180.jpg,2,180,1000031233.tif,val
760,/kaggle/working/real_text_10k_dataset/doc_g760_rot270.jpg,3,270,1000031233.tif,val
761,/kaggle/working/real_text_10k_dataset/doc_g761_rot0.jpg,0,0,2060538927.tif,train
761,/kaggle/working/real_text_10k_dataset/doc_g761_rot90.jpg,1,90,2060538927.tif,train
761,/kaggle/working/real_text_10k_dataset/doc_g761_rot180.jpg,2,180,2060538927.tif,train
761,/kaggle/working/real_text_10k_dataset/doc_g761_rot270.jpg,3,270,2060538927.tif,train
762,/kaggle/working/real_text_10k_dataset/doc_g762_rot0.jpg,0,0,501732214+-2217.tif,train
762,/kaggle/working/real_text_10k_dataset/doc_g762_rot90.jpg,1,90,501732214+-2217.tif,train
762,/kaggle/working/real_text_10k_dataset/doc_g762_rot180.jpg,2,180,501732214+-2217.tif,train
762,/kaggle/working/real_text_10k_dataset/doc_g762_rot270.jpg,3,270,501732214+-2217.tif,train
763,/kaggle/working/real_text_10k_dataset/doc_g763_rot0.jpg,0,0,522704822+-4824.tif,train
763,/kaggle/working/real_text_10k_dataset/doc_g763_rot90.jpg,1,90,522704822+-4824.tif,train
763,/kaggle/working/real_text_10k_dataset/doc_g763_rot180.jpg,2,180,522704822+-4824.tif,train
763,/kaggle/working/real_text_10k_dataset/doc_g763_rot270.jpg,3,270,522704822+-4824.tif,train
764,/kaggle/working/real_text_10k_dataset/doc_g764_rot0.jpg,0,0,84460260_84460265.tif,train
764,/kaggle/working/real_text_10k_dataset/doc_g764_rot90.jpg,1,90,84460260_84460265.tif,train
764,/kaggle/working/real_text_10k_dataset/doc_g764_rot180.jpg,2,180,84460260_84460265.tif,train
764,/kaggle/working/real_text_10k_dataset/doc_g764_rot270.jpg,3,270,84460260_84460265.tif,train
765,/kaggle/working/real_text_10k_dataset/doc_g765_rot0.jpg,0,0,2501645526.tif,test
765,/kaggle/working/real_text_10k_dataset/doc_g765_rot90.jpg,1,90,2501645526.tif,test
765,/kaggle/working/real_text_10k_dataset/doc_g765_rot180.jpg,2,180,2501645526.tif,test
765,/kaggle/working/real_text_10k_dataset/doc_g765_rot270.jpg,3,270,2501645526.tif,test
766,/kaggle/working/real_text_10k_dataset/doc_g766_rot0.jpg,0,0,01753745.tif,test
766,/kaggle/working/real_text_10k_dataset/doc_g766_rot90.jpg,1,90,01753745.tif,test
766,/kaggle/working/real_text_10k_dataset/doc_g766_rot180.jpg,2,180,01753745.tif,test
766,/kaggle/working/real_text_10k_dataset/doc_g766_rot270.jpg,3,270,01753745.tif,test
767,/kaggle/working/real_text_10k_dataset/doc_g767_rot0.jpg,0,0,504471684_504471685.tif,train
767,/kaggle/working/real_text_10k_dataset/doc_g767_rot90.jpg,1,90,504471684_504471685.tif,train
767,/kaggle/working/real_text_10k_dataset/doc_g767_rot180.jpg,2,180,504471684_504471685.tif,train
767,/kaggle/working/real_text_10k_dataset/doc_g767_rot270.jpg,3,270,504471684_504471685.tif,train
768,/kaggle/working/real_text_10k_dataset/doc_g768_rot0.jpg,0,0,2081493039b.tif,test
768,/kaggle/working/real_text_10k_dataset/doc_g768_rot90.jpg,1,90,2081493039b.tif,test
768,/kaggle/working/real_text_10k_dataset/doc_g768_rot180.jpg,2,180,2081493039b.tif,test
768,/kaggle/working/real_text_10k_dataset/doc_g768_rot270.jpg,3,270,2081493039b.tif,test
769,/kaggle/working/real_text_10k_dataset/doc_g769_rot0.jpg,0,0,receipt_00751.png,train
769,/kaggle/working/real_text_10k_dataset/doc_g769_rot90.jpg,1,90,receipt_00751.png,train
769,/kaggle/working/real_text_10k_dataset/doc_g769_rot180.jpg,2,180,receipt_00751.png,train
769,/kaggle/working/real_text_10k_dataset/doc_g769_rot270.jpg,3,270,receipt_00751.png,train
770,/kaggle/working/real_text_10k_dataset/doc_g770_rot0.jpg,0,0,2049435370.tif,train
770,/kaggle/working/real_text_10k_dataset/doc_g770_rot90.jpg,1,90,2049435370.tif,train
770,/kaggle/working/real_text_10k_dataset/doc_g770_rot180.jpg,2,180,2049435370.tif,train
770,/kaggle/working/real_text_10k_dataset/doc_g770_rot270.jpg,3,270,2049435370.tif,train
771,/kaggle/working/real_text_10k_dataset/doc_g771_rot0.jpg,0,0,0000087992.tif,train
771,/kaggle/working/real_text_10k_dataset/doc_g771_rot90.jpg,1,90,0000087992.tif,train
771,/kaggle/working/real_text_10k_dataset/doc_g771_rot180.jpg,2,180,0000087992.tif,train
771,/kaggle/working/real_text_10k_dataset/doc_g771_rot270.jpg,3,270,0000087992.tif,train
772,/kaggle/working/real_text_10k_dataset/doc_g772_rot0.jpg,0,0,2057676038.tif,train
772,/kaggle/working/real_text_10k_dataset/doc_g772_rot90.jpg,1,90,2057676038.tif,train
772,/kaggle/working/real_text_10k_dataset/doc_g772_rot180.jpg,2,180,2057676038.tif,train
772,/kaggle/working/real_text_10k_dataset/doc_g772_rot270.jpg,3,270,2057676038.tif,train
773,/kaggle/working/real_text_10k_dataset/doc_g773_rot0.jpg,0,0,524160417+-0418.tif,test
773,/kaggle/working/real_text_10k_dataset/doc_g773_rot90.jpg,1,90,524160417+-0418.tif,test
773,/kaggle/working/real_text_10k_dataset/doc_g773_rot180.jpg,2,180,524160417+-0418.tif,test
773,/kaggle/working/real_text_10k_dataset/doc_g773_rot270.jpg,3,270,524160417+-0418.tif,test
774,/kaggle/working/real_text_10k_dataset/doc_g774_rot0.jpg,0,0,2024493713-a.tif,train
774,/kaggle/working/real_text_10k_dataset/doc_g774_rot90.jpg,1,90,2024493713-a.tif,train
774,/kaggle/working/real_text_10k_dataset/doc_g774_rot180.jpg,2,180,2024493713-a.tif,train
774,/kaggle/working/real_text_10k_dataset/doc_g774_rot270.jpg,3,270,2024493713-a.tif,train
775,/kaggle/working/real_text_10k_dataset/doc_g775_rot0.jpg,0,0,2078380518_0519.tif,train
775,/kaggle/working/real_text_10k_dataset/doc_g775_rot90.jpg,1,90,2078380518_0519.tif,train
775,/kaggle/working/real_text_10k_dataset/doc_g775_rot180.jpg,2,180,2078380518_0519.tif,train
775,/kaggle/working/real_text_10k_dataset/doc_g775_rot270.jpg,3,270,2078380518_0519.tif,train
776,/kaggle/working/real_text_10k_dataset/doc_g776_rot0.jpg,0,0,2085124116.tif,train
776,/kaggle/working/real_text_10k_dataset/doc_g776_rot90.jpg,1,90,2085124116.tif,train
776,/kaggle/working/real_text_10k_dataset/doc_g776_rot180.jpg,2,180,2085124116.tif,train
776,/kaggle/working/real_text_10k_dataset/doc_g776_rot270.jpg,3,270,2085124116.tif,train
777,/kaggle/working/real_text_10k_dataset/doc_g777_rot0.jpg,0,0,2053434952.tif,train
777,/kaggle/working/real_text_10k_dataset/doc_g777_rot90.jpg,1,90,2053434952.tif,train
777,/kaggle/working/real_text_10k_dataset/doc_g777_rot180.jpg,2,180,2053434952.tif,train
777,/kaggle/working/real_text_10k_dataset/doc_g777_rot270.jpg,3,270,2053434952.tif,train
778,/kaggle/working/real_text_10k_dataset/doc_g778_rot0.jpg,0,0,2048163101.tif,train
778,/kaggle/working/real_text_10k_dataset/doc_g778_rot90.jpg,1,90,2048163101.tif,train
778,/kaggle/working/real_text_10k_dataset/doc_g778_rot180.jpg,2,180,2048163101.tif,train
778,/kaggle/working/real_text_10k_dataset/doc_g778_rot270.jpg,3,270,2048163101.tif,train
779,/kaggle/working/real_text_10k_dataset/doc_g779_rot0.jpg,0,0,87468177.tif,train
779,/kaggle/working/real_text_10k_dataset/doc_g779_rot90.jpg,1,90,87468177.tif,train
779,/kaggle/working/real_text_10k_dataset/doc_g779_rot180.jpg,2,180,87468177.tif,train
779,/kaggle/working/real_text_10k_dataset/doc_g779_rot270.jpg,3,270,87468177.tif,train
780,/kaggle/working/real_text_10k_dataset/doc_g780_rot0.jpg,0,0,86462907.tif,train
780,/kaggle/working/real_text_10k_dataset/doc_g780_rot90.jpg,1,90,86462907.tif,train
780,/kaggle/working/real_text_10k_dataset/doc_g780_rot180.jpg,2,180,86462907.tif,train
780,/kaggle/working/real_text_10k_dataset/doc_g780_rot270.jpg,3,270,86462907.tif,train
781,/kaggle/working/real_text_10k_dataset/doc_g781_rot0.jpg,0,0,11300642-0643.tif,train
781,/kaggle/working/real_text_10k_dataset/doc_g781_rot90.jpg,1,90,11300642-0643.tif,train
781,/kaggle/working/real_text_10k_dataset/doc_g781_rot180.jpg,2,180,11300642-0643.tif,train
781,/kaggle/working/real_text_10k_dataset/doc_g781_rot270.jpg,3,270,11300642-0643.tif,train
782,/kaggle/working/real_text_10k_dataset/doc_g782_rot0.jpg,0,0,receipt_00627.png,test
782,/kaggle/working/real_text_10k_dataset/doc_g782_rot90.jpg,1,90,receipt_00627.png,test
782,/kaggle/working/real_text_10k_dataset/doc_g782_rot180.jpg,2,180,receipt_00627.png,test
782,/kaggle/working/real_text_10k_dataset/doc_g782_rot270.jpg,3,270,receipt_00627.png,test
783,/kaggle/working/real_text_10k_dataset/doc_g783_rot0.jpg,0,0,516550039+-0041.tif,train
783,/kaggle/working/real_text_10k_dataset/doc_g783_rot90.jpg,1,90,516550039+-0041.tif,train
783,/kaggle/working/real_text_10k_dataset/doc_g783_rot180.jpg,2,180,516550039+-0041.tif,train
783,/kaggle/working/real_text_10k_dataset/doc_g783_rot270.jpg,3,270,516550039+-0041.tif,train
784,/kaggle/working/real_text_10k_dataset/doc_g784_rot0.jpg,0,0,2084288378.tif,train
784,/kaggle/working/real_text_10k_dataset/doc_g784_rot90.jpg,1,90,2084288378.tif,train
784,/kaggle/working/real_text_10k_dataset/doc_g784_rot180.jpg,2,180,2084288378.tif,train
784,/kaggle/working/real_text_10k_dataset/doc_g784_rot270.jpg,3,270,2084288378.tif,train
785,/kaggle/working/real_text_10k_dataset/doc_g785_rot0.jpg,0,0,95521979_1982.tif,train
785,/kaggle/working/real_text_10k_dataset/doc_g785_rot90.jpg,1,90,95521979_1982.tif,train
785,/kaggle/working/real_text_10k_dataset/doc_g785_rot180.jpg,2,180,95521979_1982.tif,train
785,/kaggle/working/real_text_10k_dataset/doc_g785_rot270.jpg,3,270,95521979_1982.tif,train
786,/kaggle/working/real_text_10k_dataset/doc_g786_rot0.jpg,0,0,2080724346_4347.tif,train
786,/kaggle/working/real_text_10k_dataset/doc_g786_rot90.jpg,1,90,2080724346_4347.tif,train
786,/kaggle/working/real_text_10k_dataset/doc_g786_rot180.jpg,2,180,2080724346_4347.tif,train
786,/kaggle/working/real_text_10k_dataset/doc_g786_rot270.jpg,3,270,2080724346_4347.tif,train
787,/kaggle/working/real_text_10k_dataset/doc_g787_rot0.jpg,0,0,517045931+-5932.tif,test
787,/kaggle/working/real_text_10k_dataset/doc_g787_rot90.jpg,1,90,517045931+-5932.tif,test
787,/kaggle/working/real_text_10k_dataset/doc_g787_rot180.jpg,2,180,517045931+-5932.tif,test
787,/kaggle/working/real_text_10k_dataset/doc_g787_rot270.jpg,3,270,517045931+-5932.tif,test
788,/kaggle/working/real_text_10k_dataset/doc_g788_rot0.jpg,0,0,00499797_00499802.tif,test
788,/kaggle/working/real_text_10k_dataset/doc_g788_rot90.jpg,1,90,00499797_00499802.tif,test
788,/kaggle/working/real_text_10k_dataset/doc_g788_rot180.jpg,2,180,00499797_00499802.tif,test
788,/kaggle/working/real_text_10k_dataset/doc_g788_rot270.jpg,3,270,00499797_00499802.tif,test
789,/kaggle/working/real_text_10k_dataset/doc_g789_rot0.jpg,0,0,2083635730b.tif,val
789,/kaggle/working/real_text_10k_dataset/doc_g789_rot90.jpg,1,90,2083635730b.tif,val
789,/kaggle/working/real_text_10k_dataset/doc_g789_rot180.jpg,2,180,2083635730b.tif,val
789,/kaggle/working/real_text_10k_dataset/doc_g789_rot270.jpg,3,270,2083635730b.tif,val
790,/kaggle/working/real_text_10k_dataset/doc_g790_rot0.jpg,0,0,521151239+-1239.tif,val
790,/kaggle/working/real_text_10k_dataset/doc_g790_rot90.jpg,1,90,521151239+-1239.tif,val
790,/kaggle/working/real_text_10k_dataset/doc_g790_rot180.jpg,2,180,521151239+-1239.tif,val
790,/kaggle/working/real_text_10k_dataset/doc_g790_rot270.jpg,3,270,521151239+-1239.tif,val
791,/kaggle/working/real_text_10k_dataset/doc_g791_rot0.jpg,0,0,2044696251.tif,val
791,/kaggle/working/real_text_10k_dataset/doc_g791_rot90.jpg,1,90,2044696251.tif,val
791,/kaggle/working/real_text_10k_dataset/doc_g791_rot180.jpg,2,180,2044696251.tif,val
791,/kaggle/working/real_text_10k_dataset/doc_g791_rot270.jpg,3,270,2044696251.tif,val
792,/kaggle/working/real_text_10k_dataset/doc_g792_rot0.jpg,0,0,531376442+-6446.tif,train
792,/kaggle/working/real_text_10k_dataset/doc_g792_rot90.jpg,1,90,531376442+-6446.tif,train
792,/kaggle/working/real_text_10k_dataset/doc_g792_rot180.jpg,2,180,531376442+-6446.tif,train
792,/kaggle/working/real_text_10k_dataset/doc_g792_rot270.jpg,3,270,531376442+-6446.tif,train
793,/kaggle/working/real_text_10k_dataset/doc_g793_rot0.jpg,0,0,0071004275.tif,train
793,/kaggle/working/real_text_10k_dataset/doc_g793_rot90.jpg,1,90,0071004275.tif,train
793,/kaggle/working/real_text_10k_dataset/doc_g793_rot180.jpg,2,180,0071004275.tif,train
793,/kaggle/working/real_text_10k_dataset/doc_g793_rot270.jpg,3,270,0071004275.tif,train
794,/kaggle/working/real_text_10k_dataset/doc_g794_rot0.jpg,0,0,505533825+-3830.tif,train
794,/kaggle/working/real_text_10k_dataset/doc_g794_rot90.jpg,1,90,505533825+-3830.tif,train
794,/kaggle/working/real_text_10k_dataset/doc_g794_rot180.jpg,2,180,505533825+-3830.tif,train
794,/kaggle/working/real_text_10k_dataset/doc_g794_rot270.jpg,3,270,505533825+-3830.tif,train
795,/kaggle/working/real_text_10k_dataset/doc_g795_rot0.jpg,0,0,1003543519-a.tif,train
795,/kaggle/working/real_text_10k_dataset/doc_g795_rot90.jpg,1,90,1003543519-a.tif,train
795,/kaggle/working/real_text_10k_dataset/doc_g795_rot180.jpg,2,180,1003543519-a.tif,train
795,/kaggle/working/real_text_10k_dataset/doc_g795_rot270.jpg,3,270,1003543519-a.tif,train
796,/kaggle/working/real_text_10k_dataset/doc_g796_rot0.jpg,0,0,2078594942.tif,train
796,/kaggle/working/real_text_10k_dataset/doc_g796_rot90.jpg,1,90,2078594942.tif,train
796,/kaggle/working/real_text_10k_dataset/doc_g796_rot180.jpg,2,180,2078594942.tif,train
796,/kaggle/working/real_text_10k_dataset/doc_g796_rot270.jpg,3,270,2078594942.tif,train
797,/kaggle/working/real_text_10k_dataset/doc_g797_rot0.jpg,0,0,0000225742.tif,train
797,/kaggle/working/real_text_10k_dataset/doc_g797_rot90.jpg,1,90,0000225742.tif,train
797,/kaggle/working/real_text_10k_dataset/doc_g797_rot180.jpg,2,180,0000225742.tif,train
797,/kaggle/working/real_text_10k_dataset/doc_g797_rot270.jpg,3,270,0000225742.tif,train
798,/kaggle/working/real_text_10k_dataset/doc_g798_rot0.jpg,0,0,2040421069.tif,train
798,/kaggle/working/real_text_10k_dataset/doc_g798_rot90.jpg,1,90,2040421069.tif,train
798,/kaggle/working/real_text_10k_dataset/doc_g798_rot180.jpg,2,180,2040421069.tif,train
798,/kaggle/working/real_text_10k_dataset/doc_g798_rot270.jpg,3,270,2040421069.tif,train
799,/kaggle/working/real_text_10k_dataset/doc_g799_rot0.jpg,0,0,50461057-1058.tif,val
799,/kaggle/working/real_text_10k_dataset/doc_g799_rot90.jpg,1,90,50461057-1058.tif,val
799,/kaggle/working/real_text_10k_dataset/doc_g799_rot180.jpg,2,180,50461057-1058.tif,val
799,/kaggle/working/real_text_10k_dataset/doc_g799_rot270.jpg,3,270,50461057-1058.tif,val
800,/kaggle/working/real_text_10k_dataset/doc_g800_rot0.jpg,0,0,524173604+-3605.tif,train
800,/kaggle/working/real_text_10k_dataset/doc_g800_rot90.jpg,1,90,524173604+-3605.tif,train
800,/kaggle/working/real_text_10k_dataset/doc_g800_rot180.jpg,2,180,524173604+-3605.tif,train
800,/kaggle/working/real_text_10k_dataset/doc_g800_rot270.jpg,3,270,524173604+-3605.tif,train
801,/kaggle/working/real_text_10k_dataset/doc_g801_rot0.jpg,0,0,2021279967_2021279980.tif,test
801,/kaggle/working/real_text_10k_dataset/doc_g801_rot90.jpg,1,90,2021279967_2021279980.tif,test
801,/kaggle/working/real_text_10k_dataset/doc_g801_rot180.jpg,2,180,2021279967_2021279980.tif,test
801,/kaggle/working/real_text_10k_dataset/doc_g801_rot270.jpg,3,270,2021279967_2021279980.tif,test
802,/kaggle/working/real_text_10k_dataset/doc_g802_rot0.jpg,0,0,522747072+-7074.tif,val
802,/kaggle/working/real_text_10k_dataset/doc_g802_rot90.jpg,1,90,522747072+-7074.tif,val
802,/kaggle/working/real_text_10k_dataset/doc_g802_rot180.jpg,2,180,522747072+-7074.tif,val
802,/kaggle/working/real_text_10k_dataset/doc_g802_rot270.jpg,3,270,522747072+-7074.tif,val
803,/kaggle/working/real_text_10k_dataset/doc_g803_rot0.jpg,0,0,2021620122_2021620162.tif,test
803,/kaggle/working/real_text_10k_dataset/doc_g803_rot90.jpg,1,90,2021620122_2021620162.tif,test
803,/kaggle/working/real_text_10k_dataset/doc_g803_rot180.jpg,2,180,2021620122_2021620162.tif,test
803,/kaggle/working/real_text_10k_dataset/doc_g803_rot270.jpg,3,270,2021620122_2021620162.tif,test
804,/kaggle/working/real_text_10k_dataset/doc_g804_rot0.jpg,0,0,92616330.tif,train
804,/kaggle/working/real_text_10k_dataset/doc_g804_rot90.jpg,1,90,92616330.tif,train
804,/kaggle/working/real_text_10k_dataset/doc_g804_rot180.jpg,2,180,92616330.tif,train
804,/kaggle/working/real_text_10k_dataset/doc_g804_rot270.jpg,3,270,92616330.tif,train
805,/kaggle/working/real_text_10k_dataset/doc_g805_rot0.jpg,0,0,2023413403_2023413410.tif,train
805,/kaggle/working/real_text_10k_dataset/doc_g805_rot90.jpg,1,90,2023413403_2023413410.tif,train
805,/kaggle/working/real_text_10k_dataset/doc_g805_rot180.jpg,2,180,2023413403_2023413410.tif,train
805,/kaggle/working/real_text_10k_dataset/doc_g805_rot270.jpg,3,270,2023413403_2023413410.tif,train
806,/kaggle/working/real_text_10k_dataset/doc_g806_rot0.jpg,0,0,89310948_0954.tif,train
806,/kaggle/working/real_text_10k_dataset/doc_g806_rot90.jpg,1,90,89310948_0954.tif,train
806,/kaggle/working/real_text_10k_dataset/doc_g806_rot180.jpg,2,180,89310948_0954.tif,train
806,/kaggle/working/real_text_10k_dataset/doc_g806_rot270.jpg,3,270,89310948_0954.tif,train
807,/kaggle/working/real_text_10k_dataset/doc_g807_rot0.jpg,0,0,525011758+-1771.tif,train
807,/kaggle/working/real_text_10k_dataset/doc_g807_rot90.jpg,1,90,525011758+-1771.tif,train
807,/kaggle/working/real_text_10k_dataset/doc_g807_rot180.jpg,2,180,525011758+-1771.tif,train
807,/kaggle/working/real_text_10k_dataset/doc_g807_rot270.jpg,3,270,525011758+-1771.tif,train
808,/kaggle/working/real_text_10k_dataset/doc_g808_rot0.jpg,0,0,2041385215.tif,train
808,/kaggle/working/real_text_10k_dataset/doc_g808_rot90.jpg,1,90,2041385215.tif,train
808,/kaggle/working/real_text_10k_dataset/doc_g808_rot180.jpg,2,180,2041385215.tif,train
808,/kaggle/working/real_text_10k_dataset/doc_g808_rot270.jpg,3,270,2041385215.tif,train
809,/kaggle/working/real_text_10k_dataset/doc_g809_rot0.jpg,0,0,1316860.tif,val
809,/kaggle/working/real_text_10k_dataset/doc_g809_rot90.jpg,1,90,1316860.tif,val
809,/kaggle/working/real_text_10k_dataset/doc_g809_rot180.jpg,2,180,1316860.tif,val
809,/kaggle/working/real_text_10k_dataset/doc_g809_rot270.jpg,3,270,1316860.tif,val
810,/kaggle/working/real_text_10k_dataset/doc_g810_rot0.jpg,0,0,0000968201.tif,val
810,/kaggle/working/real_text_10k_dataset/doc_g810_rot90.jpg,1,90,0000968201.tif,val
810,/kaggle/working/real_text_10k_dataset/doc_g810_rot180.jpg,2,180,0000968201.tif,val
810,/kaggle/working/real_text_10k_dataset/doc_g810_rot270.jpg,3,270,0000968201.tif,val
811,/kaggle/working/real_text_10k_dataset/doc_g811_rot0.jpg,0,0,81190731_0743.tif,test
811,/kaggle/working/real_text_10k_dataset/doc_g811_rot90.jpg,1,90,81190731_0743.tif,test
811,/kaggle/working/real_text_10k_dataset/doc_g811_rot180.jpg,2,180,81190731_0743.tif,test
811,/kaggle/working/real_text_10k_dataset/doc_g811_rot270.jpg,3,270,81190731_0743.tif,test
812,/kaggle/working/real_text_10k_dataset/doc_g812_rot0.jpg,0,0,2024476471.tif,train
812,/kaggle/working/real_text_10k_dataset/doc_g812_rot90.jpg,1,90,2024476471.tif,train
812,/kaggle/working/real_text_10k_dataset/doc_g812_rot180.jpg,2,180,2024476471.tif,train
812,/kaggle/working/real_text_10k_dataset/doc_g812_rot270.jpg,3,270,2024476471.tif,train
813,/kaggle/working/real_text_10k_dataset/doc_g813_rot0.jpg,0,0,522730558+-0560.tif,val
813,/kaggle/working/real_text_10k_dataset/doc_g813_rot90.jpg,1,90,522730558+-0560.tif,val
813,/kaggle/working/real_text_10k_dataset/doc_g813_rot180.jpg,2,180,522730558+-0560.tif,val
813,/kaggle/working/real_text_10k_dataset/doc_g813_rot270.jpg,3,270,522730558+-0560.tif,val
814,/kaggle/working/real_text_10k_dataset/doc_g814_rot0.jpg,0,0,2075335207.tif,train
814,/kaggle/working/real_text_10k_dataset/doc_g814_rot90.jpg,1,90,2075335207.tif,train
814,/kaggle/working/real_text_10k_dataset/doc_g814_rot180.jpg,2,180,2075335207.tif,train
814,/kaggle/working/real_text_10k_dataset/doc_g814_rot270.jpg,3,270,2075335207.tif,train
815,/kaggle/working/real_text_10k_dataset/doc_g815_rot0.jpg,0,0,2028891542.tif,train
815,/kaggle/working/real_text_10k_dataset/doc_g815_rot90.jpg,1,90,2028891542.tif,train
815,/kaggle/working/real_text_10k_dataset/doc_g815_rot180.jpg,2,180,2028891542.tif,train
815,/kaggle/working/real_text_10k_dataset/doc_g815_rot270.jpg,3,270,2028891542.tif,train
816,/kaggle/working/real_text_10k_dataset/doc_g816_rot0.jpg,0,0,2046042329.tif,train
816,/kaggle/working/real_text_10k_dataset/doc_g816_rot90.jpg,1,90,2046042329.tif,train
816,/kaggle/working/real_text_10k_dataset/doc_g816_rot180.jpg,2,180,2046042329.tif,train
816,/kaggle/working/real_text_10k_dataset/doc_g816_rot270.jpg,3,270,2046042329.tif,train
817,/kaggle/working/real_text_10k_dataset/doc_g817_rot0.jpg,0,0,2029036934.tif,train
817,/kaggle/working/real_text_10k_dataset/doc_g817_rot90.jpg,1,90,2029036934.tif,train
817,/kaggle/working/real_text_10k_dataset/doc_g817_rot180.jpg,2,180,2029036934.tif,train
817,/kaggle/working/real_text_10k_dataset/doc_g817_rot270.jpg,3,270,2029036934.tif,train
818,/kaggle/working/real_text_10k_dataset/doc_g818_rot0.jpg,0,0,2024493942.tif,val
818,/kaggle/working/real_text_10k_dataset/doc_g818_rot90.jpg,1,90,2024493942.tif,val
818,/kaggle/working/real_text_10k_dataset/doc_g818_rot180.jpg,2,180,2024493942.tif,val
818,/kaggle/working/real_text_10k_dataset/doc_g818_rot270.jpg,3,270,2024493942.tif,val
819,/kaggle/working/real_text_10k_dataset/doc_g819_rot0.jpg,0,0,2060187145.tif,train
819,/kaggle/working/real_text_10k_dataset/doc_g819_rot90.jpg,1,90,2060187145.tif,train
819,/kaggle/working/real_text_10k_dataset/doc_g819_rot180.jpg,2,180,2060187145.tif,train
819,/kaggle/working/real_text_10k_dataset/doc_g819_rot270.jpg,3,270,2060187145.tif,train
820,/kaggle/working/real_text_10k_dataset/doc_g820_rot0.jpg,0,0,2080293170.tif,train
820,/kaggle/working/real_text_10k_dataset/doc_g820_rot90.jpg,1,90,2080293170.tif,train
820,/kaggle/working/real_text_10k_dataset/doc_g820_rot180.jpg,2,180,2080293170.tif,train
820,/kaggle/working/real_text_10k_dataset/doc_g820_rot270.jpg,3,270,2080293170.tif,train
821,/kaggle/working/real_text_10k_dataset/doc_g821_rot0.jpg,0,0,2029110043.tif,train
821,/kaggle/working/real_text_10k_dataset/doc_g821_rot90.jpg,1,90,2029110043.tif,train
821,/kaggle/working/real_text_10k_dataset/doc_g821_rot180.jpg,2,180,2029110043.tif,train
821,/kaggle/working/real_text_10k_dataset/doc_g821_rot270.jpg,3,270,2029110043.tif,train
822,/kaggle/working/real_text_10k_dataset/doc_g822_rot0.jpg,0,0,501219597+-9598.tif,train
822,/kaggle/working/real_text_10k_dataset/doc_g822_rot90.jpg,1,90,501219597+-9598.tif,train
822,/kaggle/working/real_text_10k_dataset/doc_g822_rot180.jpg,2,180,501219597+-9598.tif,train
822,/kaggle/working/real_text_10k_dataset/doc_g822_rot270.jpg,3,270,501219597+-9598.tif,train
823,/kaggle/working/real_text_10k_dataset/doc_g823_rot0.jpg,0,0,2024951320.tif,train
823,/kaggle/working/real_text_10k_dataset/doc_g823_rot90.jpg,1,90,2024951320.tif,train
823,/kaggle/working/real_text_10k_dataset/doc_g823_rot180.jpg,2,180,2024951320.tif,train
823,/kaggle/working/real_text_10k_dataset/doc_g823_rot270.jpg,3,270,2024951320.tif,train
824,/kaggle/working/real_text_10k_dataset/doc_g824_rot0.jpg,0,0,2047715473.tif,train
824,/kaggle/working/real_text_10k_dataset/doc_g824_rot90.jpg,1,90,2047715473.tif,train
824,/kaggle/working/real_text_10k_dataset/doc_g824_rot180.jpg,2,180,2047715473.tif,train
824,/kaggle/working/real_text_10k_dataset/doc_g824_rot270.jpg,3,270,2047715473.tif,train
825,/kaggle/working/real_text_10k_dataset/doc_g825_rot0.jpg,0,0,receipt_00008.png,train
825,/kaggle/working/real_text_10k_dataset/doc_g825_rot90.jpg,1,90,receipt_00008.png,train
825,/kaggle/working/real_text_10k_dataset/doc_g825_rot180.jpg,2,180,receipt_00008.png,train
825,/kaggle/working/real_text_10k_dataset/doc_g825_rot270.jpg,3,270,receipt_00008.png,train
826,/kaggle/working/real_text_10k_dataset/doc_g826_rot0.jpg,0,0,2029120153_0154.tif,train
826,/kaggle/working/real_text_10k_dataset/doc_g826_rot90.jpg,1,90,2029120153_0154.tif,train
826,/kaggle/working/real_text_10k_dataset/doc_g826_rot180.jpg,2,180,2029120153_0154.tif,train
826,/kaggle/working/real_text_10k_dataset/doc_g826_rot270.jpg,3,270,2029120153_0154.tif,train
827,/kaggle/working/real_text_10k_dataset/doc_g827_rot0.jpg,0,0,505435536.tif,train
827,/kaggle/working/real_text_10k_dataset/doc_g827_rot90.jpg,1,90,505435536.tif,train
827,/kaggle/working/real_text_10k_dataset/doc_g827_rot180.jpg,2,180,505435536.tif,train
827,/kaggle/working/real_text_10k_dataset/doc_g827_rot270.jpg,3,270,505435536.tif,train
828,/kaggle/working/real_text_10k_dataset/doc_g828_rot0.jpg,0,0,X51006556734.jpg,train
828,/kaggle/working/real_text_10k_dataset/doc_g828_rot90.jpg,1,90,X51006556734.jpg,train
828,/kaggle/working/real_text_10k_dataset/doc_g828_rot180.jpg,2,180,X51006556734.jpg,train
828,/kaggle/working/real_text_10k_dataset/doc_g828_rot270.jpg,3,270,X51006556734.jpg,train
829,/kaggle/working/real_text_10k_dataset/doc_g829_rot0.jpg,0,0,2031321330.tif,train
829,/kaggle/working/real_text_10k_dataset/doc_g829_rot90.jpg,1,90,2031321330.tif,train
829,/kaggle/working/real_text_10k_dataset/doc_g829_rot180.jpg,2,180,2031321330.tif,train
829,/kaggle/working/real_text_10k_dataset/doc_g829_rot270.jpg,3,270,2031321330.tif,train
830,/kaggle/working/real_text_10k_dataset/doc_g830_rot0.jpg,0,0,81880368_0369.tif,test
830,/kaggle/working/real_text_10k_dataset/doc_g830_rot90.jpg,1,90,81880368_0369.tif,test
830,/kaggle/working/real_text_10k_dataset/doc_g830_rot180.jpg,2,180,81880368_0369.tif,test
830,/kaggle/working/real_text_10k_dataset/doc_g830_rot270.jpg,3,270,81880368_0369.tif,test
831,/kaggle/working/real_text_10k_dataset/doc_g831_rot0.jpg,0,0,2083792969_2972.tif,train
831,/kaggle/working/real_text_10k_dataset/doc_g831_rot90.jpg,1,90,2083792969_2972.tif,train
831,/kaggle/working/real_text_10k_dataset/doc_g831_rot180.jpg,2,180,2083792969_2972.tif,train
831,/kaggle/working/real_text_10k_dataset/doc_g831_rot270.jpg,3,270,2083792969_2972.tif,train
832,/kaggle/working/real_text_10k_dataset/doc_g832_rot0.jpg,0,0,83311278.tif,train
832,/kaggle/working/real_text_10k_dataset/doc_g832_rot90.jpg,1,90,83311278.tif,train
832,/kaggle/working/real_text_10k_dataset/doc_g832_rot180.jpg,2,180,83311278.tif,train
832,/kaggle/working/real_text_10k_dataset/doc_g832_rot270.jpg,3,270,83311278.tif,train
833,/kaggle/working/real_text_10k_dataset/doc_g833_rot0.jpg,0,0,2063607247_2063607249.tif,train
833,/kaggle/working/real_text_10k_dataset/doc_g833_rot90.jpg,1,90,2063607247_2063607249.tif,train
833,/kaggle/working/real_text_10k_dataset/doc_g833_rot180.jpg,2,180,2063607247_2063607249.tif,train
833,/kaggle/working/real_text_10k_dataset/doc_g833_rot270.jpg,3,270,2063607247_2063607249.tif,train
834,/kaggle/working/real_text_10k_dataset/doc_g834_rot0.jpg,0,0,89000798.tif,train
834,/kaggle/working/real_text_10k_dataset/doc_g834_rot90.jpg,1,90,89000798.tif,train
834,/kaggle/working/real_text_10k_dataset/doc_g834_rot180.jpg,2,180,89000798.tif,train
834,/kaggle/working/real_text_10k_dataset/doc_g834_rot270.jpg,3,270,89000798.tif,train
835,/kaggle/working/real_text_10k_dataset/doc_g835_rot0.jpg,0,0,50349278-9278.tif,train
835,/kaggle/working/real_text_10k_dataset/doc_g835_rot90.jpg,1,90,50349278-9278.tif,train
835,/kaggle/working/real_text_10k_dataset/doc_g835_rot180.jpg,2,180,50349278-9278.tif,train
835,/kaggle/working/real_text_10k_dataset/doc_g835_rot270.jpg,3,270,50349278-9278.tif,train
836,/kaggle/working/real_text_10k_dataset/doc_g836_rot0.jpg,0,0,receipt_00097.png,train
836,/kaggle/working/real_text_10k_dataset/doc_g836_rot90.jpg,1,90,receipt_00097.png,train
836,/kaggle/working/real_text_10k_dataset/doc_g836_rot180.jpg,2,180,receipt_00097.png,train
836,/kaggle/working/real_text_10k_dataset/doc_g836_rot270.jpg,3,270,receipt_00097.png,train
837,/kaggle/working/real_text_10k_dataset/doc_g837_rot0.jpg,0,0,92873397.tif,test
837,/kaggle/working/real_text_10k_dataset/doc_g837_rot90.jpg,1,90,92873397.tif,test
837,/kaggle/working/real_text_10k_dataset/doc_g837_rot180.jpg,2,180,92873397.tif,test
837,/kaggle/working/real_text_10k_dataset/doc_g837_rot270.jpg,3,270,92873397.tif,test
838,/kaggle/working/real_text_10k_dataset/doc_g838_rot0.jpg,0,0,1003156080_1003156101.tif,train
838,/kaggle/working/real_text_10k_dataset/doc_g838_rot90.jpg,1,90,1003156080_1003156101.tif,train
838,/kaggle/working/real_text_10k_dataset/doc_g838_rot180.jpg,2,180,1003156080_1003156101.tif,train
838,/kaggle/working/real_text_10k_dataset/doc_g838_rot270.jpg,3,270,1003156080_1003156101.tif,train
839,/kaggle/working/real_text_10k_dataset/doc_g839_rot0.jpg,0,0,91017214.tif,train
839,/kaggle/working/real_text_10k_dataset/doc_g839_rot90.jpg,1,90,91017214.tif,train
839,/kaggle/working/real_text_10k_dataset/doc_g839_rot180.jpg,2,180,91017214.tif,train
839,/kaggle/working/real_text_10k_dataset/doc_g839_rot270.jpg,3,270,91017214.tif,train
840,/kaggle/working/real_text_10k_dataset/doc_g840_rot0.jpg,0,0,2024525569.tif,train
840,/kaggle/working/real_text_10k_dataset/doc_g840_rot90.jpg,1,90,2024525569.tif,train
840,/kaggle/working/real_text_10k_dataset/doc_g840_rot180.jpg,2,180,2024525569.tif,train
840,/kaggle/working/real_text_10k_dataset/doc_g840_rot270.jpg,3,270,2024525569.tif,train
841,/kaggle/working/real_text_10k_dataset/doc_g841_rot0.jpg,0,0,50174900-4903.tif,val
841,/kaggle/working/real_text_10k_dataset/doc_g841_rot90.jpg,1,90,50174900-4903.tif,val
841,/kaggle/working/real_text_10k_dataset/doc_g841_rot180.jpg,2,180,50174900-4903.tif,val
841,/kaggle/working/real_text_10k_dataset/doc_g841_rot270.jpg,3,270,50174900-4903.tif,val
842,/kaggle/working/real_text_10k_dataset/doc_g842_rot0.jpg,0,0,0060197826.tif,train
842,/kaggle/working/real_text_10k_dataset/doc_g842_rot90.jpg,1,90,0060197826.tif,train
842,/kaggle/working/real_text_10k_dataset/doc_g842_rot180.jpg,2,180,0060197826.tif,train
842,/kaggle/working/real_text_10k_dataset/doc_g842_rot270.jpg,3,270,0060197826.tif,train
843,/kaggle/working/real_text_10k_dataset/doc_g843_rot0.jpg,0,0,2023089186.tif,train
843,/kaggle/working/real_text_10k_dataset/doc_g843_rot90.jpg,1,90,2023089186.tif,train
843,/kaggle/working/real_text_10k_dataset/doc_g843_rot180.jpg,2,180,2023089186.tif,train
843,/kaggle/working/real_text_10k_dataset/doc_g843_rot270.jpg,3,270,2023089186.tif,train
844,/kaggle/working/real_text_10k_dataset/doc_g844_rot0.jpg,0,0,0011833139.tif,train
844,/kaggle/working/real_text_10k_dataset/doc_g844_rot90.jpg,1,90,0011833139.tif,train
844,/kaggle/working/real_text_10k_dataset/doc_g844_rot180.jpg,2,180,0011833139.tif,train
844,/kaggle/working/real_text_10k_dataset/doc_g844_rot270.jpg,3,270,0011833139.tif,train
845,/kaggle/working/real_text_10k_dataset/doc_g845_rot0.jpg,0,0,517544935+-4935.tif,train
845,/kaggle/working/real_text_10k_dataset/doc_g845_rot90.jpg,1,90,517544935+-4935.tif,train
845,/kaggle/working/real_text_10k_dataset/doc_g845_rot180.jpg,2,180,517544935+-4935.tif,train
845,/kaggle/working/real_text_10k_dataset/doc_g845_rot270.jpg,3,270,517544935+-4935.tif,train
846,/kaggle/working/real_text_10k_dataset/doc_g846_rot0.jpg,0,0,95824272.tif,train
846,/kaggle/working/real_text_10k_dataset/doc_g846_rot90.jpg,1,90,95824272.tif,train
846,/kaggle/working/real_text_10k_dataset/doc_g846_rot180.jpg,2,180,95824272.tif,train
846,/kaggle/working/real_text_10k_dataset/doc_g846_rot270.jpg,3,270,95824272.tif,train
847,/kaggle/working/real_text_10k_dataset/doc_g847_rot0.jpg,0,0,515812509_515812510.tif,train
847,/kaggle/working/real_text_10k_dataset/doc_g847_rot90.jpg,1,90,515812509_515812510.tif,train
847,/kaggle/working/real_text_10k_dataset/doc_g847_rot180.jpg,2,180,515812509_515812510.tif,train
847,/kaggle/working/real_text_10k_dataset/doc_g847_rot270.jpg,3,270,515812509_515812510.tif,train
848,/kaggle/working/real_text_10k_dataset/doc_g848_rot0.jpg,0,0,2044738534.tif,train
848,/kaggle/working/real_text_10k_dataset/doc_g848_rot90.jpg,1,90,2044738534.tif,train
848,/kaggle/working/real_text_10k_dataset/doc_g848_rot180.jpg,2,180,2044738534.tif,train
848,/kaggle/working/real_text_10k_dataset/doc_g848_rot270.jpg,3,270,2044738534.tif,train
849,/kaggle/working/real_text_10k_dataset/doc_g849_rot0.jpg,0,0,2083790790.tif,train
849,/kaggle/working/real_text_10k_dataset/doc_g849_rot90.jpg,1,90,2083790790.tif,train
849,/kaggle/working/real_text_10k_dataset/doc_g849_rot180.jpg,2,180,2083790790.tif,train
849,/kaggle/working/real_text_10k_dataset/doc_g849_rot270.jpg,3,270,2083790790.tif,train
850,/kaggle/working/real_text_10k_dataset/doc_g850_rot0.jpg,0,0,91558500.tif,train
850,/kaggle/working/real_text_10k_dataset/doc_g850_rot90.jpg,1,90,91558500.tif,train
850,/kaggle/working/real_text_10k_dataset/doc_g850_rot180.jpg,2,180,91558500.tif,train
850,/kaggle/working/real_text_10k_dataset/doc_g850_rot270.jpg,3,270,91558500.tif,train
851,/kaggle/working/real_text_10k_dataset/doc_g851_rot0.jpg,0,0,2031298796.tif,train
851,/kaggle/working/real_text_10k_dataset/doc_g851_rot90.jpg,1,90,2031298796.tif,train
851,/kaggle/working/real_text_10k_dataset/doc_g851_rot180.jpg,2,180,2031298796.tif,train
851,/kaggle/working/real_text_10k_dataset/doc_g851_rot270.jpg,3,270,2031298796.tif,train
852,/kaggle/working/real_text_10k_dataset/doc_g852_rot0.jpg,0,0,2078799081.tif,train
852,/kaggle/working/real_text_10k_dataset/doc_g852_rot90.jpg,1,90,2078799081.tif,train
852,/kaggle/working/real_text_10k_dataset/doc_g852_rot180.jpg,2,180,2078799081.tif,train
852,/kaggle/working/real_text_10k_dataset/doc_g852_rot270.jpg,3,270,2078799081.tif,train
853,/kaggle/working/real_text_10k_dataset/doc_g853_rot0.jpg,0,0,2028716296.tif,train
853,/kaggle/working/real_text_10k_dataset/doc_g853_rot90.jpg,1,90,2028716296.tif,train
853,/kaggle/working/real_text_10k_dataset/doc_g853_rot180.jpg,2,180,2028716296.tif,train
853,/kaggle/working/real_text_10k_dataset/doc_g853_rot270.jpg,3,270,2028716296.tif,train
854,/kaggle/working/real_text_10k_dataset/doc_g854_rot0.jpg,0,0,2057484487_2057484488.tif,train
854,/kaggle/working/real_text_10k_dataset/doc_g854_rot90.jpg,1,90,2057484487_2057484488.tif,train
854,/kaggle/working/real_text_10k_dataset/doc_g854_rot180.jpg,2,180,2057484487_2057484488.tif,train
854,/kaggle/working/real_text_10k_dataset/doc_g854_rot270.jpg,3,270,2057484487_2057484488.tif,train
855,/kaggle/working/real_text_10k_dataset/doc_g855_rot0.jpg,0,0,89119085_9101.tif,train
855,/kaggle/working/real_text_10k_dataset/doc_g855_rot90.jpg,1,90,89119085_9101.tif,train
855,/kaggle/working/real_text_10k_dataset/doc_g855_rot180.jpg,2,180,89119085_9101.tif,train
855,/kaggle/working/real_text_10k_dataset/doc_g855_rot270.jpg,3,270,89119085_9101.tif,train
856,/kaggle/working/real_text_10k_dataset/doc_g856_rot0.jpg,0,0,tnwl0048939.tif,train
856,/kaggle/working/real_text_10k_dataset/doc_g856_rot90.jpg,1,90,tnwl0048939.tif,train
856,/kaggle/working/real_text_10k_dataset/doc_g856_rot180.jpg,2,180,tnwl0048939.tif,train
856,/kaggle/working/real_text_10k_dataset/doc_g856_rot270.jpg,3,270,tnwl0048939.tif,train
857,/kaggle/working/real_text_10k_dataset/doc_g857_rot0.jpg,0,0,2505107388a.tif,train
857,/kaggle/working/real_text_10k_dataset/doc_g857_rot90.jpg,1,90,2505107388a.tif,train
857,/kaggle/working/real_text_10k_dataset/doc_g857_rot180.jpg,2,180,2505107388a.tif,train
857,/kaggle/working/real_text_10k_dataset/doc_g857_rot270.jpg,3,270,2505107388a.tif,train
858,/kaggle/working/real_text_10k_dataset/doc_g858_rot0.jpg,0,0,98199617_9632.tif,train
858,/kaggle/working/real_text_10k_dataset/doc_g858_rot90.jpg,1,90,98199617_9632.tif,train
858,/kaggle/working/real_text_10k_dataset/doc_g858_rot180.jpg,2,180,98199617_9632.tif,train
858,/kaggle/working/real_text_10k_dataset/doc_g858_rot270.jpg,3,270,98199617_9632.tif,train
859,/kaggle/working/real_text_10k_dataset/doc_g859_rot0.jpg,0,0,2069719958.tif,train
859,/kaggle/working/real_text_10k_dataset/doc_g859_rot90.jpg,1,90,2069719958.tif,train
859,/kaggle/working/real_text_10k_dataset/doc_g859_rot180.jpg,2,180,2069719958.tif,train
859,/kaggle/working/real_text_10k_dataset/doc_g859_rot270.jpg,3,270,2069719958.tif,train
860,/kaggle/working/real_text_10k_dataset/doc_g860_rot0.jpg,0,0,518298175+-8175.tif,train
860,/kaggle/working/real_text_10k_dataset/doc_g860_rot90.jpg,1,90,518298175+-8175.tif,train
860,/kaggle/working/real_text_10k_dataset/doc_g860_rot180.jpg,2,180,518298175+-8175.tif,train
860,/kaggle/working/real_text_10k_dataset/doc_g860_rot270.jpg,3,270,518298175+-8175.tif,train
861,/kaggle/working/real_text_10k_dataset/doc_g861_rot0.jpg,0,0,0012236533.tif,train
861,/kaggle/working/real_text_10k_dataset/doc_g861_rot90.jpg,1,90,0012236533.tif,train
861,/kaggle/working/real_text_10k_dataset/doc_g861_rot180.jpg,2,180,0012236533.tif,train
861,/kaggle/working/real_text_10k_dataset/doc_g861_rot270.jpg,3,270,0012236533.tif,train
862,/kaggle/working/real_text_10k_dataset/doc_g862_rot0.jpg,0,0,2085125466c.tif,test
862,/kaggle/working/real_text_10k_dataset/doc_g862_rot90.jpg,1,90,2085125466c.tif,test
862,/kaggle/working/real_text_10k_dataset/doc_g862_rot180.jpg,2,180,2085125466c.tif,test
862,/kaggle/working/real_text_10k_dataset/doc_g862_rot270.jpg,3,270,2085125466c.tif,test
863,/kaggle/working/real_text_10k_dataset/doc_g863_rot0.jpg,0,0,tob12316.36_tob12316.37.tif,val
863,/kaggle/working/real_text_10k_dataset/doc_g863_rot90.jpg,1,90,tob12316.36_tob12316.37.tif,val
863,/kaggle/working/real_text_10k_dataset/doc_g863_rot180.jpg,2,180,tob12316.36_tob12316.37.tif,val
863,/kaggle/working/real_text_10k_dataset/doc_g863_rot270.jpg,3,270,tob12316.36_tob12316.37.tif,val
864,/kaggle/working/real_text_10k_dataset/doc_g864_rot0.jpg,0,0,2047832888.tif,train
864,/kaggle/working/real_text_10k_dataset/doc_g864_rot90.jpg,1,90,2047832888.tif,train
864,/kaggle/working/real_text_10k_dataset/doc_g864_rot180.jpg,2,180,2047832888.tif,train
864,/kaggle/working/real_text_10k_dataset/doc_g864_rot270.jpg,3,270,2047832888.tif,train
865,/kaggle/working/real_text_10k_dataset/doc_g865_rot0.jpg,0,0,521416135+-6136.tif,train
865,/kaggle/working/real_text_10k_dataset/doc_g865_rot90.jpg,1,90,521416135+-6136.tif,train
865,/kaggle/working/real_text_10k_dataset/doc_g865_rot180.jpg,2,180,521416135+-6136.tif,train
865,/kaggle/working/real_text_10k_dataset/doc_g865_rot270.jpg,3,270,521416135+-6136.tif,train
866,/kaggle/working/real_text_10k_dataset/doc_g866_rot0.jpg,0,0,2086079204.tif,train
866,/kaggle/working/real_text_10k_dataset/doc_g866_rot90.jpg,1,90,2086079204.tif,train
866,/kaggle/working/real_text_10k_dataset/doc_g866_rot180.jpg,2,180,2086079204.tif,train
866,/kaggle/working/real_text_10k_dataset/doc_g866_rot270.jpg,3,270,2086079204.tif,train
867,/kaggle/working/real_text_10k_dataset/doc_g867_rot0.jpg,0,0,2028619930_2028619932.tif,train
867,/kaggle/working/real_text_10k_dataset/doc_g867_rot90.jpg,1,90,2028619930_2028619932.tif,train
867,/kaggle/working/real_text_10k_dataset/doc_g867_rot180.jpg,2,180,2028619930_2028619932.tif,train
867,/kaggle/working/real_text_10k_dataset/doc_g867_rot270.jpg,3,270,2028619930_2028619932.tif,train
868,/kaggle/working/real_text_10k_dataset/doc_g868_rot0.jpg,0,0,2067540451.tif,train
868,/kaggle/working/real_text_10k_dataset/doc_g868_rot90.jpg,1,90,2067540451.tif,train
868,/kaggle/working/real_text_10k_dataset/doc_g868_rot180.jpg,2,180,2067540451.tif,train
868,/kaggle/working/real_text_10k_dataset/doc_g868_rot270.jpg,3,270,2067540451.tif,train
869,/kaggle/working/real_text_10k_dataset/doc_g869_rot0.jpg,0,0,50652325-2326.tif,train
869,/kaggle/working/real_text_10k_dataset/doc_g869_rot90.jpg,1,90,50652325-2326.tif,train
869,/kaggle/working/real_text_10k_dataset/doc_g869_rot180.jpg,2,180,50652325-2326.tif,train
869,/kaggle/working/real_text_10k_dataset/doc_g869_rot270.jpg,3,270,50652325-2326.tif,train
870,/kaggle/working/real_text_10k_dataset/doc_g870_rot0.jpg,0,0,0000153386.tif,train
870,/kaggle/working/real_text_10k_dataset/doc_g870_rot90.jpg,1,90,0000153386.tif,train
870,/kaggle/working/real_text_10k_dataset/doc_g870_rot180.jpg,2,180,0000153386.tif,train
870,/kaggle/working/real_text_10k_dataset/doc_g870_rot270.jpg,3,270,0000153386.tif,train
871,/kaggle/working/real_text_10k_dataset/doc_g871_rot0.jpg,0,0,2023920151_2023920164.tif,train
871,/kaggle/working/real_text_10k_dataset/doc_g871_rot90.jpg,1,90,2023920151_2023920164.tif,train
871,/kaggle/working/real_text_10k_dataset/doc_g871_rot180.jpg,2,180,2023920151_2023920164.tif,train
871,/kaggle/working/real_text_10k_dataset/doc_g871_rot270.jpg,3,270,2023920151_2023920164.tif,train
872,/kaggle/working/real_text_10k_dataset/doc_g872_rot0.jpg,0,0,2056976401.tif,train
872,/kaggle/working/real_text_10k_dataset/doc_g872_rot90.jpg,1,90,2056976401.tif,train
872,/kaggle/working/real_text_10k_dataset/doc_g872_rot180.jpg,2,180,2056976401.tif,train
872,/kaggle/working/real_text_10k_dataset/doc_g872_rot270.jpg,3,270,2056976401.tif,train
873,/kaggle/working/real_text_10k_dataset/doc_g873_rot0.jpg,0,0,1005144516-a.tif,train
873,/kaggle/working/real_text_10k_dataset/doc_g873_rot90.jpg,1,90,1005144516-a.tif,train
873,/kaggle/working/real_text_10k_dataset/doc_g873_rot180.jpg,2,180,1005144516-a.tif,train
873,/kaggle/working/real_text_10k_dataset/doc_g873_rot270.jpg,3,270,1005144516-a.tif,train
874,/kaggle/working/real_text_10k_dataset/doc_g874_rot0.jpg,0,0,2048857005.tif,train
874,/kaggle/working/real_text_10k_dataset/doc_g874_rot90.jpg,1,90,2048857005.tif,train
874,/kaggle/working/real_text_10k_dataset/doc_g874_rot180.jpg,2,180,2048857005.tif,train
874,/kaggle/working/real_text_10k_dataset/doc_g874_rot270.jpg,3,270,2048857005.tif,train
875,/kaggle/working/real_text_10k_dataset/doc_g875_rot0.jpg,0,0,531616696+-6703.tif,train
875,/kaggle/working/real_text_10k_dataset/doc_g875_rot90.jpg,1,90,531616696+-6703.tif,train
875,/kaggle/working/real_text_10k_dataset/doc_g875_rot180.jpg,2,180,531616696+-6703.tif,train
875,/kaggle/working/real_text_10k_dataset/doc_g875_rot270.jpg,3,270,531616696+-6703.tif,train
876,/kaggle/working/real_text_10k_dataset/doc_g876_rot0.jpg,0,0,2073925048.tif,train
876,/kaggle/working/real_text_10k_dataset/doc_g876_rot90.jpg,1,90,2073925048.tif,train
876,/kaggle/working/real_text_10k_dataset/doc_g876_rot180.jpg,2,180,2073925048.tif,train
876,/kaggle/working/real_text_10k_dataset/doc_g876_rot270.jpg,3,270,2073925048.tif,train
877,/kaggle/working/real_text_10k_dataset/doc_g877_rot0.jpg,0,0,2031321507.tif,train
877,/kaggle/working/real_text_10k_dataset/doc_g877_rot90.jpg,1,90,2031321507.tif,train
877,/kaggle/working/real_text_10k_dataset/doc_g877_rot180.jpg,2,180,2031321507.tif,train
877,/kaggle/working/real_text_10k_dataset/doc_g877_rot270.jpg,3,270,2031321507.tif,train
878,/kaggle/working/real_text_10k_dataset/doc_g878_rot0.jpg,0,0,98618260.tif,train
878,/kaggle/working/real_text_10k_dataset/doc_g878_rot90.jpg,1,90,98618260.tif,train
878,/kaggle/working/real_text_10k_dataset/doc_g878_rot180.jpg,2,180,98618260.tif,train
878,/kaggle/working/real_text_10k_dataset/doc_g878_rot270.jpg,3,270,98618260.tif,train
879,/kaggle/working/real_text_10k_dataset/doc_g879_rot0.jpg,0,0,502257896_502257897.tif,train
879,/kaggle/working/real_text_10k_dataset/doc_g879_rot90.jpg,1,90,502257896_502257897.tif,train
879,/kaggle/working/real_text_10k_dataset/doc_g879_rot180.jpg,2,180,502257896_502257897.tif,train
879,/kaggle/working/real_text_10k_dataset/doc_g879_rot270.jpg,3,270,502257896_502257897.tif,train
880,/kaggle/working/real_text_10k_dataset/doc_g880_rot0.jpg,0,0,2028977179.tif,val
880,/kaggle/working/real_text_10k_dataset/doc_g880_rot90.jpg,1,90,2028977179.tif,val
880,/kaggle/working/real_text_10k_dataset/doc_g880_rot180.jpg,2,180,2028977179.tif,val
880,/kaggle/working/real_text_10k_dataset/doc_g880_rot270.jpg,3,270,2028977179.tif,val
881,/kaggle/working/real_text_10k_dataset/doc_g881_rot0.jpg,0,0,10061961_10061966.tif,train
881,/kaggle/working/real_text_10k_dataset/doc_g881_rot90.jpg,1,90,10061961_10061966.tif,train
881,/kaggle/working/real_text_10k_dataset/doc_g881_rot180.jpg,2,180,10061961_10061966.tif,train
881,/kaggle/working/real_text_10k_dataset/doc_g881_rot270.jpg,3,270,10061961_10061966.tif,train
882,/kaggle/working/real_text_10k_dataset/doc_g882_rot0.jpg,0,0,1003179993.tif,train
882,/kaggle/working/real_text_10k_dataset/doc_g882_rot90.jpg,1,90,1003179993.tif,train
882,/kaggle/working/real_text_10k_dataset/doc_g882_rot180.jpg,2,180,1003179993.tif,train
882,/kaggle/working/real_text_10k_dataset/doc_g882_rot270.jpg,3,270,1003179993.tif,train
883,/kaggle/working/real_text_10k_dataset/doc_g883_rot0.jpg,0,0,524092992+-2993.tif,train
883,/kaggle/working/real_text_10k_dataset/doc_g883_rot90.jpg,1,90,524092992+-2993.tif,train
883,/kaggle/working/real_text_10k_dataset/doc_g883_rot180.jpg,2,180,524092992+-2993.tif,train
883,/kaggle/working/real_text_10k_dataset/doc_g883_rot270.jpg,3,270,524092992+-2993.tif,train
884,/kaggle/working/real_text_10k_dataset/doc_g884_rot0.jpg,0,0,CTRSP-FILES015330-53.tif,train
884,/kaggle/working/real_text_10k_dataset/doc_g884_rot90.jpg,1,90,CTRSP-FILES015330-53.tif,train
884,/kaggle/working/real_text_10k_dataset/doc_g884_rot180.jpg,2,180,CTRSP-FILES015330-53.tif,train
884,/kaggle/working/real_text_10k_dataset/doc_g884_rot270.jpg,3,270,CTRSP-FILES015330-53.tif,train
885,/kaggle/working/real_text_10k_dataset/doc_g885_rot0.jpg,0,0,2031317522.tif,train
885,/kaggle/working/real_text_10k_dataset/doc_g885_rot90.jpg,1,90,2031317522.tif,train
885,/kaggle/working/real_text_10k_dataset/doc_g885_rot180.jpg,2,180,2031317522.tif,train
885,/kaggle/working/real_text_10k_dataset/doc_g885_rot270.jpg,3,270,2031317522.tif,train
886,/kaggle/working/real_text_10k_dataset/doc_g886_rot0.jpg,0,0,0000437618.tif,train
886,/kaggle/working/real_text_10k_dataset/doc_g886_rot90.jpg,1,90,0000437618.tif,train
886,/kaggle/working/real_text_10k_dataset/doc_g886_rot180.jpg,2,180,0000437618.tif,train
886,/kaggle/working/real_text_10k_dataset/doc_g886_rot270.jpg,3,270,0000437618.tif,train
887,/kaggle/working/real_text_10k_dataset/doc_g887_rot0.jpg,0,0,2023457790.tif,val
887,/kaggle/working/real_text_10k_dataset/doc_g887_rot90.jpg,1,90,2023457790.tif,val
887,/kaggle/working/real_text_10k_dataset/doc_g887_rot180.jpg,2,180,2023457790.tif,val
887,/kaggle/working/real_text_10k_dataset/doc_g887_rot270.jpg,3,270,2023457790.tif,val
888,/kaggle/working/real_text_10k_dataset/doc_g888_rot0.jpg,0,0,2051387313.tif,train
888,/kaggle/working/real_text_10k_dataset/doc_g888_rot90.jpg,1,90,2051387313.tif,train
888,/kaggle/working/real_text_10k_dataset/doc_g888_rot180.jpg,2,180,2051387313.tif,train
888,/kaggle/working/real_text_10k_dataset/doc_g888_rot270.jpg,3,270,2051387313.tif,train
889,/kaggle/working/real_text_10k_dataset/doc_g889_rot0.jpg,0,0,2085726832a.tif,train
889,/kaggle/working/real_text_10k_dataset/doc_g889_rot90.jpg,1,90,2085726832a.tif,train
889,/kaggle/working/real_text_10k_dataset/doc_g889_rot180.jpg,2,180,2085726832a.tif,train
889,/kaggle/working/real_text_10k_dataset/doc_g889_rot270.jpg,3,270,2085726832a.tif,train
890,/kaggle/working/real_text_10k_dataset/doc_g890_rot0.jpg,0,0,0000969231.tif,train
890,/kaggle/working/real_text_10k_dataset/doc_g890_rot90.jpg,1,90,0000969231.tif,train
890,/kaggle/working/real_text_10k_dataset/doc_g890_rot180.jpg,2,180,0000969231.tif,train
890,/kaggle/working/real_text_10k_dataset/doc_g890_rot270.jpg,3,270,0000969231.tif,train
891,/kaggle/working/real_text_10k_dataset/doc_g891_rot0.jpg,0,0,ti16560767_0770.tif,train
891,/kaggle/working/real_text_10k_dataset/doc_g891_rot90.jpg,1,90,ti16560767_0770.tif,train
891,/kaggle/working/real_text_10k_dataset/doc_g891_rot180.jpg,2,180,ti16560767_0770.tif,train
891,/kaggle/working/real_text_10k_dataset/doc_g891_rot270.jpg,3,270,ti16560767_0770.tif,train
892,/kaggle/working/real_text_10k_dataset/doc_g892_rot0.jpg,0,0,receipt_00706.png,train
892,/kaggle/working/real_text_10k_dataset/doc_g892_rot90.jpg,1,90,receipt_00706.png,train
892,/kaggle/working/real_text_10k_dataset/doc_g892_rot180.jpg,2,180,receipt_00706.png,train
892,/kaggle/working/real_text_10k_dataset/doc_g892_rot270.jpg,3,270,receipt_00706.png,train
893,/kaggle/working/real_text_10k_dataset/doc_g893_rot0.jpg,0,0,91394008.tif,train
893,/kaggle/working/real_text_10k_dataset/doc_g893_rot90.jpg,1,90,91394008.tif,train
893,/kaggle/working/real_text_10k_dataset/doc_g893_rot180.jpg,2,180,91394008.tif,train
893,/kaggle/working/real_text_10k_dataset/doc_g893_rot270.jpg,3,270,91394008.tif,train
894,/kaggle/working/real_text_10k_dataset/doc_g894_rot0.jpg,0,0,506319593.tif,train
894,/kaggle/working/real_text_10k_dataset/doc_g894_rot90.jpg,1,90,506319593.tif,train
894,/kaggle/working/real_text_10k_dataset/doc_g894_rot180.jpg,2,180,506319593.tif,train
894,/kaggle/working/real_text_10k_dataset/doc_g894_rot270.jpg,3,270,506319593.tif,train
895,/kaggle/working/real_text_10k_dataset/doc_g895_rot0.jpg,0,0,96056027.tif,train
895,/kaggle/working/real_text_10k_dataset/doc_g895_rot90.jpg,1,90,96056027.tif,train
895,/kaggle/working/real_text_10k_dataset/doc_g895_rot180.jpg,2,180,96056027.tif,train
895,/kaggle/working/real_text_10k_dataset/doc_g895_rot270.jpg,3,270,96056027.tif,train
896,/kaggle/working/real_text_10k_dataset/doc_g896_rot0.jpg,0,0,0000941202.tif,train
896,/kaggle/working/real_text_10k_dataset/doc_g896_rot90.jpg,1,90,0000941202.tif,train
896,/kaggle/working/real_text_10k_dataset/doc_g896_rot180.jpg,2,180,0000941202.tif,train
896,/kaggle/working/real_text_10k_dataset/doc_g896_rot270.jpg,3,270,0000941202.tif,train
897,/kaggle/working/real_text_10k_dataset/doc_g897_rot0.jpg,0,0,271.jpg,train
897,/kaggle/working/real_text_10k_dataset/doc_g897_rot90.jpg,1,90,271.jpg,train
897,/kaggle/working/real_text_10k_dataset/doc_g897_rot180.jpg,2,180,271.jpg,train
897,/kaggle/working/real_text_10k_dataset/doc_g897_rot270.jpg,3,270,271.jpg,train
898,/kaggle/working/real_text_10k_dataset/doc_g898_rot0.jpg,0,0,2020132932.tif,train
898,/kaggle/working/real_text_10k_dataset/doc_g898_rot90.jpg,1,90,2020132932.tif,train
898,/kaggle/working/real_text_10k_dataset/doc_g898_rot180.jpg,2,180,2020132932.tif,train
898,/kaggle/working/real_text_10k_dataset/doc_g898_rot270.jpg,3,270,2020132932.tif,train
899,/kaggle/working/real_text_10k_dataset/doc_g899_rot0.jpg,0,0,2076396227_6233.tif,train
899,/kaggle/working/real_text_10k_dataset/doc_g899_rot90.jpg,1,90,2076396227_6233.tif,train
899,/kaggle/working/real_text_10k_dataset/doc_g899_rot180.jpg,2,180,2076396227_6233.tif,train
899,/kaggle/working/real_text_10k_dataset/doc_g899_rot270.jpg,3,270,2076396227_6233.tif,train
900,/kaggle/working/real_text_10k_dataset/doc_g900_rot0.jpg,0,0,2078582096.tif,train
900,/kaggle/working/real_text_10k_dataset/doc_g900_rot90.jpg,1,90,2078582096.tif,train
900,/kaggle/working/real_text_10k_dataset/doc_g900_rot180.jpg,2,180,2078582096.tif,train
900,/kaggle/working/real_text_10k_dataset/doc_g900_rot270.jpg,3,270,2078582096.tif,train
901,/kaggle/working/real_text_10k_dataset/doc_g901_rot0.jpg,0,0,50182581-2600.tif,train
901,/kaggle/working/real_text_10k_dataset/doc_g901_rot90.jpg,1,90,50182581-2600.tif,train
901,/kaggle/working/real_text_10k_dataset/doc_g901_rot180.jpg,2,180,50182581-2600.tif,train
901,/kaggle/working/real_text_10k_dataset/doc_g901_rot270.jpg,3,270,50182581-2600.tif,train
902,/kaggle/working/real_text_10k_dataset/doc_g902_rot0.jpg,0,0,2031318059.tif,train
902,/kaggle/working/real_text_10k_dataset/doc_g902_rot90.jpg,1,90,2031318059.tif,train
902,/kaggle/working/real_text_10k_dataset/doc_g902_rot180.jpg,2,180,2031318059.tif,train
902,/kaggle/working/real_text_10k_dataset/doc_g902_rot270.jpg,3,270,2031318059.tif,train
903,/kaggle/working/real_text_10k_dataset/doc_g903_rot0.jpg,0,0,2024966076_2024966086.tif,test
903,/kaggle/working/real_text_10k_dataset/doc_g903_rot90.jpg,1,90,2024966076_2024966086.tif,test
903,/kaggle/working/real_text_10k_dataset/doc_g903_rot180.jpg,2,180,2024966076_2024966086.tif,test
903,/kaggle/working/real_text_10k_dataset/doc_g903_rot270.jpg,3,270,2024966076_2024966086.tif,test
904,/kaggle/working/real_text_10k_dataset/doc_g904_rot0.jpg,0,0,518224608+-4609.tif,test
904,/kaggle/working/real_text_10k_dataset/doc_g904_rot90.jpg,1,90,518224608+-4609.tif,test
904,/kaggle/working/real_text_10k_dataset/doc_g904_rot180.jpg,2,180,518224608+-4609.tif,test
904,/kaggle/working/real_text_10k_dataset/doc_g904_rot270.jpg,3,270,518224608+-4609.tif,test
905,/kaggle/working/real_text_10k_dataset/doc_g905_rot0.jpg,0,0,50286380-6383.tif,train
905,/kaggle/working/real_text_10k_dataset/doc_g905_rot90.jpg,1,90,50286380-6383.tif,train
905,/kaggle/working/real_text_10k_dataset/doc_g905_rot180.jpg,2,180,50286380-6383.tif,train
905,/kaggle/working/real_text_10k_dataset/doc_g905_rot270.jpg,3,270,50286380-6383.tif,train
906,/kaggle/working/real_text_10k_dataset/doc_g906_rot0.jpg,0,0,2047359484.tif,train
906,/kaggle/working/real_text_10k_dataset/doc_g906_rot90.jpg,1,90,2047359484.tif,train
906,/kaggle/working/real_text_10k_dataset/doc_g906_rot180.jpg,2,180,2047359484.tif,train
906,/kaggle/working/real_text_10k_dataset/doc_g906_rot270.jpg,3,270,2047359484.tif,train
907,/kaggle/working/real_text_10k_dataset/doc_g907_rot0.jpg,0,0,0060189576.tif,test
907,/kaggle/working/real_text_10k_dataset/doc_g907_rot90.jpg,1,90,0060189576.tif,test
907,/kaggle/working/real_text_10k_dataset/doc_g907_rot180.jpg,2,180,0060189576.tif,test
907,/kaggle/working/real_text_10k_dataset/doc_g907_rot270.jpg,3,270,0060189576.tif,test
908,/kaggle/working/real_text_10k_dataset/doc_g908_rot0.jpg,0,0,tob11428.46.tif,val
908,/kaggle/working/real_text_10k_dataset/doc_g908_rot90.jpg,1,90,tob11428.46.tif,val
908,/kaggle/working/real_text_10k_dataset/doc_g908_rot180.jpg,2,180,tob11428.46.tif,val
908,/kaggle/working/real_text_10k_dataset/doc_g908_rot270.jpg,3,270,tob11428.46.tif,val
909,/kaggle/working/real_text_10k_dataset/doc_g909_rot0.jpg,0,0,501508406+-8407.tif,train
909,/kaggle/working/real_text_10k_dataset/doc_g909_rot90.jpg,1,90,501508406+-8407.tif,train
909,/kaggle/working/real_text_10k_dataset/doc_g909_rot180.jpg,2,180,501508406+-8407.tif,train
909,/kaggle/working/real_text_10k_dataset/doc_g909_rot270.jpg,3,270,501508406+-8407.tif,train
910,/kaggle/working/real_text_10k_dataset/doc_g910_rot0.jpg,0,0,2063223516.tif,train
910,/kaggle/working/real_text_10k_dataset/doc_g910_rot90.jpg,1,90,2063223516.tif,train
910,/kaggle/working/real_text_10k_dataset/doc_g910_rot180.jpg,2,180,2063223516.tif,train
910,/kaggle/working/real_text_10k_dataset/doc_g910_rot270.jpg,3,270,2063223516.tif,train
911,/kaggle/working/real_text_10k_dataset/doc_g911_rot0.jpg,0,0,11226760_11226809.tif,train
911,/kaggle/working/real_text_10k_dataset/doc_g911_rot90.jpg,1,90,11226760_11226809.tif,train
911,/kaggle/working/real_text_10k_dataset/doc_g911_rot180.jpg,2,180,11226760_11226809.tif,train
911,/kaggle/working/real_text_10k_dataset/doc_g911_rot270.jpg,3,270,11226760_11226809.tif,train
912,/kaggle/working/real_text_10k_dataset/doc_g912_rot0.jpg,0,0,10349074_10349082.tif,val
912,/kaggle/working/real_text_10k_dataset/doc_g912_rot90.jpg,1,90,10349074_10349082.tif,val
912,/kaggle/working/real_text_10k_dataset/doc_g912_rot180.jpg,2,180,10349074_10349082.tif,val
912,/kaggle/working/real_text_10k_dataset/doc_g912_rot270.jpg,3,270,10349074_10349082.tif,val
913,/kaggle/working/real_text_10k_dataset/doc_g913_rot0.jpg,0,0,0000144185.tif,train
913,/kaggle/working/real_text_10k_dataset/doc_g913_rot90.jpg,1,90,0000144185.tif,train
913,/kaggle/working/real_text_10k_dataset/doc_g913_rot180.jpg,2,180,0000144185.tif,train
913,/kaggle/working/real_text_10k_dataset/doc_g913_rot270.jpg,3,270,0000144185.tif,train
914,/kaggle/working/real_text_10k_dataset/doc_g914_rot0.jpg,0,0,524115689+-5693.tif,train
914,/kaggle/working/real_text_10k_dataset/doc_g914_rot90.jpg,1,90,524115689+-5693.tif,train
914,/kaggle/working/real_text_10k_dataset/doc_g914_rot180.jpg,2,180,524115689+-5693.tif,train
914,/kaggle/working/real_text_10k_dataset/doc_g914_rot270.jpg,3,270,524115689+-5693.tif,train
915,/kaggle/working/real_text_10k_dataset/doc_g915_rot0.jpg,0,0,tim01047.11_tim01047.22.tif,train
915,/kaggle/working/real_text_10k_dataset/doc_g915_rot90.jpg,1,90,tim01047.11_tim01047.22.tif,train
915,/kaggle/working/real_text_10k_dataset/doc_g915_rot180.jpg,2,180,tim01047.11_tim01047.22.tif,train
915,/kaggle/working/real_text_10k_dataset/doc_g915_rot270.jpg,3,270,tim01047.11_tim01047.22.tif,train
916,/kaggle/working/real_text_10k_dataset/doc_g916_rot0.jpg,0,0,2057124065_4066.tif,val
916,/kaggle/working/real_text_10k_dataset/doc_g916_rot90.jpg,1,90,2057124065_4066.tif,val
916,/kaggle/working/real_text_10k_dataset/doc_g916_rot180.jpg,2,180,2057124065_4066.tif,val
916,/kaggle/working/real_text_10k_dataset/doc_g916_rot270.jpg,3,270,2057124065_4066.tif,val
917,/kaggle/working/real_text_10k_dataset/doc_g917_rot0.jpg,0,0,2074888986.tif,train
917,/kaggle/working/real_text_10k_dataset/doc_g917_rot90.jpg,1,90,2074888986.tif,train
917,/kaggle/working/real_text_10k_dataset/doc_g917_rot180.jpg,2,180,2074888986.tif,train
917,/kaggle/working/real_text_10k_dataset/doc_g917_rot270.jpg,3,270,2074888986.tif,train
918,/kaggle/working/real_text_10k_dataset/doc_g918_rot0.jpg,0,0,0000336211.tif,train
918,/kaggle/working/real_text_10k_dataset/doc_g918_rot90.jpg,1,90,0000336211.tif,train
918,/kaggle/working/real_text_10k_dataset/doc_g918_rot180.jpg,2,180,0000336211.tif,train
918,/kaggle/working/real_text_10k_dataset/doc_g918_rot270.jpg,3,270,0000336211.tif,train
919,/kaggle/working/real_text_10k_dataset/doc_g919_rot0.jpg,0,0,2072389209c.tif,train
919,/kaggle/working/real_text_10k_dataset/doc_g919_rot90.jpg,1,90,2072389209c.tif,train
919,/kaggle/working/real_text_10k_dataset/doc_g919_rot180.jpg,2,180,2072389209c.tif,train
919,/kaggle/working/real_text_10k_dataset/doc_g919_rot270.jpg,3,270,2072389209c.tif,train
920,/kaggle/working/real_text_10k_dataset/doc_g920_rot0.jpg,0,0,2043746892.tif,train
920,/kaggle/working/real_text_10k_dataset/doc_g920_rot90.jpg,1,90,2043746892.tif,train
920,/kaggle/working/real_text_10k_dataset/doc_g920_rot180.jpg,2,180,2043746892.tif,train
920,/kaggle/working/real_text_10k_dataset/doc_g920_rot270.jpg,3,270,2043746892.tif,train
921,/kaggle/working/real_text_10k_dataset/doc_g921_rot0.jpg,0,0,11014181_11014182.tif,train
921,/kaggle/working/real_text_10k_dataset/doc_g921_rot90.jpg,1,90,11014181_11014182.tif,train
921,/kaggle/working/real_text_10k_dataset/doc_g921_rot180.jpg,2,180,11014181_11014182.tif,train
921,/kaggle/working/real_text_10k_dataset/doc_g921_rot270.jpg,3,270,11014181_11014182.tif,train
922,/kaggle/working/real_text_10k_dataset/doc_g922_rot0.jpg,0,0,2505431268_1269.tif,train
922,/kaggle/working/real_text_10k_dataset/doc_g922_rot90.jpg,1,90,2505431268_1269.tif,train
922,/kaggle/working/real_text_10k_dataset/doc_g922_rot180.jpg,2,180,2505431268_1269.tif,train
922,/kaggle/working/real_text_10k_dataset/doc_g922_rot270.jpg,3,270,2505431268_1269.tif,train
923,/kaggle/working/real_text_10k_dataset/doc_g923_rot0.jpg,0,0,50731421-1422.tif,train
923,/kaggle/working/real_text_10k_dataset/doc_g923_rot90.jpg,1,90,50731421-1422.tif,train
923,/kaggle/working/real_text_10k_dataset/doc_g923_rot180.jpg,2,180,50731421-1422.tif,train
923,/kaggle/working/real_text_10k_dataset/doc_g923_rot270.jpg,3,270,50731421-1422.tif,train
924,/kaggle/working/real_text_10k_dataset/doc_g924_rot0.jpg,0,0,83635915.tif,val
924,/kaggle/working/real_text_10k_dataset/doc_g924_rot90.jpg,1,90,83635915.tif,val
924,/kaggle/working/real_text_10k_dataset/doc_g924_rot180.jpg,2,180,83635915.tif,val
924,/kaggle/working/real_text_10k_dataset/doc_g924_rot270.jpg,3,270,83635915.tif,val
925,/kaggle/working/real_text_10k_dataset/doc_g925_rot0.jpg,0,0,2028428355.tif,train
925,/kaggle/working/real_text_10k_dataset/doc_g925_rot90.jpg,1,90,2028428355.tif,train
925,/kaggle/working/real_text_10k_dataset/doc_g925_rot180.jpg,2,180,2028428355.tif,train
925,/kaggle/working/real_text_10k_dataset/doc_g925_rot270.jpg,3,270,2028428355.tif,train
926,/kaggle/working/real_text_10k_dataset/doc_g926_rot0.jpg,0,0,522761285+-1286.tif,train
926,/kaggle/working/real_text_10k_dataset/doc_g926_rot90.jpg,1,90,522761285+-1286.tif,train
926,/kaggle/working/real_text_10k_dataset/doc_g926_rot180.jpg,2,180,522761285+-1286.tif,train
926,/kaggle/working/real_text_10k_dataset/doc_g926_rot270.jpg,3,270,522761285+-1286.tif,train
927,/kaggle/working/real_text_10k_dataset/doc_g927_rot0.jpg,0,0,2028726503-a.tif,train
927,/kaggle/working/real_text_10k_dataset/doc_g927_rot90.jpg,1,90,2028726503-a.tif,train
927,/kaggle/working/real_text_10k_dataset/doc_g927_rot180.jpg,2,180,2028726503-a.tif,train
927,/kaggle/working/real_text_10k_dataset/doc_g927_rot270.jpg,3,270,2028726503-a.tif,train
928,/kaggle/working/real_text_10k_dataset/doc_g928_rot0.jpg,0,0,0060124695.tif,train
928,/kaggle/working/real_text_10k_dataset/doc_g928_rot90.jpg,1,90,0060124695.tif,train
928,/kaggle/working/real_text_10k_dataset/doc_g928_rot180.jpg,2,180,0060124695.tif,train
928,/kaggle/working/real_text_10k_dataset/doc_g928_rot270.jpg,3,270,0060124695.tif,train
929,/kaggle/working/real_text_10k_dataset/doc_g929_rot0.jpg,0,0,513168276_513168277.tif,train
929,/kaggle/working/real_text_10k_dataset/doc_g929_rot90.jpg,1,90,513168276_513168277.tif,train
929,/kaggle/working/real_text_10k_dataset/doc_g929_rot180.jpg,2,180,513168276_513168277.tif,train
929,/kaggle/working/real_text_10k_dataset/doc_g929_rot270.jpg,3,270,513168276_513168277.tif,train
930,/kaggle/working/real_text_10k_dataset/doc_g930_rot0.jpg,0,0,50462759-2760.tif,train
930,/kaggle/working/real_text_10k_dataset/doc_g930_rot90.jpg,1,90,50462759-2760.tif,train
930,/kaggle/working/real_text_10k_dataset/doc_g930_rot180.jpg,2,180,50462759-2760.tif,train
930,/kaggle/working/real_text_10k_dataset/doc_g930_rot270.jpg,3,270,50462759-2760.tif,train
931,/kaggle/working/real_text_10k_dataset/doc_g931_rot0.jpg,0,0,2057459857_2057459858.tif,val
931,/kaggle/working/real_text_10k_dataset/doc_g931_rot90.jpg,1,90,2057459857_2057459858.tif,val
931,/kaggle/working/real_text_10k_dataset/doc_g931_rot180.jpg,2,180,2057459857_2057459858.tif,val
931,/kaggle/working/real_text_10k_dataset/doc_g931_rot270.jpg,3,270,2057459857_2057459858.tif,val
932,/kaggle/working/real_text_10k_dataset/doc_g932_rot0.jpg,0,0,509346911.tif,train
932,/kaggle/working/real_text_10k_dataset/doc_g932_rot90.jpg,1,90,509346911.tif,train
932,/kaggle/working/real_text_10k_dataset/doc_g932_rot180.jpg,2,180,509346911.tif,train
932,/kaggle/working/real_text_10k_dataset/doc_g932_rot270.jpg,3,270,509346911.tif,train
933,/kaggle/working/real_text_10k_dataset/doc_g933_rot0.jpg,0,0,X51008114216.jpg,train
933,/kaggle/working/real_text_10k_dataset/doc_g933_rot90.jpg,1,90,X51008114216.jpg,train
933,/kaggle/working/real_text_10k_dataset/doc_g933_rot180.jpg,2,180,X51008114216.jpg,train
933,/kaggle/working/real_text_10k_dataset/doc_g933_rot270.jpg,3,270,X51008114216.jpg,train
934,/kaggle/working/real_text_10k_dataset/doc_g934_rot0.jpg,0,0,50506802-6803.tif,train
934,/kaggle/working/real_text_10k_dataset/doc_g934_rot90.jpg,1,90,50506802-6803.tif,train
934,/kaggle/working/real_text_10k_dataset/doc_g934_rot180.jpg,2,180,50506802-6803.tif,train
934,/kaggle/working/real_text_10k_dataset/doc_g934_rot270.jpg,3,270,50506802-6803.tif,train
935,/kaggle/working/real_text_10k_dataset/doc_g935_rot0.jpg,0,0,1000380163_1000380166.tif,train
935,/kaggle/working/real_text_10k_dataset/doc_g935_rot90.jpg,1,90,1000380163_1000380166.tif,train
935,/kaggle/working/real_text_10k_dataset/doc_g935_rot180.jpg,2,180,1000380163_1000380166.tif,train
935,/kaggle/working/real_text_10k_dataset/doc_g935_rot270.jpg,3,270,1000380163_1000380166.tif,train
936,/kaggle/working/real_text_10k_dataset/doc_g936_rot0.jpg,0,0,0001439080.tif,train
936,/kaggle/working/real_text_10k_dataset/doc_g936_rot90.jpg,1,90,0001439080.tif,train
936,/kaggle/working/real_text_10k_dataset/doc_g936_rot180.jpg,2,180,0001439080.tif,train
936,/kaggle/working/real_text_10k_dataset/doc_g936_rot270.jpg,3,270,0001439080.tif,train
937,/kaggle/working/real_text_10k_dataset/doc_g937_rot0.jpg,0,0,506353083_506353084.tif,train
937,/kaggle/working/real_text_10k_dataset/doc_g937_rot90.jpg,1,90,506353083_506353084.tif,train
937,/kaggle/working/real_text_10k_dataset/doc_g937_rot180.jpg,2,180,506353083_506353084.tif,train
937,/kaggle/working/real_text_10k_dataset/doc_g937_rot270.jpg,3,270,506353083_506353084.tif,train
938,/kaggle/working/real_text_10k_dataset/doc_g938_rot0.jpg,0,0,864.jpg,train
938,/kaggle/working/real_text_10k_dataset/doc_g938_rot90.jpg,1,90,864.jpg,train
938,/kaggle/working/real_text_10k_dataset/doc_g938_rot180.jpg,2,180,864.jpg,train
938,/kaggle/working/real_text_10k_dataset/doc_g938_rot270.jpg,3,270,864.jpg,train
939,/kaggle/working/real_text_10k_dataset/doc_g939_rot0.jpg,0,0,50052232.tif,train
939,/kaggle/working/real_text_10k_dataset/doc_g939_rot90.jpg,1,90,50052232.tif,train
939,/kaggle/working/real_text_10k_dataset/doc_g939_rot180.jpg,2,180,50052232.tif,train
939,/kaggle/working/real_text_10k_dataset/doc_g939_rot270.jpg,3,270,50052232.tif,train
940,/kaggle/working/real_text_10k_dataset/doc_g940_rot0.jpg,0,0,2072149944_9950.tif,train
940,/kaggle/working/real_text_10k_dataset/doc_g940_rot90.jpg,1,90,2072149944_9950.tif,train
940,/kaggle/working/real_text_10k_dataset/doc_g940_rot180.jpg,2,180,2072149944_9950.tif,train
940,/kaggle/working/real_text_10k_dataset/doc_g940_rot270.jpg,3,270,2072149944_9950.tif,train
941,/kaggle/working/real_text_10k_dataset/doc_g941_rot0.jpg,0,0,528013388+-3388.tif,train
941,/kaggle/working/real_text_10k_dataset/doc_g941_rot90.jpg,1,90,528013388+-3388.tif,train
941,/kaggle/working/real_text_10k_dataset/doc_g941_rot180.jpg,2,180,528013388+-3388.tif,train
941,/kaggle/working/real_text_10k_dataset/doc_g941_rot270.jpg,3,270,528013388+-3388.tif,train
942,/kaggle/working/real_text_10k_dataset/doc_g942_rot0.jpg,0,0,2028838077.tif,test
942,/kaggle/working/real_text_10k_dataset/doc_g942_rot90.jpg,1,90,2028838077.tif,test
942,/kaggle/working/real_text_10k_dataset/doc_g942_rot180.jpg,2,180,2028838077.tif,test
942,/kaggle/working/real_text_10k_dataset/doc_g942_rot270.jpg,3,270,2028838077.tif,test
943,/kaggle/working/real_text_10k_dataset/doc_g943_rot0.jpg,0,0,receipt_00071.png,test
943,/kaggle/working/real_text_10k_dataset/doc_g943_rot90.jpg,1,90,receipt_00071.png,test
943,/kaggle/working/real_text_10k_dataset/doc_g943_rot180.jpg,2,180,receipt_00071.png,test
943,/kaggle/working/real_text_10k_dataset/doc_g943_rot270.jpg,3,270,receipt_00071.png,test
944,/kaggle/working/real_text_10k_dataset/doc_g944_rot0.jpg,0,0,514322950_514322951.tif,train
944,/kaggle/working/real_text_10k_dataset/doc_g944_rot90.jpg,1,90,514322950_514322951.tif,train
944,/kaggle/working/real_text_10k_dataset/doc_g944_rot180.jpg,2,180,514322950_514322951.tif,train
944,/kaggle/working/real_text_10k_dataset/doc_g944_rot270.jpg,3,270,514322950_514322951.tif,train
945,/kaggle/working/real_text_10k_dataset/doc_g945_rot0.jpg,0,0,2085726821d.tif,test
945,/kaggle/working/real_text_10k_dataset/doc_g945_rot90.jpg,1,90,2085726821d.tif,test
945,/kaggle/working/real_text_10k_dataset/doc_g945_rot180.jpg,2,180,2085726821d.tif,test
945,/kaggle/working/real_text_10k_dataset/doc_g945_rot270.jpg,3,270,2085726821d.tif,test
946,/kaggle/working/real_text_10k_dataset/doc_g946_rot0.jpg,0,0,X51005806716.jpg,train
946,/kaggle/working/real_text_10k_dataset/doc_g946_rot90.jpg,1,90,X51005806716.jpg,train
946,/kaggle/working/real_text_10k_dataset/doc_g946_rot180.jpg,2,180,X51005806716.jpg,train
946,/kaggle/working/real_text_10k_dataset/doc_g946_rot270.jpg,3,270,X51005806716.jpg,train
947,/kaggle/working/real_text_10k_dataset/doc_g947_rot0.jpg,0,0,dun00222.79.tif,train
947,/kaggle/working/real_text_10k_dataset/doc_g947_rot90.jpg,1,90,dun00222.79.tif,train
947,/kaggle/working/real_text_10k_dataset/doc_g947_rot180.jpg,2,180,dun00222.79.tif,train
947,/kaggle/working/real_text_10k_dataset/doc_g947_rot270.jpg,3,270,dun00222.79.tif,train
948,/kaggle/working/real_text_10k_dataset/doc_g948_rot0.jpg,0,0,96079782.tif,train
948,/kaggle/working/real_text_10k_dataset/doc_g948_rot90.jpg,1,90,96079782.tif,train
948,/kaggle/working/real_text_10k_dataset/doc_g948_rot180.jpg,2,180,96079782.tif,train
948,/kaggle/working/real_text_10k_dataset/doc_g948_rot270.jpg,3,270,96079782.tif,train
949,/kaggle/working/real_text_10k_dataset/doc_g949_rot0.jpg,0,0,2073858510.tif,train
949,/kaggle/working/real_text_10k_dataset/doc_g949_rot90.jpg,1,90,2073858510.tif,train
949,/kaggle/working/real_text_10k_dataset/doc_g949_rot180.jpg,2,180,2073858510.tif,train
949,/kaggle/working/real_text_10k_dataset/doc_g949_rot270.jpg,3,270,2073858510.tif,train
950,/kaggle/working/real_text_10k_dataset/doc_g950_rot0.jpg,0,0,50605477-5484.tif,val
950,/kaggle/working/real_text_10k_dataset/doc_g950_rot90.jpg,1,90,50605477-5484.tif,val
950,/kaggle/working/real_text_10k_dataset/doc_g950_rot180.jpg,2,180,50605477-5484.tif,val
950,/kaggle/working/real_text_10k_dataset/doc_g950_rot270.jpg,3,270,50605477-5484.tif,val
951,/kaggle/working/real_text_10k_dataset/doc_g951_rot0.jpg,0,0,50637124-7125.tif,train
951,/kaggle/working/real_text_10k_dataset/doc_g951_rot90.jpg,1,90,50637124-7125.tif,train
951,/kaggle/working/real_text_10k_dataset/doc_g951_rot180.jpg,2,180,50637124-7125.tif,train
951,/kaggle/working/real_text_10k_dataset/doc_g951_rot270.jpg,3,270,50637124-7125.tif,train
952,/kaggle/working/real_text_10k_dataset/doc_g952_rot0.jpg,0,0,502395546+-5546.tif,train
952,/kaggle/working/real_text_10k_dataset/doc_g952_rot90.jpg,1,90,502395546+-5546.tif,train
952,/kaggle/working/real_text_10k_dataset/doc_g952_rot180.jpg,2,180,502395546+-5546.tif,train
952,/kaggle/working/real_text_10k_dataset/doc_g952_rot270.jpg,3,270,502395546+-5546.tif,train
953,/kaggle/working/real_text_10k_dataset/doc_g953_rot0.jpg,0,0,0060220635.tif,val
953,/kaggle/working/real_text_10k_dataset/doc_g953_rot90.jpg,1,90,0060220635.tif,val
953,/kaggle/working/real_text_10k_dataset/doc_g953_rot180.jpg,2,180,0060220635.tif,val
953,/kaggle/working/real_text_10k_dataset/doc_g953_rot270.jpg,3,270,0060220635.tif,val
954,/kaggle/working/real_text_10k_dataset/doc_g954_rot0.jpg,0,0,2028729507.tif,train
954,/kaggle/working/real_text_10k_dataset/doc_g954_rot90.jpg,1,90,2028729507.tif,train
954,/kaggle/working/real_text_10k_dataset/doc_g954_rot180.jpg,2,180,2028729507.tif,train
954,/kaggle/working/real_text_10k_dataset/doc_g954_rot270.jpg,3,270,2028729507.tif,train
955,/kaggle/working/real_text_10k_dataset/doc_g955_rot0.jpg,0,0,2048296520_2048296521.tif,train
955,/kaggle/working/real_text_10k_dataset/doc_g955_rot90.jpg,1,90,2048296520_2048296521.tif,train
955,/kaggle/working/real_text_10k_dataset/doc_g955_rot180.jpg,2,180,2048296520_2048296521.tif,train
955,/kaggle/working/real_text_10k_dataset/doc_g955_rot270.jpg,3,270,2048296520_2048296521.tif,train
956,/kaggle/working/real_text_10k_dataset/doc_g956_rot0.jpg,0,0,PUBLICATIONS037505-7.tif,train
956,/kaggle/working/real_text_10k_dataset/doc_g956_rot90.jpg,1,90,PUBLICATIONS037505-7.tif,train
956,/kaggle/working/real_text_10k_dataset/doc_g956_rot180.jpg,2,180,PUBLICATIONS037505-7.tif,train
956,/kaggle/working/real_text_10k_dataset/doc_g956_rot270.jpg,3,270,PUBLICATIONS037505-7.tif,train
957,/kaggle/working/real_text_10k_dataset/doc_g957_rot0.jpg,0,0,2022901871.tif,train
957,/kaggle/working/real_text_10k_dataset/doc_g957_rot90.jpg,1,90,2022901871.tif,train
957,/kaggle/working/real_text_10k_dataset/doc_g957_rot180.jpg,2,180,2022901871.tif,train
957,/kaggle/working/real_text_10k_dataset/doc_g957_rot270.jpg,3,270,2022901871.tif,train
958,/kaggle/working/real_text_10k_dataset/doc_g958_rot0.jpg,0,0,2040920683.tif,train
958,/kaggle/working/real_text_10k_dataset/doc_g958_rot90.jpg,1,90,2040920683.tif,train
958,/kaggle/working/real_text_10k_dataset/doc_g958_rot180.jpg,2,180,2040920683.tif,train
958,/kaggle/working/real_text_10k_dataset/doc_g958_rot270.jpg,3,270,2040920683.tif,train
959,/kaggle/working/real_text_10k_dataset/doc_g959_rot0.jpg,0,0,0011929754.tif,train
959,/kaggle/working/real_text_10k_dataset/doc_g959_rot90.jpg,1,90,0011929754.tif,train
959,/kaggle/working/real_text_10k_dataset/doc_g959_rot180.jpg,2,180,0011929754.tif,train
959,/kaggle/working/real_text_10k_dataset/doc_g959_rot270.jpg,3,270,0011929754.tif,train
960,/kaggle/working/real_text_10k_dataset/doc_g960_rot0.jpg,0,0,2084033402.tif,train
960,/kaggle/working/real_text_10k_dataset/doc_g960_rot90.jpg,1,90,2084033402.tif,train
960,/kaggle/working/real_text_10k_dataset/doc_g960_rot180.jpg,2,180,2084033402.tif,train
960,/kaggle/working/real_text_10k_dataset/doc_g960_rot270.jpg,3,270,2084033402.tif,train
961,/kaggle/working/real_text_10k_dataset/doc_g961_rot0.jpg,0,0,2080724101.tif,train
961,/kaggle/working/real_text_10k_dataset/doc_g961_rot90.jpg,1,90,2080724101.tif,train
961,/kaggle/working/real_text_10k_dataset/doc_g961_rot180.jpg,2,180,2080724101.tif,train
961,/kaggle/working/real_text_10k_dataset/doc_g961_rot270.jpg,3,270,2080724101.tif,train
962,/kaggle/working/real_text_10k_dataset/doc_g962_rot0.jpg,0,0,71533911.tif,train
962,/kaggle/working/real_text_10k_dataset/doc_g962_rot90.jpg,1,90,71533911.tif,train
962,/kaggle/working/real_text_10k_dataset/doc_g962_rot180.jpg,2,180,71533911.tif,train
962,/kaggle/working/real_text_10k_dataset/doc_g962_rot270.jpg,3,270,71533911.tif,train
963,/kaggle/working/real_text_10k_dataset/doc_g963_rot0.jpg,0,0,2060056989_2060057011.tif,test
963,/kaggle/working/real_text_10k_dataset/doc_g963_rot90.jpg,1,90,2060056989_2060057011.tif,test
963,/kaggle/working/real_text_10k_dataset/doc_g963_rot180.jpg,2,180,2060056989_2060057011.tif,test
963,/kaggle/working/real_text_10k_dataset/doc_g963_rot270.jpg,3,270,2060056989_2060057011.tif,test
964,/kaggle/working/real_text_10k_dataset/doc_g964_rot0.jpg,0,0,504020937+-0937.tif,train
964,/kaggle/working/real_text_10k_dataset/doc_g964_rot90.jpg,1,90,504020937+-0937.tif,train
964,/kaggle/working/real_text_10k_dataset/doc_g964_rot180.jpg,2,180,504020937+-0937.tif,train
964,/kaggle/working/real_text_10k_dataset/doc_g964_rot270.jpg,3,270,504020937+-0937.tif,train
965,/kaggle/working/real_text_10k_dataset/doc_g965_rot0.jpg,0,0,tnwl0007506.tif,train
965,/kaggle/working/real_text_10k_dataset/doc_g965_rot90.jpg,1,90,tnwl0007506.tif,train
965,/kaggle/working/real_text_10k_dataset/doc_g965_rot180.jpg,2,180,tnwl0007506.tif,train
965,/kaggle/working/real_text_10k_dataset/doc_g965_rot270.jpg,3,270,tnwl0007506.tif,train
966,/kaggle/working/real_text_10k_dataset/doc_g966_rot0.jpg,0,0,522721699+-1700.tif,train
966,/kaggle/working/real_text_10k_dataset/doc_g966_rot90.jpg,1,90,522721699+-1700.tif,train
966,/kaggle/working/real_text_10k_dataset/doc_g966_rot180.jpg,2,180,522721699+-1700.tif,train
966,/kaggle/working/real_text_10k_dataset/doc_g966_rot270.jpg,3,270,522721699+-1700.tif,train
967,/kaggle/working/real_text_10k_dataset/doc_g967_rot0.jpg,0,0,2059754625_2059754626.tif,train
967,/kaggle/working/real_text_10k_dataset/doc_g967_rot90.jpg,1,90,2059754625_2059754626.tif,train
967,/kaggle/working/real_text_10k_dataset/doc_g967_rot180.jpg,2,180,2059754625_2059754626.tif,train
967,/kaggle/working/real_text_10k_dataset/doc_g967_rot270.jpg,3,270,2059754625_2059754626.tif,train
968,/kaggle/working/real_text_10k_dataset/doc_g968_rot0.jpg,0,0,83553645.tif,train
968,/kaggle/working/real_text_10k_dataset/doc_g968_rot90.jpg,1,90,83553645.tif,train
968,/kaggle/working/real_text_10k_dataset/doc_g968_rot180.jpg,2,180,83553645.tif,train
968,/kaggle/working/real_text_10k_dataset/doc_g968_rot270.jpg,3,270,83553645.tif,train
969,/kaggle/working/real_text_10k_dataset/doc_g969_rot0.jpg,0,0,2500119675.tif,train
969,/kaggle/working/real_text_10k_dataset/doc_g969_rot90.jpg,1,90,2500119675.tif,train
969,/kaggle/working/real_text_10k_dataset/doc_g969_rot180.jpg,2,180,2500119675.tif,train
969,/kaggle/working/real_text_10k_dataset/doc_g969_rot270.jpg,3,270,2500119675.tif,train
970,/kaggle/working/real_text_10k_dataset/doc_g970_rot0.jpg,0,0,2044779649.tif,train
970,/kaggle/working/real_text_10k_dataset/doc_g970_rot90.jpg,1,90,2044779649.tif,train
970,/kaggle/working/real_text_10k_dataset/doc_g970_rot180.jpg,2,180,2044779649.tif,train
970,/kaggle/working/real_text_10k_dataset/doc_g970_rot270.jpg,3,270,2044779649.tif,train
971,/kaggle/working/real_text_10k_dataset/doc_g971_rot0.jpg,0,0,2067313051_2067313052.tif,train
971,/kaggle/working/real_text_10k_dataset/doc_g971_rot90.jpg,1,90,2067313051_2067313052.tif,train
971,/kaggle/working/real_text_10k_dataset/doc_g971_rot180.jpg,2,180,2067313051_2067313052.tif,train
971,/kaggle/working/real_text_10k_dataset/doc_g971_rot270.jpg,3,270,2067313051_2067313052.tif,train
972,/kaggle/working/real_text_10k_dataset/doc_g972_rot0.jpg,0,0,X51007846370.jpg,train
972,/kaggle/working/real_text_10k_dataset/doc_g972_rot90.jpg,1,90,X51007846370.jpg,train
972,/kaggle/working/real_text_10k_dataset/doc_g972_rot180.jpg,2,180,X51007846370.jpg,train
972,/kaggle/working/real_text_10k_dataset/doc_g972_rot270.jpg,3,270,X51007846370.jpg,train
973,/kaggle/working/real_text_10k_dataset/doc_g973_rot0.jpg,0,0,50396218-6219.tif,train
973,/kaggle/working/real_text_10k_dataset/doc_g973_rot90.jpg,1,90,50396218-6219.tif,train
973,/kaggle/working/real_text_10k_dataset/doc_g973_rot180.jpg,2,180,50396218-6219.tif,train
973,/kaggle/working/real_text_10k_dataset/doc_g973_rot270.jpg,3,270,50396218-6219.tif,train
974,/kaggle/working/real_text_10k_dataset/doc_g974_rot0.jpg,0,0,2069710755.tif,train
974,/kaggle/working/real_text_10k_dataset/doc_g974_rot90.jpg,1,90,2069710755.tif,train
974,/kaggle/working/real_text_10k_dataset/doc_g974_rot180.jpg,2,180,2069710755.tif,train
974,/kaggle/working/real_text_10k_dataset/doc_g974_rot270.jpg,3,270,2069710755.tif,train
975,/kaggle/working/real_text_10k_dataset/doc_g975_rot0.jpg,0,0,2023615821_2023615823.tif,train
975,/kaggle/working/real_text_10k_dataset/doc_g975_rot90.jpg,1,90,2023615821_2023615823.tif,train
975,/kaggle/working/real_text_10k_dataset/doc_g975_rot180.jpg,2,180,2023615821_2023615823.tif,train
975,/kaggle/working/real_text_10k_dataset/doc_g975_rot270.jpg,3,270,2023615821_2023615823.tif,train
976,/kaggle/working/real_text_10k_dataset/doc_g976_rot0.jpg,0,0,515888144+-8146.tif,train
976,/kaggle/working/real_text_10k_dataset/doc_g976_rot90.jpg,1,90,515888144+-8146.tif,train
976,/kaggle/working/real_text_10k_dataset/doc_g976_rot180.jpg,2,180,515888144+-8146.tif,train
976,/kaggle/working/real_text_10k_dataset/doc_g976_rot270.jpg,3,270,515888144+-8146.tif,train
977,/kaggle/working/real_text_10k_dataset/doc_g977_rot0.jpg,0,0,2060047338.tif,train
977,/kaggle/working/real_text_10k_dataset/doc_g977_rot90.jpg,1,90,2060047338.tif,train
977,/kaggle/working/real_text_10k_dataset/doc_g977_rot180.jpg,2,180,2060047338.tif,train
977,/kaggle/working/real_text_10k_dataset/doc_g977_rot270.jpg,3,270,2060047338.tif,train
978,/kaggle/working/real_text_10k_dataset/doc_g978_rot0.jpg,0,0,500583550.tif,train
978,/kaggle/working/real_text_10k_dataset/doc_g978_rot90.jpg,1,90,500583550.tif,train
978,/kaggle/working/real_text_10k_dataset/doc_g978_rot180.jpg,2,180,500583550.tif,train
978,/kaggle/working/real_text_10k_dataset/doc_g978_rot270.jpg,3,270,500583550.tif,train
979,/kaggle/working/real_text_10k_dataset/doc_g979_rot0.jpg,0,0,tob11429.31_tob11429.32.tif,test
979,/kaggle/working/real_text_10k_dataset/doc_g979_rot90.jpg,1,90,tob11429.31_tob11429.32.tif,test
979,/kaggle/working/real_text_10k_dataset/doc_g979_rot180.jpg,2,180,tob11429.31_tob11429.32.tif,test
979,/kaggle/working/real_text_10k_dataset/doc_g979_rot270.jpg,3,270,tob11429.31_tob11429.32.tif,test
980,/kaggle/working/real_text_10k_dataset/doc_g980_rot0.jpg,0,0,2026360494.tif,train
980,/kaggle/working/real_text_10k_dataset/doc_g980_rot90.jpg,1,90,2026360494.tif,train
980,/kaggle/working/real_text_10k_dataset/doc_g980_rot180.jpg,2,180,2026360494.tif,train
980,/kaggle/working/real_text_10k_dataset/doc_g980_rot270.jpg,3,270,2026360494.tif,train
981,/kaggle/working/real_text_10k_dataset/doc_g981_rot0.jpg,0,0,receipt_00050.png,train
981,/kaggle/working/real_text_10k_dataset/doc_g981_rot90.jpg,1,90,receipt_00050.png,train
981,/kaggle/working/real_text_10k_dataset/doc_g981_rot180.jpg,2,180,receipt_00050.png,train
981,/kaggle/working/real_text_10k_dataset/doc_g981_rot270.jpg,3,270,receipt_00050.png,train
982,/kaggle/working/real_text_10k_dataset/doc_g982_rot0.jpg,0,0,PUBLICATIONS036746-6.tif,train
982,/kaggle/working/real_text_10k_dataset/doc_g982_rot90.jpg,1,90,PUBLICATIONS036746-6.tif,train
982,/kaggle/working/real_text_10k_dataset/doc_g982_rot180.jpg,2,180,PUBLICATIONS036746-6.tif,train
982,/kaggle/working/real_text_10k_dataset/doc_g982_rot270.jpg,3,270,PUBLICATIONS036746-6.tif,train
983,/kaggle/working/real_text_10k_dataset/doc_g983_rot0.jpg,0,0,2024484286.tif,train
983,/kaggle/working/real_text_10k_dataset/doc_g983_rot90.jpg,1,90,2024484286.tif,train
983,/kaggle/working/real_text_10k_dataset/doc_g983_rot180.jpg,2,180,2024484286.tif,train
983,/kaggle/working/real_text_10k_dataset/doc_g983_rot270.jpg,3,270,2024484286.tif,train
984,/kaggle/working/real_text_10k_dataset/doc_g984_rot0.jpg,0,0,40047224-7225.tif,train
984,/kaggle/working/real_text_10k_dataset/doc_g984_rot90.jpg,1,90,40047224-7225.tif,train
984,/kaggle/working/real_text_10k_dataset/doc_g984_rot180.jpg,2,180,40047224-7225.tif,train
984,/kaggle/working/real_text_10k_dataset/doc_g984_rot270.jpg,3,270,40047224-7225.tif,train
985,/kaggle/working/real_text_10k_dataset/doc_g985_rot0.jpg,0,0,1002404626.tif,train
985,/kaggle/working/real_text_10k_dataset/doc_g985_rot90.jpg,1,90,1002404626.tif,train
985,/kaggle/working/real_text_10k_dataset/doc_g985_rot180.jpg,2,180,1002404626.tif,train
985,/kaggle/working/real_text_10k_dataset/doc_g985_rot270.jpg,3,270,1002404626.tif,train
986,/kaggle/working/real_text_10k_dataset/doc_g986_rot0.jpg,0,0,504524997.tif,train
986,/kaggle/working/real_text_10k_dataset/doc_g986_rot90.jpg,1,90,504524997.tif,train
986,/kaggle/working/real_text_10k_dataset/doc_g986_rot180.jpg,2,180,504524997.tif,train
986,/kaggle/working/real_text_10k_dataset/doc_g986_rot270.jpg,3,270,504524997.tif,train
987,/kaggle/working/real_text_10k_dataset/doc_g987_rot0.jpg,0,0,0060189751.tif,train
987,/kaggle/working/real_text_10k_dataset/doc_g987_rot90.jpg,1,90,0060189751.tif,train
987,/kaggle/working/real_text_10k_dataset/doc_g987_rot180.jpg,2,180,0060189751.tif,train
987,/kaggle/working/real_text_10k_dataset/doc_g987_rot270.jpg,3,270,0060189751.tif,train
988,/kaggle/working/real_text_10k_dataset/doc_g988_rot0.jpg,0,0,2023644953.tif,train
988,/kaggle/working/real_text_10k_dataset/doc_g988_rot90.jpg,1,90,2023644953.tif,train
988,/kaggle/working/real_text_10k_dataset/doc_g988_rot180.jpg,2,180,2023644953.tif,train
988,/kaggle/working/real_text_10k_dataset/doc_g988_rot270.jpg,3,270,2023644953.tif,train
989,/kaggle/working/real_text_10k_dataset/doc_g989_rot0.jpg,0,0,99127248.tif,train
989,/kaggle/working/real_text_10k_dataset/doc_g989_rot90.jpg,1,90,99127248.tif,train
989,/kaggle/working/real_text_10k_dataset/doc_g989_rot180.jpg,2,180,99127248.tif,train
989,/kaggle/working/real_text_10k_dataset/doc_g989_rot270.jpg,3,270,99127248.tif,train
990,/kaggle/working/real_text_10k_dataset/doc_g990_rot0.jpg,0,0,10357089_10357107.tif,train
990,/kaggle/working/real_text_10k_dataset/doc_g990_rot90.jpg,1,90,10357089_10357107.tif,train
990,/kaggle/working/real_text_10k_dataset/doc_g990_rot180.jpg,2,180,10357089_10357107.tif,train
990,/kaggle/working/real_text_10k_dataset/doc_g990_rot270.jpg,3,270,10357089_10357107.tif,train
991,/kaggle/working/real_text_10k_dataset/doc_g991_rot0.jpg,0,0,2028693178.tif,train
991,/kaggle/working/real_text_10k_dataset/doc_g991_rot90.jpg,1,90,2028693178.tif,train
991,/kaggle/working/real_text_10k_dataset/doc_g991_rot180.jpg,2,180,2028693178.tif,train
991,/kaggle/working/real_text_10k_dataset/doc_g991_rot270.jpg,3,270,2028693178.tif,train
992,/kaggle/working/real_text_10k_dataset/doc_g992_rot0.jpg,0,0,1000116719_1000116724.tif,train
992,/kaggle/working/real_text_10k_dataset/doc_g992_rot90.jpg,1,90,1000116719_1000116724.tif,train
992,/kaggle/working/real_text_10k_dataset/doc_g992_rot180.jpg,2,180,1000116719_1000116724.tif,train
992,/kaggle/working/real_text_10k_dataset/doc_g992_rot270.jpg,3,270,1000116719_1000116724.tif,train
993,/kaggle/working/real_text_10k_dataset/doc_g993_rot0.jpg,0,0,50442616-2617.tif,train
993,/kaggle/working/real_text_10k_dataset/doc_g993_rot90.jpg,1,90,50442616-2617.tif,train
993,/kaggle/working/real_text_10k_dataset/doc_g993_rot180.jpg,2,180,50442616-2617.tif,train
993,/kaggle/working/real_text_10k_dataset/doc_g993_rot270.jpg,3,270,50442616-2617.tif,train
994,/kaggle/working/real_text_10k_dataset/doc_g994_rot0.jpg,0,0,504922636+-2643.tif,test
994,/kaggle/working/real_text_10k_dataset/doc_g994_rot90.jpg,1,90,504922636+-2643.tif,test
994,/kaggle/working/real_text_10k_dataset/doc_g994_rot180.jpg,2,180,504922636+-2643.tif,test
994,/kaggle/working/real_text_10k_dataset/doc_g994_rot270.jpg,3,270,504922636+-2643.tif,test
995,/kaggle/working/real_text_10k_dataset/doc_g995_rot0.jpg,0,0,88998791.tif,train
995,/kaggle/working/real_text_10k_dataset/doc_g995_rot90.jpg,1,90,88998791.tif,train
995,/kaggle/working/real_text_10k_dataset/doc_g995_rot180.jpg,2,180,88998791.tif,train
995,/kaggle/working/real_text_10k_dataset/doc_g995_rot270.jpg,3,270,88998791.tif,train
996,/kaggle/working/real_text_10k_dataset/doc_g996_rot0.jpg,0,0,518139171+-9173.tif,train
996,/kaggle/working/real_text_10k_dataset/doc_g996_rot90.jpg,1,90,518139171+-9173.tif,train
996,/kaggle/working/real_text_10k_dataset/doc_g996_rot180.jpg,2,180,518139171+-9173.tif,train
996,/kaggle/working/real_text_10k_dataset/doc_g996_rot270.jpg,3,270,518139171+-9173.tif,train
997,/kaggle/working/real_text_10k_dataset/doc_g997_rot0.jpg,0,0,2084573574a.tif,train
997,/kaggle/working/real_text_10k_dataset/doc_g997_rot90.jpg,1,90,2084573574a.tif,train
997,/kaggle/working/real_text_10k_dataset/doc_g997_rot180.jpg,2,180,2084573574a.tif,train
997,/kaggle/working/real_text_10k_dataset/doc_g997_rot270.jpg,3,270,2084573574a.tif,train
998,/kaggle/working/real_text_10k_dataset/doc_g998_rot0.jpg,0,0,ton01702.80_ton01702.82.tif,train
998,/kaggle/working/real_text_10k_dataset/doc_g998_rot90.jpg,1,90,ton01702.80_ton01702.82.tif,train
998,/kaggle/working/real_text_10k_dataset/doc_g998_rot180.jpg,2,180,ton01702.80_ton01702.82.tif,train
998,/kaggle/working/real_text_10k_dataset/doc_g998_rot270.jpg,3,270,ton01702.80_ton01702.82.tif,train
999,/kaggle/working/real_text_10k_dataset/doc_g999_rot0.jpg,0,0,0001438607.tif,train
999,/kaggle/working/real_text_10k_dataset/doc_g999_rot90.jpg,1,90,0001438607.tif,train
999,/kaggle/working/real_text_10k_dataset/doc_g999_rot180.jpg,2,180,0001438607.tif,train
999,/kaggle/working/real_text_10k_dataset/doc_g999_rot270.jpg,3,270,0001438607.tif,train
1000,/kaggle/working/real_text_10k_dataset/doc_g1000_rot0.jpg,0,0,40015392-5396.tif,train
1000,/kaggle/working/real_text_10k_dataset/doc_g1000_rot90.jpg,1,90,40015392-5396.tif,train
1000,/kaggle/working/real_text_10k_dataset/doc_g1000_rot180.jpg,2,180,40015392-5396.tif,train
1000,/kaggle/working/real_text_10k_dataset/doc_g1000_rot270.jpg,3,270,40015392-5396.tif,train
1001,/kaggle/working/real_text_10k_dataset/doc_g1001_rot0.jpg,0,0,0060031775.tif,val
1001,/kaggle/working/real_text_10k_dataset/doc_g1001_rot90.jpg,1,90,0060031775.tif,val
1001,/kaggle/working/real_text_10k_dataset/doc_g1001_rot180.jpg,2,180,0060031775.tif,val
1001,/kaggle/working/real_text_10k_dataset/doc_g1001_rot270.jpg,3,270,0060031775.tif,val
1002,/kaggle/working/real_text_10k_dataset/doc_g1002_rot0.jpg,0,0,508551943.tif,train
1002,/kaggle/working/real_text_10k_dataset/doc_g1002_rot90.jpg,1,90,508551943.tif,train
1002,/kaggle/working/real_text_10k_dataset/doc_g1002_rot180.jpg,2,180,508551943.tif,train
1002,/kaggle/working/real_text_10k_dataset/doc_g1002_rot270.jpg,3,270,508551943.tif,train
1003,/kaggle/working/real_text_10k_dataset/doc_g1003_rot0.jpg,0,0,117.jpg,train
1003,/kaggle/working/real_text_10k_dataset/doc_g1003_rot90.jpg,1,90,117.jpg,train
1003,/kaggle/working/real_text_10k_dataset/doc_g1003_rot180.jpg,2,180,117.jpg,train
1003,/kaggle/working/real_text_10k_dataset/doc_g1003_rot270.jpg,3,270,117.jpg,train
1004,/kaggle/working/real_text_10k_dataset/doc_g1004_rot0.jpg,0,0,2501708003_8010.tif,train
1004,/kaggle/working/real_text_10k_dataset/doc_g1004_rot90.jpg,1,90,2501708003_8010.tif,train
1004,/kaggle/working/real_text_10k_dataset/doc_g1004_rot180.jpg,2,180,2501708003_8010.tif,train
1004,/kaggle/working/real_text_10k_dataset/doc_g1004_rot270.jpg,3,270,2501708003_8010.tif,train
1005,/kaggle/working/real_text_10k_dataset/doc_g1005_rot0.jpg,0,0,2505373040.tif,train
1005,/kaggle/working/real_text_10k_dataset/doc_g1005_rot90.jpg,1,90,2505373040.tif,train
1005,/kaggle/working/real_text_10k_dataset/doc_g1005_rot180.jpg,2,180,2505373040.tif,train
1005,/kaggle/working/real_text_10k_dataset/doc_g1005_rot270.jpg,3,270,2505373040.tif,train
1006,/kaggle/working/real_text_10k_dataset/doc_g1006_rot0.jpg,0,0,2505366238_6239.tif,train
1006,/kaggle/working/real_text_10k_dataset/doc_g1006_rot90.jpg,1,90,2505366238_6239.tif,train
1006,/kaggle/working/real_text_10k_dataset/doc_g1006_rot180.jpg,2,180,2505366238_6239.tif,train
1006,/kaggle/working/real_text_10k_dataset/doc_g1006_rot270.jpg,3,270,2505366238_6239.tif,train
1007,/kaggle/working/real_text_10k_dataset/doc_g1007_rot0.jpg,0,0,2030279657.tif,train
1007,/kaggle/working/real_text_10k_dataset/doc_g1007_rot90.jpg,1,90,2030279657.tif,train
1007,/kaggle/working/real_text_10k_dataset/doc_g1007_rot180.jpg,2,180,2030279657.tif,train
1007,/kaggle/working/real_text_10k_dataset/doc_g1007_rot270.jpg,3,270,2030279657.tif,train
1008,/kaggle/working/real_text_10k_dataset/doc_g1008_rot0.jpg,0,0,1002905537.tif,train
1008,/kaggle/working/real_text_10k_dataset/doc_g1008_rot90.jpg,1,90,1002905537.tif,train
1008,/kaggle/working/real_text_10k_dataset/doc_g1008_rot180.jpg,2,180,1002905537.tif,train
1008,/kaggle/working/real_text_10k_dataset/doc_g1008_rot270.jpg,3,270,1002905537.tif,train
1009,/kaggle/working/real_text_10k_dataset/doc_g1009_rot0.jpg,0,0,2078802302.tif,train
1009,/kaggle/working/real_text_10k_dataset/doc_g1009_rot90.jpg,1,90,2078802302.tif,train
1009,/kaggle/working/real_text_10k_dataset/doc_g1009_rot180.jpg,2,180,2078802302.tif,train
1009,/kaggle/working/real_text_10k_dataset/doc_g1009_rot270.jpg,3,270,2078802302.tif,train
1010,/kaggle/working/real_text_10k_dataset/doc_g1010_rot0.jpg,0,0,receipt_00087.png,train
1010,/kaggle/working/real_text_10k_dataset/doc_g1010_rot90.jpg,1,90,receipt_00087.png,train
1010,/kaggle/working/real_text_10k_dataset/doc_g1010_rot180.jpg,2,180,receipt_00087.png,train
1010,/kaggle/working/real_text_10k_dataset/doc_g1010_rot270.jpg,3,270,receipt_00087.png,train
1011,/kaggle/working/real_text_10k_dataset/doc_g1011_rot0.jpg,0,0,528050631+-0640.tif,train
1011,/kaggle/working/real_text_10k_dataset/doc_g1011_rot90.jpg,1,90,528050631+-0640.tif,train
1011,/kaggle/working/real_text_10k_dataset/doc_g1011_rot180.jpg,2,180,528050631+-0640.tif,train
1011,/kaggle/working/real_text_10k_dataset/doc_g1011_rot270.jpg,3,270,528050631+-0640.tif,train
1012,/kaggle/working/real_text_10k_dataset/doc_g1012_rot0.jpg,0,0,2072098092.tif,val
1012,/kaggle/working/real_text_10k_dataset/doc_g1012_rot90.jpg,1,90,2072098092.tif,val
1012,/kaggle/working/real_text_10k_dataset/doc_g1012_rot180.jpg,2,180,2072098092.tif,val
1012,/kaggle/working/real_text_10k_dataset/doc_g1012_rot270.jpg,3,270,2072098092.tif,val
1013,/kaggle/working/real_text_10k_dataset/doc_g1013_rot0.jpg,0,0,50009935.tif,train
1013,/kaggle/working/real_text_10k_dataset/doc_g1013_rot90.jpg,1,90,50009935.tif,train
1013,/kaggle/working/real_text_10k_dataset/doc_g1013_rot180.jpg,2,180,50009935.tif,train
1013,/kaggle/working/real_text_10k_dataset/doc_g1013_rot270.jpg,3,270,50009935.tif,train
1014,/kaggle/working/real_text_10k_dataset/doc_g1014_rot0.jpg,0,0,523450231+-0240.tif,train
1014,/kaggle/working/real_text_10k_dataset/doc_g1014_rot90.jpg,1,90,523450231+-0240.tif,train
1014,/kaggle/working/real_text_10k_dataset/doc_g1014_rot180.jpg,2,180,523450231+-0240.tif,train
1014,/kaggle/working/real_text_10k_dataset/doc_g1014_rot270.jpg,3,270,523450231+-0240.tif,train
1015,/kaggle/working/real_text_10k_dataset/doc_g1015_rot0.jpg,0,0,50383490-3491.tif,test
1015,/kaggle/working/real_text_10k_dataset/doc_g1015_rot90.jpg,1,90,50383490-3491.tif,test
1015,/kaggle/working/real_text_10k_dataset/doc_g1015_rot180.jpg,2,180,50383490-3491.tif,test
1015,/kaggle/working/real_text_10k_dataset/doc_g1015_rot270.jpg,3,270,50383490-3491.tif,test
1016,/kaggle/working/real_text_10k_dataset/doc_g1016_rot0.jpg,0,0,503328669_503328670.tif,train
1016,/kaggle/working/real_text_10k_dataset/doc_g1016_rot90.jpg,1,90,503328669_503328670.tif,train
1016,/kaggle/working/real_text_10k_dataset/doc_g1016_rot180.jpg,2,180,503328669_503328670.tif,train
1016,/kaggle/working/real_text_10k_dataset/doc_g1016_rot270.jpg,3,270,503328669_503328670.tif,train
1017,/kaggle/working/real_text_10k_dataset/doc_g1017_rot0.jpg,0,0,2075584729.tif,train
1017,/kaggle/working/real_text_10k_dataset/doc_g1017_rot90.jpg,1,90,2075584729.tif,train
1017,/kaggle/working/real_text_10k_dataset/doc_g1017_rot180.jpg,2,180,2075584729.tif,train
1017,/kaggle/working/real_text_10k_dataset/doc_g1017_rot270.jpg,3,270,2075584729.tif,train
1018,/kaggle/working/real_text_10k_dataset/doc_g1018_rot0.jpg,0,0,tcal0249318_9319.tif,val
1018,/kaggle/working/real_text_10k_dataset/doc_g1018_rot90.jpg,1,90,tcal0249318_9319.tif,val
1018,/kaggle/working/real_text_10k_dataset/doc_g1018_rot180.jpg,2,180,tcal0249318_9319.tif,val
1018,/kaggle/working/real_text_10k_dataset/doc_g1018_rot270.jpg,3,270,tcal0249318_9319.tif,val
1019,/kaggle/working/real_text_10k_dataset/doc_g1019_rot0.jpg,0,0,0001219506.tif,test
1019,/kaggle/working/real_text_10k_dataset/doc_g1019_rot90.jpg,1,90,0001219506.tif,test
1019,/kaggle/working/real_text_10k_dataset/doc_g1019_rot180.jpg,2,180,0001219506.tif,test
1019,/kaggle/working/real_text_10k_dataset/doc_g1019_rot270.jpg,3,270,0001219506.tif,test
1020,/kaggle/working/real_text_10k_dataset/doc_g1020_rot0.jpg,0,0,2060370004_2060370074.tif,train
1020,/kaggle/working/real_text_10k_dataset/doc_g1020_rot90.jpg,1,90,2060370004_2060370074.tif,train
1020,/kaggle/working/real_text_10k_dataset/doc_g1020_rot180.jpg,2,180,2060370004_2060370074.tif,train
1020,/kaggle/working/real_text_10k_dataset/doc_g1020_rot270.jpg,3,270,2060370004_2060370074.tif,train
1021,/kaggle/working/real_text_10k_dataset/doc_g1021_rot0.jpg,0,0,2057768153.tif,train
1021,/kaggle/working/real_text_10k_dataset/doc_g1021_rot90.jpg,1,90,2057768153.tif,train
1021,/kaggle/working/real_text_10k_dataset/doc_g1021_rot180.jpg,2,180,2057768153.tif,train
1021,/kaggle/working/real_text_10k_dataset/doc_g1021_rot270.jpg,3,270,2057768153.tif,train
1022,/kaggle/working/real_text_10k_dataset/doc_g1022_rot0.jpg,0,0,500597789+-7793a.tif,train
1022,/kaggle/working/real_text_10k_dataset/doc_g1022_rot90.jpg,1,90,500597789+-7793a.tif,train
1022,/kaggle/working/real_text_10k_dataset/doc_g1022_rot180.jpg,2,180,500597789+-7793a.tif,train
1022,/kaggle/working/real_text_10k_dataset/doc_g1022_rot270.jpg,3,270,500597789+-7793a.tif,train
1023,/kaggle/working/real_text_10k_dataset/doc_g1023_rot0.jpg,0,0,1000284240.tif,train
1023,/kaggle/working/real_text_10k_dataset/doc_g1023_rot90.jpg,1,90,1000284240.tif,train
1023,/kaggle/working/real_text_10k_dataset/doc_g1023_rot180.jpg,2,180,1000284240.tif,train
1023,/kaggle/working/real_text_10k_dataset/doc_g1023_rot270.jpg,3,270,1000284240.tif,train
1024,/kaggle/working/real_text_10k_dataset/doc_g1024_rot0.jpg,0,0,500576460+-6460.tif,train
1024,/kaggle/working/real_text_10k_dataset/doc_g1024_rot90.jpg,1,90,500576460+-6460.tif,train
1024,/kaggle/working/real_text_10k_dataset/doc_g1024_rot180.jpg,2,180,500576460+-6460.tif,train
1024,/kaggle/working/real_text_10k_dataset/doc_g1024_rot270.jpg,3,270,500576460+-6460.tif,train
1025,/kaggle/working/real_text_10k_dataset/doc_g1025_rot0.jpg,0,0,2050763069.tif,train
1025,/kaggle/working/real_text_10k_dataset/doc_g1025_rot90.jpg,1,90,2050763069.tif,train
1025,/kaggle/working/real_text_10k_dataset/doc_g1025_rot180.jpg,2,180,2050763069.tif,train
1025,/kaggle/working/real_text_10k_dataset/doc_g1025_rot270.jpg,3,270,2050763069.tif,train
1026,/kaggle/working/real_text_10k_dataset/doc_g1026_rot0.jpg,0,0,515626578+-6578.tif,train
1026,/kaggle/working/real_text_10k_dataset/doc_g1026_rot90.jpg,1,90,515626578+-6578.tif,train
1026,/kaggle/working/real_text_10k_dataset/doc_g1026_rot180.jpg,2,180,515626578+-6578.tif,train
1026,/kaggle/working/real_text_10k_dataset/doc_g1026_rot270.jpg,3,270,515626578+-6578.tif,train
1027,/kaggle/working/real_text_10k_dataset/doc_g1027_rot0.jpg,0,0,50515481-5481.tif,train
1027,/kaggle/working/real_text_10k_dataset/doc_g1027_rot90.jpg,1,90,50515481-5481.tif,train
1027,/kaggle/working/real_text_10k_dataset/doc_g1027_rot180.jpg,2,180,50515481-5481.tif,train
1027,/kaggle/working/real_text_10k_dataset/doc_g1027_rot270.jpg,3,270,50515481-5481.tif,train
1028,/kaggle/working/real_text_10k_dataset/doc_g1028_rot0.jpg,0,0,530763836+-3837.tif,train
1028,/kaggle/working/real_text_10k_dataset/doc_g1028_rot90.jpg,1,90,530763836+-3837.tif,train
1028,/kaggle/working/real_text_10k_dataset/doc_g1028_rot180.jpg,2,180,530763836+-3837.tif,train
1028,/kaggle/working/real_text_10k_dataset/doc_g1028_rot270.jpg,3,270,530763836+-3837.tif,train
1029,/kaggle/working/real_text_10k_dataset/doc_g1029_rot0.jpg,0,0,91891409.tif,train
1029,/kaggle/working/real_text_10k_dataset/doc_g1029_rot90.jpg,1,90,91891409.tif,train
1029,/kaggle/working/real_text_10k_dataset/doc_g1029_rot180.jpg,2,180,91891409.tif,train
1029,/kaggle/working/real_text_10k_dataset/doc_g1029_rot270.jpg,3,270,91891409.tif,train
1030,/kaggle/working/real_text_10k_dataset/doc_g1030_rot0.jpg,0,0,95680649.tif,val
1030,/kaggle/working/real_text_10k_dataset/doc_g1030_rot90.jpg,1,90,95680649.tif,val
1030,/kaggle/working/real_text_10k_dataset/doc_g1030_rot180.jpg,2,180,95680649.tif,val
1030,/kaggle/working/real_text_10k_dataset/doc_g1030_rot270.jpg,3,270,95680649.tif,val
1031,/kaggle/working/real_text_10k_dataset/doc_g1031_rot0.jpg,0,0,0000299439.tif,train
1031,/kaggle/working/real_text_10k_dataset/doc_g1031_rot90.jpg,1,90,0000299439.tif,train
1031,/kaggle/working/real_text_10k_dataset/doc_g1031_rot180.jpg,2,180,0000299439.tif,train
1031,/kaggle/working/real_text_10k_dataset/doc_g1031_rot270.jpg,3,270,0000299439.tif,train
1032,/kaggle/working/real_text_10k_dataset/doc_g1032_rot0.jpg,0,0,2073087281_7285.tif,train
1032,/kaggle/working/real_text_10k_dataset/doc_g1032_rot90.jpg,1,90,2073087281_7285.tif,train
1032,/kaggle/working/real_text_10k_dataset/doc_g1032_rot180.jpg,2,180,2073087281_7285.tif,train
1032,/kaggle/working/real_text_10k_dataset/doc_g1032_rot270.jpg,3,270,2073087281_7285.tif,train
1033,/kaggle/working/real_text_10k_dataset/doc_g1033_rot0.jpg,0,0,0060183526.tif,train
1033,/kaggle/working/real_text_10k_dataset/doc_g1033_rot90.jpg,1,90,0060183526.tif,train
1033,/kaggle/working/real_text_10k_dataset/doc_g1033_rot180.jpg,2,180,0060183526.tif,train
1033,/kaggle/working/real_text_10k_dataset/doc_g1033_rot270.jpg,3,270,0060183526.tif,train
1034,/kaggle/working/real_text_10k_dataset/doc_g1034_rot0.jpg,0,0,tob07120.94.tif,val
1034,/kaggle/working/real_text_10k_dataset/doc_g1034_rot90.jpg,1,90,tob07120.94.tif,val
1034,/kaggle/working/real_text_10k_dataset/doc_g1034_rot180.jpg,2,180,tob07120.94.tif,val
1034,/kaggle/working/real_text_10k_dataset/doc_g1034_rot270.jpg,3,270,tob07120.94.tif,val
1035,/kaggle/working/real_text_10k_dataset/doc_g1035_rot0.jpg,0,0,510742183.tif,train
1035,/kaggle/working/real_text_10k_dataset/doc_g1035_rot90.jpg,1,90,510742183.tif,train
1035,/kaggle/working/real_text_10k_dataset/doc_g1035_rot180.jpg,2,180,510742183.tif,train
1035,/kaggle/working/real_text_10k_dataset/doc_g1035_rot270.jpg,3,270,510742183.tif,train
1036,/kaggle/working/real_text_10k_dataset/doc_g1036_rot0.jpg,0,0,517518383+-8385.tif,train
1036,/kaggle/working/real_text_10k_dataset/doc_g1036_rot90.jpg,1,90,517518383+-8385.tif,train
1036,/kaggle/working/real_text_10k_dataset/doc_g1036_rot180.jpg,2,180,517518383+-8385.tif,train
1036,/kaggle/working/real_text_10k_dataset/doc_g1036_rot270.jpg,3,270,517518383+-8385.tif,train
1037,/kaggle/working/real_text_10k_dataset/doc_g1037_rot0.jpg,0,0,ti30859156.tif,test
1037,/kaggle/working/real_text_10k_dataset/doc_g1037_rot90.jpg,1,90,ti30859156.tif,test
1037,/kaggle/working/real_text_10k_dataset/doc_g1037_rot180.jpg,2,180,ti30859156.tif,test
1037,/kaggle/working/real_text_10k_dataset/doc_g1037_rot270.jpg,3,270,ti30859156.tif,test
1038,/kaggle/working/real_text_10k_dataset/doc_g1038_rot0.jpg,0,0,2054921331_2054921332.tif,test
1038,/kaggle/working/real_text_10k_dataset/doc_g1038_rot90.jpg,1,90,2054921331_2054921332.tif,test
1038,/kaggle/working/real_text_10k_dataset/doc_g1038_rot180.jpg,2,180,2054921331_2054921332.tif,test
1038,/kaggle/working/real_text_10k_dataset/doc_g1038_rot270.jpg,3,270,2054921331_2054921332.tif,test
1039,/kaggle/working/real_text_10k_dataset/doc_g1039_rot0.jpg,0,0,2501952458.tif,train
1039,/kaggle/working/real_text_10k_dataset/doc_g1039_rot90.jpg,1,90,2501952458.tif,train
1039,/kaggle/working/real_text_10k_dataset/doc_g1039_rot180.jpg,2,180,2501952458.tif,train
1039,/kaggle/working/real_text_10k_dataset/doc_g1039_rot270.jpg,3,270,2501952458.tif,train
1040,/kaggle/working/real_text_10k_dataset/doc_g1040_rot0.jpg,0,0,511966710_511966718.tif,train
1040,/kaggle/working/real_text_10k_dataset/doc_g1040_rot90.jpg,1,90,511966710_511966718.tif,train
1040,/kaggle/working/real_text_10k_dataset/doc_g1040_rot180.jpg,2,180,511966710_511966718.tif,train
1040,/kaggle/working/real_text_10k_dataset/doc_g1040_rot270.jpg,3,270,511966710_511966718.tif,train
1041,/kaggle/working/real_text_10k_dataset/doc_g1041_rot0.jpg,0,0,receipt_00557.png,train
1041,/kaggle/working/real_text_10k_dataset/doc_g1041_rot90.jpg,1,90,receipt_00557.png,train
1041,/kaggle/working/real_text_10k_dataset/doc_g1041_rot180.jpg,2,180,receipt_00557.png,train
1041,/kaggle/working/real_text_10k_dataset/doc_g1041_rot270.jpg,3,270,receipt_00557.png,train
1042,/kaggle/working/real_text_10k_dataset/doc_g1042_rot0.jpg,0,0,0000098296.tif,train
1042,/kaggle/working/real_text_10k_dataset/doc_g1042_rot90.jpg,1,90,0000098296.tif,train
1042,/kaggle/working/real_text_10k_dataset/doc_g1042_rot180.jpg,2,180,0000098296.tif,train
1042,/kaggle/working/real_text_10k_dataset/doc_g1042_rot270.jpg,3,270,0000098296.tif,train
1043,/kaggle/working/real_text_10k_dataset/doc_g1043_rot0.jpg,0,0,18002026_18002037.tif,train
1043,/kaggle/working/real_text_10k_dataset/doc_g1043_rot90.jpg,1,90,18002026_18002037.tif,train
1043,/kaggle/working/real_text_10k_dataset/doc_g1043_rot180.jpg,2,180,18002026_18002037.tif,train
1043,/kaggle/working/real_text_10k_dataset/doc_g1043_rot270.jpg,3,270,18002026_18002037.tif,train
1044,/kaggle/working/real_text_10k_dataset/doc_g1044_rot0.jpg,0,0,2046039536.tif,train
1044,/kaggle/working/real_text_10k_dataset/doc_g1044_rot90.jpg,1,90,2046039536.tif,train
1044,/kaggle/working/real_text_10k_dataset/doc_g1044_rot180.jpg,2,180,2046039536.tif,train
1044,/kaggle/working/real_text_10k_dataset/doc_g1044_rot270.jpg,3,270,2046039536.tif,train
1045,/kaggle/working/real_text_10k_dataset/doc_g1045_rot0.jpg,0,0,2085760444a.tif,train
1045,/kaggle/working/real_text_10k_dataset/doc_g1045_rot90.jpg,1,90,2085760444a.tif,train
1045,/kaggle/working/real_text_10k_dataset/doc_g1045_rot180.jpg,2,180,2085760444a.tif,train
1045,/kaggle/working/real_text_10k_dataset/doc_g1045_rot270.jpg,3,270,2085760444a.tif,train
1046,/kaggle/working/real_text_10k_dataset/doc_g1046_rot0.jpg,0,0,2046342510_2046342517.tif,train
1046,/kaggle/working/real_text_10k_dataset/doc_g1046_rot90.jpg,1,90,2046342510_2046342517.tif,train
1046,/kaggle/working/real_text_10k_dataset/doc_g1046_rot180.jpg,2,180,2046342510_2046342517.tif,train
1046,/kaggle/working/real_text_10k_dataset/doc_g1046_rot270.jpg,3,270,2046342510_2046342517.tif,train
1047,/kaggle/working/real_text_10k_dataset/doc_g1047_rot0.jpg,0,0,2080143458.tif,train
1047,/kaggle/working/real_text_10k_dataset/doc_g1047_rot90.jpg,1,90,2080143458.tif,train
1047,/kaggle/working/real_text_10k_dataset/doc_g1047_rot180.jpg,2,180,2080143458.tif,train
1047,/kaggle/working/real_text_10k_dataset/doc_g1047_rot270.jpg,3,270,2080143458.tif,train
1048,/kaggle/working/real_text_10k_dataset/doc_g1048_rot0.jpg,0,0,11007292_11007293.tif,val
1048,/kaggle/working/real_text_10k_dataset/doc_g1048_rot90.jpg,1,90,11007292_11007293.tif,val
1048,/kaggle/working/real_text_10k_dataset/doc_g1048_rot180.jpg,2,180,11007292_11007293.tif,val
1048,/kaggle/working/real_text_10k_dataset/doc_g1048_rot270.jpg,3,270,11007292_11007293.tif,val
1049,/kaggle/working/real_text_10k_dataset/doc_g1049_rot0.jpg,0,0,40024794-4795.tif,train
1049,/kaggle/working/real_text_10k_dataset/doc_g1049_rot90.jpg,1,90,40024794-4795.tif,train
1049,/kaggle/working/real_text_10k_dataset/doc_g1049_rot180.jpg,2,180,40024794-4795.tif,train
1049,/kaggle/working/real_text_10k_dataset/doc_g1049_rot270.jpg,3,270,40024794-4795.tif,train
1050,/kaggle/working/real_text_10k_dataset/doc_g1050_rot0.jpg,0,0,2048068352.tif,train
1050,/kaggle/working/real_text_10k_dataset/doc_g1050_rot90.jpg,1,90,2048068352.tif,train
1050,/kaggle/working/real_text_10k_dataset/doc_g1050_rot180.jpg,2,180,2048068352.tif,train
1050,/kaggle/working/real_text_10k_dataset/doc_g1050_rot270.jpg,3,270,2048068352.tif,train
1051,/kaggle/working/real_text_10k_dataset/doc_g1051_rot0.jpg,0,0,80703047.tif,val
1051,/kaggle/working/real_text_10k_dataset/doc_g1051_rot90.jpg,1,90,80703047.tif,val
1051,/kaggle/working/real_text_10k_dataset/doc_g1051_rot180.jpg,2,180,80703047.tif,val
1051,/kaggle/working/real_text_10k_dataset/doc_g1051_rot270.jpg,3,270,80703047.tif,val
1052,/kaggle/working/real_text_10k_dataset/doc_g1052_rot0.jpg,0,0,2078860690_0698.tif,train
1052,/kaggle/working/real_text_10k_dataset/doc_g1052_rot90.jpg,1,90,2078860690_0698.tif,train
1052,/kaggle/working/real_text_10k_dataset/doc_g1052_rot180.jpg,2,180,2078860690_0698.tif,train
1052,/kaggle/working/real_text_10k_dataset/doc_g1052_rot270.jpg,3,270,2078860690_0698.tif,train
1053,/kaggle/working/real_text_10k_dataset/doc_g1053_rot0.jpg,0,0,514342838_514342839.tif,train
1053,/kaggle/working/real_text_10k_dataset/doc_g1053_rot90.jpg,1,90,514342838_514342839.tif,train
1053,/kaggle/working/real_text_10k_dataset/doc_g1053_rot180.jpg,2,180,514342838_514342839.tif,train
1053,/kaggle/working/real_text_10k_dataset/doc_g1053_rot270.jpg,3,270,514342838_514342839.tif,train
1054,/kaggle/working/real_text_10k_dataset/doc_g1054_rot0.jpg,0,0,2078192888a.tif,train
1054,/kaggle/working/real_text_10k_dataset/doc_g1054_rot90.jpg,1,90,2078192888a.tif,train
1054,/kaggle/working/real_text_10k_dataset/doc_g1054_rot180.jpg,2,180,2078192888a.tif,train
1054,/kaggle/working/real_text_10k_dataset/doc_g1054_rot270.jpg,3,270,2078192888a.tif,train
1055,/kaggle/working/real_text_10k_dataset/doc_g1055_rot0.jpg,0,0,2077407280.tif,val
1055,/kaggle/working/real_text_10k_dataset/doc_g1055_rot90.jpg,1,90,2077407280.tif,val
1055,/kaggle/working/real_text_10k_dataset/doc_g1055_rot180.jpg,2,180,2077407280.tif,val
1055,/kaggle/working/real_text_10k_dataset/doc_g1055_rot270.jpg,3,270,2077407280.tif,val
1056,/kaggle/working/real_text_10k_dataset/doc_g1056_rot0.jpg,0,0,503781442.tif,train
1056,/kaggle/working/real_text_10k_dataset/doc_g1056_rot90.jpg,1,90,503781442.tif,train
1056,/kaggle/working/real_text_10k_dataset/doc_g1056_rot180.jpg,2,180,503781442.tif,train
1056,/kaggle/working/real_text_10k_dataset/doc_g1056_rot270.jpg,3,270,503781442.tif,train
1057,/kaggle/working/real_text_10k_dataset/doc_g1057_rot0.jpg,0,0,50432404-2405.tif,test
1057,/kaggle/working/real_text_10k_dataset/doc_g1057_rot90.jpg,1,90,50432404-2405.tif,test
1057,/kaggle/working/real_text_10k_dataset/doc_g1057_rot180.jpg,2,180,50432404-2405.tif,test
1057,/kaggle/working/real_text_10k_dataset/doc_g1057_rot270.jpg,3,270,50432404-2405.tif,test
1058,/kaggle/working/real_text_10k_dataset/doc_g1058_rot0.jpg,0,0,0001238012.tif,train
1058,/kaggle/working/real_text_10k_dataset/doc_g1058_rot90.jpg,1,90,0001238012.tif,train
1058,/kaggle/working/real_text_10k_dataset/doc_g1058_rot180.jpg,2,180,0001238012.tif,train
1058,/kaggle/working/real_text_10k_dataset/doc_g1058_rot270.jpg,3,270,0001238012.tif,train
1059,/kaggle/working/real_text_10k_dataset/doc_g1059_rot0.jpg,0,0,2062453884.tif,train
1059,/kaggle/working/real_text_10k_dataset/doc_g1059_rot90.jpg,1,90,2062453884.tif,train
1059,/kaggle/working/real_text_10k_dataset/doc_g1059_rot180.jpg,2,180,2062453884.tif,train
1059,/kaggle/working/real_text_10k_dataset/doc_g1059_rot270.jpg,3,270,2062453884.tif,train
1060,/kaggle/working/real_text_10k_dataset/doc_g1060_rot0.jpg,0,0,1001526277_1001526279.tif,train
1060,/kaggle/working/real_text_10k_dataset/doc_g1060_rot90.jpg,1,90,1001526277_1001526279.tif,train
1060,/kaggle/working/real_text_10k_dataset/doc_g1060_rot180.jpg,2,180,1001526277_1001526279.tif,train
1060,/kaggle/working/real_text_10k_dataset/doc_g1060_rot270.jpg,3,270,1001526277_1001526279.tif,train
1061,/kaggle/working/real_text_10k_dataset/doc_g1061_rot0.jpg,0,0,528696786+-6789.tif,train
1061,/kaggle/working/real_text_10k_dataset/doc_g1061_rot90.jpg,1,90,528696786+-6789.tif,train
1061,/kaggle/working/real_text_10k_dataset/doc_g1061_rot180.jpg,2,180,528696786+-6789.tif,train
1061,/kaggle/working/real_text_10k_dataset/doc_g1061_rot270.jpg,3,270,528696786+-6789.tif,train
1062,/kaggle/working/real_text_10k_dataset/doc_g1062_rot0.jpg,0,0,502605410+-5410.tif,train
1062,/kaggle/working/real_text_10k_dataset/doc_g1062_rot90.jpg,1,90,502605410+-5410.tif,train
1062,/kaggle/working/real_text_10k_dataset/doc_g1062_rot180.jpg,2,180,502605410+-5410.tif,train
1062,/kaggle/working/real_text_10k_dataset/doc_g1062_rot270.jpg,3,270,502605410+-5410.tif,train
1063,/kaggle/working/real_text_10k_dataset/doc_g1063_rot0.jpg,0,0,1000850988_1000850990.tif,train
1063,/kaggle/working/real_text_10k_dataset/doc_g1063_rot90.jpg,1,90,1000850988_1000850990.tif,train
1063,/kaggle/working/real_text_10k_dataset/doc_g1063_rot180.jpg,2,180,1000850988_1000850990.tif,train
1063,/kaggle/working/real_text_10k_dataset/doc_g1063_rot270.jpg,3,270,1000850988_1000850990.tif,train
1064,/kaggle/working/real_text_10k_dataset/doc_g1064_rot0.jpg,0,0,2073863132.tif,train
1064,/kaggle/working/real_text_10k_dataset/doc_g1064_rot90.jpg,1,90,2073863132.tif,train
1064,/kaggle/working/real_text_10k_dataset/doc_g1064_rot180.jpg,2,180,2073863132.tif,train
1064,/kaggle/working/real_text_10k_dataset/doc_g1064_rot270.jpg,3,270,2073863132.tif,train
1065,/kaggle/working/real_text_10k_dataset/doc_g1065_rot0.jpg,0,0,X51005442341.jpg,train
1065,/kaggle/working/real_text_10k_dataset/doc_g1065_rot90.jpg,1,90,X51005442341.jpg,train
1065,/kaggle/working/real_text_10k_dataset/doc_g1065_rot180.jpg,2,180,X51005442341.jpg,train
1065,/kaggle/working/real_text_10k_dataset/doc_g1065_rot270.jpg,3,270,X51005442341.jpg,train
1066,/kaggle/working/real_text_10k_dataset/doc_g1066_rot0.jpg,0,0,01834877_4881.tif,train
1066,/kaggle/working/real_text_10k_dataset/doc_g1066_rot90.jpg,1,90,01834877_4881.tif,train
1066,/kaggle/working/real_text_10k_dataset/doc_g1066_rot180.jpg,2,180,01834877_4881.tif,train
1066,/kaggle/working/real_text_10k_dataset/doc_g1066_rot270.jpg,3,270,01834877_4881.tif,train
1067,/kaggle/working/real_text_10k_dataset/doc_g1067_rot0.jpg,0,0,85023316.tif,train
1067,/kaggle/working/real_text_10k_dataset/doc_g1067_rot90.jpg,1,90,85023316.tif,train
1067,/kaggle/working/real_text_10k_dataset/doc_g1067_rot180.jpg,2,180,85023316.tif,train
1067,/kaggle/working/real_text_10k_dataset/doc_g1067_rot270.jpg,3,270,85023316.tif,train
1068,/kaggle/working/real_text_10k_dataset/doc_g1068_rot0.jpg,0,0,ton01907.02.tif,train
1068,/kaggle/working/real_text_10k_dataset/doc_g1068_rot90.jpg,1,90,ton01907.02.tif,train
1068,/kaggle/working/real_text_10k_dataset/doc_g1068_rot180.jpg,2,180,ton01907.02.tif,train
1068,/kaggle/working/real_text_10k_dataset/doc_g1068_rot270.jpg,3,270,ton01907.02.tif,train
1069,/kaggle/working/real_text_10k_dataset/doc_g1069_rot0.jpg,0,0,10411951.tif,val
1069,/kaggle/working/real_text_10k_dataset/doc_g1069_rot90.jpg,1,90,10411951.tif,val
1069,/kaggle/working/real_text_10k_dataset/doc_g1069_rot180.jpg,2,180,10411951.tif,val
1069,/kaggle/working/real_text_10k_dataset/doc_g1069_rot270.jpg,3,270,10411951.tif,val
1070,/kaggle/working/real_text_10k_dataset/doc_g1070_rot0.jpg,0,0,98626401.tif,train
1070,/kaggle/working/real_text_10k_dataset/doc_g1070_rot90.jpg,1,90,98626401.tif,train
1070,/kaggle/working/real_text_10k_dataset/doc_g1070_rot180.jpg,2,180,98626401.tif,train
1070,/kaggle/working/real_text_10k_dataset/doc_g1070_rot270.jpg,3,270,98626401.tif,train
1071,/kaggle/working/real_text_10k_dataset/doc_g1071_rot0.jpg,0,0,2077000075.tif,val
1071,/kaggle/working/real_text_10k_dataset/doc_g1071_rot90.jpg,1,90,2077000075.tif,val
1071,/kaggle/working/real_text_10k_dataset/doc_g1071_rot180.jpg,2,180,2077000075.tif,val
1071,/kaggle/working/real_text_10k_dataset/doc_g1071_rot270.jpg,3,270,2077000075.tif,val
1072,/kaggle/working/real_text_10k_dataset/doc_g1072_rot0.jpg,0,0,X51005568880.jpg,train
1072,/kaggle/working/real_text_10k_dataset/doc_g1072_rot90.jpg,1,90,X51005568880.jpg,train
1072,/kaggle/working/real_text_10k_dataset/doc_g1072_rot180.jpg,2,180,X51005568880.jpg,train
1072,/kaggle/working/real_text_10k_dataset/doc_g1072_rot270.jpg,3,270,X51005568880.jpg,train
1073,/kaggle/working/real_text_10k_dataset/doc_g1073_rot0.jpg,0,0,ti31111300.tif,train
1073,/kaggle/working/real_text_10k_dataset/doc_g1073_rot90.jpg,1,90,ti31111300.tif,train
1073,/kaggle/working/real_text_10k_dataset/doc_g1073_rot180.jpg,2,180,ti31111300.tif,train
1073,/kaggle/working/real_text_10k_dataset/doc_g1073_rot270.jpg,3,270,ti31111300.tif,train
1074,/kaggle/working/real_text_10k_dataset/doc_g1074_rot0.jpg,0,0,0060067329.tif,train
1074,/kaggle/working/real_text_10k_dataset/doc_g1074_rot90.jpg,1,90,0060067329.tif,train
1074,/kaggle/working/real_text_10k_dataset/doc_g1074_rot180.jpg,2,180,0060067329.tif,train
1074,/kaggle/working/real_text_10k_dataset/doc_g1074_rot270.jpg,3,270,0060067329.tif,train
1075,/kaggle/working/real_text_10k_dataset/doc_g1075_rot0.jpg,0,0,2080024502.tif,train
1075,/kaggle/working/real_text_10k_dataset/doc_g1075_rot90.jpg,1,90,2080024502.tif,train
1075,/kaggle/working/real_text_10k_dataset/doc_g1075_rot180.jpg,2,180,2080024502.tif,train
1075,/kaggle/working/real_text_10k_dataset/doc_g1075_rot270.jpg,3,270,2080024502.tif,train
1076,/kaggle/working/real_text_10k_dataset/doc_g1076_rot0.jpg,0,0,507287831+-7831.tif,train
1076,/kaggle/working/real_text_10k_dataset/doc_g1076_rot90.jpg,1,90,507287831+-7831.tif,train
1076,/kaggle/working/real_text_10k_dataset/doc_g1076_rot180.jpg,2,180,507287831+-7831.tif,train
1076,/kaggle/working/real_text_10k_dataset/doc_g1076_rot270.jpg,3,270,507287831+-7831.tif,train
1077,/kaggle/working/real_text_10k_dataset/doc_g1077_rot0.jpg,0,0,515324103+-4105.tif,train
1077,/kaggle/working/real_text_10k_dataset/doc_g1077_rot90.jpg,1,90,515324103+-4105.tif,train
1077,/kaggle/working/real_text_10k_dataset/doc_g1077_rot180.jpg,2,180,515324103+-4105.tif,train
1077,/kaggle/working/real_text_10k_dataset/doc_g1077_rot270.jpg,3,270,515324103+-4105.tif,train
1078,/kaggle/working/real_text_10k_dataset/doc_g1078_rot0.jpg,0,0,50354596-4597.tif,train
1078,/kaggle/working/real_text_10k_dataset/doc_g1078_rot90.jpg,1,90,50354596-4597.tif,train
1078,/kaggle/working/real_text_10k_dataset/doc_g1078_rot180.jpg,2,180,50354596-4597.tif,train
1078,/kaggle/working/real_text_10k_dataset/doc_g1078_rot270.jpg,3,270,50354596-4597.tif,train
1079,/kaggle/working/real_text_10k_dataset/doc_g1079_rot0.jpg,0,0,10407917.tif,test
1079,/kaggle/working/real_text_10k_dataset/doc_g1079_rot90.jpg,1,90,10407917.tif,test
1079,/kaggle/working/real_text_10k_dataset/doc_g1079_rot180.jpg,2,180,10407917.tif,test
1079,/kaggle/working/real_text_10k_dataset/doc_g1079_rot270.jpg,3,270,10407917.tif,test
1080,/kaggle/working/real_text_10k_dataset/doc_g1080_rot0.jpg,0,0,2015067308.tif,train
1080,/kaggle/working/real_text_10k_dataset/doc_g1080_rot90.jpg,1,90,2015067308.tif,train
1080,/kaggle/working/real_text_10k_dataset/doc_g1080_rot180.jpg,2,180,2015067308.tif,train
1080,/kaggle/working/real_text_10k_dataset/doc_g1080_rot270.jpg,3,270,2015067308.tif,train
1081,/kaggle/working/real_text_10k_dataset/doc_g1081_rot0.jpg,0,0,50420594-0596.tif,train
1081,/kaggle/working/real_text_10k_dataset/doc_g1081_rot90.jpg,1,90,50420594-0596.tif,train
1081,/kaggle/working/real_text_10k_dataset/doc_g1081_rot180.jpg,2,180,50420594-0596.tif,train
1081,/kaggle/working/real_text_10k_dataset/doc_g1081_rot270.jpg,3,270,50420594-0596.tif,train
1082,/kaggle/working/real_text_10k_dataset/doc_g1082_rot0.jpg,0,0,receipt_00652.png,train
1082,/kaggle/working/real_text_10k_dataset/doc_g1082_rot90.jpg,1,90,receipt_00652.png,train
1082,/kaggle/working/real_text_10k_dataset/doc_g1082_rot180.jpg,2,180,receipt_00652.png,train
1082,/kaggle/working/real_text_10k_dataset/doc_g1082_rot270.jpg,3,270,receipt_00652.png,train
1083,/kaggle/working/real_text_10k_dataset/doc_g1083_rot0.jpg,0,0,2072773039.tif,train
1083,/kaggle/working/real_text_10k_dataset/doc_g1083_rot90.jpg,1,90,2072773039.tif,train
1083,/kaggle/working/real_text_10k_dataset/doc_g1083_rot180.jpg,2,180,2072773039.tif,train
1083,/kaggle/working/real_text_10k_dataset/doc_g1083_rot270.jpg,3,270,2072773039.tif,train
1084,/kaggle/working/real_text_10k_dataset/doc_g1084_rot0.jpg,0,0,tob09122.92.tif,val
1084,/kaggle/working/real_text_10k_dataset/doc_g1084_rot90.jpg,1,90,tob09122.92.tif,val
1084,/kaggle/working/real_text_10k_dataset/doc_g1084_rot180.jpg,2,180,tob09122.92.tif,val
1084,/kaggle/working/real_text_10k_dataset/doc_g1084_rot270.jpg,3,270,tob09122.92.tif,val
1085,/kaggle/working/real_text_10k_dataset/doc_g1085_rot0.jpg,0,0,10189447_10189453.tif,test
1085,/kaggle/working/real_text_10k_dataset/doc_g1085_rot90.jpg,1,90,10189447_10189453.tif,test
1085,/kaggle/working/real_text_10k_dataset/doc_g1085_rot180.jpg,2,180,10189447_10189453.tif,test
1085,/kaggle/working/real_text_10k_dataset/doc_g1085_rot270.jpg,3,270,10189447_10189453.tif,test
1086,/kaggle/working/real_text_10k_dataset/doc_g1086_rot0.jpg,0,0,0000400265.tif,train
1086,/kaggle/working/real_text_10k_dataset/doc_g1086_rot90.jpg,1,90,0000400265.tif,train
1086,/kaggle/working/real_text_10k_dataset/doc_g1086_rot180.jpg,2,180,0000400265.tif,train
1086,/kaggle/working/real_text_10k_dataset/doc_g1086_rot270.jpg,3,270,0000400265.tif,train
1087,/kaggle/working/real_text_10k_dataset/doc_g1087_rot0.jpg,0,0,2001160139.tif,train
1087,/kaggle/working/real_text_10k_dataset/doc_g1087_rot90.jpg,1,90,2001160139.tif,train
1087,/kaggle/working/real_text_10k_dataset/doc_g1087_rot180.jpg,2,180,2001160139.tif,train
1087,/kaggle/working/real_text_10k_dataset/doc_g1087_rot270.jpg,3,270,2001160139.tif,train
1088,/kaggle/working/real_text_10k_dataset/doc_g1088_rot0.jpg,0,0,2055608506.tif,train
1088,/kaggle/working/real_text_10k_dataset/doc_g1088_rot90.jpg,1,90,2055608506.tif,train
1088,/kaggle/working/real_text_10k_dataset/doc_g1088_rot180.jpg,2,180,2055608506.tif,train
1088,/kaggle/working/real_text_10k_dataset/doc_g1088_rot270.jpg,3,270,2055608506.tif,train
1089,/kaggle/working/real_text_10k_dataset/doc_g1089_rot0.jpg,0,0,517908204+-8205.tif,train
1089,/kaggle/working/real_text_10k_dataset/doc_g1089_rot90.jpg,1,90,517908204+-8205.tif,train
1089,/kaggle/working/real_text_10k_dataset/doc_g1089_rot180.jpg,2,180,517908204+-8205.tif,train
1089,/kaggle/working/real_text_10k_dataset/doc_g1089_rot270.jpg,3,270,517908204+-8205.tif,train
1090,/kaggle/working/real_text_10k_dataset/doc_g1090_rot0.jpg,0,0,0000175622.tif,test
1090,/kaggle/working/real_text_10k_dataset/doc_g1090_rot90.jpg,1,90,0000175622.tif,test
1090,/kaggle/working/real_text_10k_dataset/doc_g1090_rot180.jpg,2,180,0000175622.tif,test
1090,/kaggle/working/real_text_10k_dataset/doc_g1090_rot270.jpg,3,270,0000175622.tif,test
1091,/kaggle/working/real_text_10k_dataset/doc_g1091_rot0.jpg,0,0,10406423.tif,train
1091,/kaggle/working/real_text_10k_dataset/doc_g1091_rot90.jpg,1,90,10406423.tif,train
1091,/kaggle/working/real_text_10k_dataset/doc_g1091_rot180.jpg,2,180,10406423.tif,train
1091,/kaggle/working/real_text_10k_dataset/doc_g1091_rot270.jpg,3,270,10406423.tif,train
1092,/kaggle/working/real_text_10k_dataset/doc_g1092_rot0.jpg,0,0,04308181.tif,val
1092,/kaggle/working/real_text_10k_dataset/doc_g1092_rot90.jpg,1,90,04308181.tif,val
1092,/kaggle/working/real_text_10k_dataset/doc_g1092_rot180.jpg,2,180,04308181.tif,val
1092,/kaggle/working/real_text_10k_dataset/doc_g1092_rot270.jpg,3,270,04308181.tif,val
1093,/kaggle/working/real_text_10k_dataset/doc_g1093_rot0.jpg,0,0,2029114745.tif,train
1093,/kaggle/working/real_text_10k_dataset/doc_g1093_rot90.jpg,1,90,2029114745.tif,train
1093,/kaggle/working/real_text_10k_dataset/doc_g1093_rot180.jpg,2,180,2029114745.tif,train
1093,/kaggle/working/real_text_10k_dataset/doc_g1093_rot270.jpg,3,270,2029114745.tif,train
1094,/kaggle/working/real_text_10k_dataset/doc_g1094_rot0.jpg,0,0,2058031693.tif,train
1094,/kaggle/working/real_text_10k_dataset/doc_g1094_rot90.jpg,1,90,2058031693.tif,train
1094,/kaggle/working/real_text_10k_dataset/doc_g1094_rot180.jpg,2,180,2058031693.tif,train
1094,/kaggle/working/real_text_10k_dataset/doc_g1094_rot270.jpg,3,270,2058031693.tif,train
1095,/kaggle/working/real_text_10k_dataset/doc_g1095_rot0.jpg,0,0,50031293.tif,train
1095,/kaggle/working/real_text_10k_dataset/doc_g1095_rot90.jpg,1,90,50031293.tif,train
1095,/kaggle/working/real_text_10k_dataset/doc_g1095_rot180.jpg,2,180,50031293.tif,train
1095,/kaggle/working/real_text_10k_dataset/doc_g1095_rot270.jpg,3,270,50031293.tif,train
1096,/kaggle/working/real_text_10k_dataset/doc_g1096_rot0.jpg,0,0,2030961074.tif,train
1096,/kaggle/working/real_text_10k_dataset/doc_g1096_rot90.jpg,1,90,2030961074.tif,train
1096,/kaggle/working/real_text_10k_dataset/doc_g1096_rot180.jpg,2,180,2030961074.tif,train
1096,/kaggle/working/real_text_10k_dataset/doc_g1096_rot270.jpg,3,270,2030961074.tif,train
1097,/kaggle/working/real_text_10k_dataset/doc_g1097_rot0.jpg,0,0,517224617+-4617.tif,train
1097,/kaggle/working/real_text_10k_dataset/doc_g1097_rot90.jpg,1,90,517224617+-4617.tif,train
1097,/kaggle/working/real_text_10k_dataset/doc_g1097_rot180.jpg,2,180,517224617+-4617.tif,train
1097,/kaggle/working/real_text_10k_dataset/doc_g1097_rot270.jpg,3,270,517224617+-4617.tif,train
1098,/kaggle/working/real_text_10k_dataset/doc_g1098_rot0.jpg,0,0,2081522830_2856.tif,train
1098,/kaggle/working/real_text_10k_dataset/doc_g1098_rot90.jpg,1,90,2081522830_2856.tif,train
1098,/kaggle/working/real_text_10k_dataset/doc_g1098_rot180.jpg,2,180,2081522830_2856.tif,train
1098,/kaggle/working/real_text_10k_dataset/doc_g1098_rot270.jpg,3,270,2081522830_2856.tif,train
1099,/kaggle/working/real_text_10k_dataset/doc_g1099_rot0.jpg,0,0,87133523_3526.tif,train
1099,/kaggle/working/real_text_10k_dataset/doc_g1099_rot90.jpg,1,90,87133523_3526.tif,train
1099,/kaggle/working/real_text_10k_dataset/doc_g1099_rot180.jpg,2,180,87133523_3526.tif,train
1099,/kaggle/working/real_text_10k_dataset/doc_g1099_rot270.jpg,3,270,87133523_3526.tif,train
1100,/kaggle/working/real_text_10k_dataset/doc_g1100_rot0.jpg,0,0,91660740.tif,val
1100,/kaggle/working/real_text_10k_dataset/doc_g1100_rot90.jpg,1,90,91660740.tif,val
1100,/kaggle/working/real_text_10k_dataset/doc_g1100_rot180.jpg,2,180,91660740.tif,val
1100,/kaggle/working/real_text_10k_dataset/doc_g1100_rot270.jpg,3,270,91660740.tif,val
1101,/kaggle/working/real_text_10k_dataset/doc_g1101_rot0.jpg,0,0,2015047257.tif,test
1101,/kaggle/working/real_text_10k_dataset/doc_g1101_rot90.jpg,1,90,2015047257.tif,test
1101,/kaggle/working/real_text_10k_dataset/doc_g1101_rot180.jpg,2,180,2015047257.tif,test
1101,/kaggle/working/real_text_10k_dataset/doc_g1101_rot270.jpg,3,270,2015047257.tif,test
1102,/kaggle/working/real_text_10k_dataset/doc_g1102_rot0.jpg,0,0,091.jpg,train
1102,/kaggle/working/real_text_10k_dataset/doc_g1102_rot90.jpg,1,90,091.jpg,train
1102,/kaggle/working/real_text_10k_dataset/doc_g1102_rot180.jpg,2,180,091.jpg,train
1102,/kaggle/working/real_text_10k_dataset/doc_g1102_rot270.jpg,3,270,091.jpg,train
1103,/kaggle/working/real_text_10k_dataset/doc_g1103_rot0.jpg,0,0,2074027720.tif,test
1103,/kaggle/working/real_text_10k_dataset/doc_g1103_rot90.jpg,1,90,2074027720.tif,test
1103,/kaggle/working/real_text_10k_dataset/doc_g1103_rot180.jpg,2,180,2074027720.tif,test
1103,/kaggle/working/real_text_10k_dataset/doc_g1103_rot270.jpg,3,270,2074027720.tif,test
1104,/kaggle/working/real_text_10k_dataset/doc_g1104_rot0.jpg,0,0,2071175121_5124.tif,train
1104,/kaggle/working/real_text_10k_dataset/doc_g1104_rot90.jpg,1,90,2071175121_5124.tif,train
1104,/kaggle/working/real_text_10k_dataset/doc_g1104_rot180.jpg,2,180,2071175121_5124.tif,train
1104,/kaggle/working/real_text_10k_dataset/doc_g1104_rot270.jpg,3,270,2071175121_5124.tif,train
1105,/kaggle/working/real_text_10k_dataset/doc_g1105_rot0.jpg,0,0,2056347400.tif,train
1105,/kaggle/working/real_text_10k_dataset/doc_g1105_rot90.jpg,1,90,2056347400.tif,train
1105,/kaggle/working/real_text_10k_dataset/doc_g1105_rot180.jpg,2,180,2056347400.tif,train
1105,/kaggle/working/real_text_10k_dataset/doc_g1105_rot270.jpg,3,270,2056347400.tif,train
1106,/kaggle/working/real_text_10k_dataset/doc_g1106_rot0.jpg,0,0,60014674_60014684.tif,train
1106,/kaggle/working/real_text_10k_dataset/doc_g1106_rot90.jpg,1,90,60014674_60014684.tif,train
1106,/kaggle/working/real_text_10k_dataset/doc_g1106_rot180.jpg,2,180,60014674_60014684.tif,train
1106,/kaggle/working/real_text_10k_dataset/doc_g1106_rot270.jpg,3,270,60014674_60014684.tif,train
1107,/kaggle/working/real_text_10k_dataset/doc_g1107_rot0.jpg,0,0,2083251571.tif,train
1107,/kaggle/working/real_text_10k_dataset/doc_g1107_rot90.jpg,1,90,2083251571.tif,train
1107,/kaggle/working/real_text_10k_dataset/doc_g1107_rot180.jpg,2,180,2083251571.tif,train
1107,/kaggle/working/real_text_10k_dataset/doc_g1107_rot270.jpg,3,270,2083251571.tif,train
1108,/kaggle/working/real_text_10k_dataset/doc_g1108_rot0.jpg,0,0,2500041399.tif,train
1108,/kaggle/working/real_text_10k_dataset/doc_g1108_rot90.jpg,1,90,2500041399.tif,train
1108,/kaggle/working/real_text_10k_dataset/doc_g1108_rot180.jpg,2,180,2500041399.tif,train
1108,/kaggle/working/real_text_10k_dataset/doc_g1108_rot270.jpg,3,270,2500041399.tif,train
1109,/kaggle/working/real_text_10k_dataset/doc_g1109_rot0.jpg,0,0,50406766-6767.tif,train
1109,/kaggle/working/real_text_10k_dataset/doc_g1109_rot90.jpg,1,90,50406766-6767.tif,train
1109,/kaggle/working/real_text_10k_dataset/doc_g1109_rot180.jpg,2,180,50406766-6767.tif,train
1109,/kaggle/working/real_text_10k_dataset/doc_g1109_rot270.jpg,3,270,50406766-6767.tif,train
1110,/kaggle/working/real_text_10k_dataset/doc_g1110_rot0.jpg,0,0,2505156655.tif,train
1110,/kaggle/working/real_text_10k_dataset/doc_g1110_rot90.jpg,1,90,2505156655.tif,train
1110,/kaggle/working/real_text_10k_dataset/doc_g1110_rot180.jpg,2,180,2505156655.tif,train
1110,/kaggle/working/real_text_10k_dataset/doc_g1110_rot270.jpg,3,270,2505156655.tif,train
1111,/kaggle/working/real_text_10k_dataset/doc_g1111_rot0.jpg,0,0,50566041-6041.tif,train
1111,/kaggle/working/real_text_10k_dataset/doc_g1111_rot90.jpg,1,90,50566041-6041.tif,train
1111,/kaggle/working/real_text_10k_dataset/doc_g1111_rot180.jpg,2,180,50566041-6041.tif,train
1111,/kaggle/working/real_text_10k_dataset/doc_g1111_rot270.jpg,3,270,50566041-6041.tif,train
1112,/kaggle/working/real_text_10k_dataset/doc_g1112_rot0.jpg,0,0,0012946581.tif,train
1112,/kaggle/working/real_text_10k_dataset/doc_g1112_rot90.jpg,1,90,0012946581.tif,train
1112,/kaggle/working/real_text_10k_dataset/doc_g1112_rot180.jpg,2,180,0012946581.tif,train
1112,/kaggle/working/real_text_10k_dataset/doc_g1112_rot270.jpg,3,270,0012946581.tif,train
1113,/kaggle/working/real_text_10k_dataset/doc_g1113_rot0.jpg,0,0,50476805-6806.tif,train
1113,/kaggle/working/real_text_10k_dataset/doc_g1113_rot90.jpg,1,90,50476805-6806.tif,train
1113,/kaggle/working/real_text_10k_dataset/doc_g1113_rot180.jpg,2,180,50476805-6806.tif,train
1113,/kaggle/working/real_text_10k_dataset/doc_g1113_rot270.jpg,3,270,50476805-6806.tif,train
1114,/kaggle/working/real_text_10k_dataset/doc_g1114_rot0.jpg,0,0,0060095408.tif,val
1114,/kaggle/working/real_text_10k_dataset/doc_g1114_rot90.jpg,1,90,0060095408.tif,val
1114,/kaggle/working/real_text_10k_dataset/doc_g1114_rot180.jpg,2,180,0060095408.tif,val
1114,/kaggle/working/real_text_10k_dataset/doc_g1114_rot270.jpg,3,270,0060095408.tif,val
1115,/kaggle/working/real_text_10k_dataset/doc_g1115_rot0.jpg,0,0,0001223123.tif,val
1115,/kaggle/working/real_text_10k_dataset/doc_g1115_rot90.jpg,1,90,0001223123.tif,val
1115,/kaggle/working/real_text_10k_dataset/doc_g1115_rot180.jpg,2,180,0001223123.tif,val
1115,/kaggle/working/real_text_10k_dataset/doc_g1115_rot270.jpg,3,270,0001223123.tif,val
1116,/kaggle/working/real_text_10k_dataset/doc_g1116_rot0.jpg,0,0,125.jpg,train
1116,/kaggle/working/real_text_10k_dataset/doc_g1116_rot90.jpg,1,90,125.jpg,train
1116,/kaggle/working/real_text_10k_dataset/doc_g1116_rot180.jpg,2,180,125.jpg,train
1116,/kaggle/working/real_text_10k_dataset/doc_g1116_rot270.jpg,3,270,125.jpg,train
1117,/kaggle/working/real_text_10k_dataset/doc_g1117_rot0.jpg,0,0,X51005568892.jpg,train
1117,/kaggle/working/real_text_10k_dataset/doc_g1117_rot90.jpg,1,90,X51005568892.jpg,train
1117,/kaggle/working/real_text_10k_dataset/doc_g1117_rot180.jpg,2,180,X51005568892.jpg,train
1117,/kaggle/working/real_text_10k_dataset/doc_g1117_rot270.jpg,3,270,X51005568892.jpg,train
1118,/kaggle/working/real_text_10k_dataset/doc_g1118_rot0.jpg,0,0,505888965.tif,train
1118,/kaggle/working/real_text_10k_dataset/doc_g1118_rot90.jpg,1,90,505888965.tif,train
1118,/kaggle/working/real_text_10k_dataset/doc_g1118_rot180.jpg,2,180,505888965.tif,train
1118,/kaggle/working/real_text_10k_dataset/doc_g1118_rot270.jpg,3,270,505888965.tif,train
1119,/kaggle/working/real_text_10k_dataset/doc_g1119_rot0.jpg,0,0,0000064049.tif,train
1119,/kaggle/working/real_text_10k_dataset/doc_g1119_rot90.jpg,1,90,0000064049.tif,train
1119,/kaggle/working/real_text_10k_dataset/doc_g1119_rot180.jpg,2,180,0000064049.tif,train
1119,/kaggle/working/real_text_10k_dataset/doc_g1119_rot270.jpg,3,270,0000064049.tif,train
1120,/kaggle/working/real_text_10k_dataset/doc_g1120_rot0.jpg,0,0,2078189887_9893.tif,train
1120,/kaggle/working/real_text_10k_dataset/doc_g1120_rot90.jpg,1,90,2078189887_9893.tif,train
1120,/kaggle/working/real_text_10k_dataset/doc_g1120_rot180.jpg,2,180,2078189887_9893.tif,train
1120,/kaggle/working/real_text_10k_dataset/doc_g1120_rot270.jpg,3,270,2078189887_9893.tif,train
1121,/kaggle/working/real_text_10k_dataset/doc_g1121_rot0.jpg,0,0,2084409089_9092.tif,train
1121,/kaggle/working/real_text_10k_dataset/doc_g1121_rot90.jpg,1,90,2084409089_9092.tif,train
1121,/kaggle/working/real_text_10k_dataset/doc_g1121_rot180.jpg,2,180,2084409089_9092.tif,train
1121,/kaggle/working/real_text_10k_dataset/doc_g1121_rot270.jpg,3,270,2084409089_9092.tif,train
1122,/kaggle/working/real_text_10k_dataset/doc_g1122_rot0.jpg,0,0,1005149900_1005149901.tif,val
1122,/kaggle/working/real_text_10k_dataset/doc_g1122_rot90.jpg,1,90,1005149900_1005149901.tif,val
1122,/kaggle/working/real_text_10k_dataset/doc_g1122_rot180.jpg,2,180,1005149900_1005149901.tif,val
1122,/kaggle/working/real_text_10k_dataset/doc_g1122_rot270.jpg,3,270,1005149900_1005149901.tif,val
1123,/kaggle/working/real_text_10k_dataset/doc_g1123_rot0.jpg,0,0,50252359-2360.tif,train
1123,/kaggle/working/real_text_10k_dataset/doc_g1123_rot90.jpg,1,90,50252359-2360.tif,train
1123,/kaggle/working/real_text_10k_dataset/doc_g1123_rot180.jpg,2,180,50252359-2360.tif,train
1123,/kaggle/working/real_text_10k_dataset/doc_g1123_rot270.jpg,3,270,50252359-2360.tif,train
1124,/kaggle/working/real_text_10k_dataset/doc_g1124_rot0.jpg,0,0,2050888247.tif,train
1124,/kaggle/working/real_text_10k_dataset/doc_g1124_rot90.jpg,1,90,2050888247.tif,train
1124,/kaggle/working/real_text_10k_dataset/doc_g1124_rot180.jpg,2,180,2050888247.tif,train
1124,/kaggle/working/real_text_10k_dataset/doc_g1124_rot270.jpg,3,270,2050888247.tif,train
1125,/kaggle/working/real_text_10k_dataset/doc_g1125_rot0.jpg,0,0,503222666_503222671.tif,train
1125,/kaggle/working/real_text_10k_dataset/doc_g1125_rot90.jpg,1,90,503222666_503222671.tif,train
1125,/kaggle/working/real_text_10k_dataset/doc_g1125_rot180.jpg,2,180,503222666_503222671.tif,train
1125,/kaggle/working/real_text_10k_dataset/doc_g1125_rot270.jpg,3,270,503222666_503222671.tif,train
1126,/kaggle/working/real_text_10k_dataset/doc_g1126_rot0.jpg,0,0,0060203594.tif,val
1126,/kaggle/working/real_text_10k_dataset/doc_g1126_rot90.jpg,1,90,0060203594.tif,val
1126,/kaggle/working/real_text_10k_dataset/doc_g1126_rot180.jpg,2,180,0060203594.tif,val
1126,/kaggle/working/real_text_10k_dataset/doc_g1126_rot270.jpg,3,270,0060203594.tif,val
1127,/kaggle/working/real_text_10k_dataset/doc_g1127_rot0.jpg,0,0,2083790741.tif,train
1127,/kaggle/working/real_text_10k_dataset/doc_g1127_rot90.jpg,1,90,2083790741.tif,train
1127,/kaggle/working/real_text_10k_dataset/doc_g1127_rot180.jpg,2,180,2083790741.tif,train
1127,/kaggle/working/real_text_10k_dataset/doc_g1127_rot270.jpg,3,270,2083790741.tif,train
1128,/kaggle/working/real_text_10k_dataset/doc_g1128_rot0.jpg,0,0,0000944316.tif,train
1128,/kaggle/working/real_text_10k_dataset/doc_g1128_rot90.jpg,1,90,0000944316.tif,train
1128,/kaggle/working/real_text_10k_dataset/doc_g1128_rot180.jpg,2,180,0000944316.tif,train
1128,/kaggle/working/real_text_10k_dataset/doc_g1128_rot270.jpg,3,270,0000944316.tif,train
1129,/kaggle/working/real_text_10k_dataset/doc_g1129_rot0.jpg,0,0,tcal0315315.tif,val
1129,/kaggle/working/real_text_10k_dataset/doc_g1129_rot90.jpg,1,90,tcal0315315.tif,val
1129,/kaggle/working/real_text_10k_dataset/doc_g1129_rot180.jpg,2,180,tcal0315315.tif,val
1129,/kaggle/working/real_text_10k_dataset/doc_g1129_rot270.jpg,3,270,tcal0315315.tif,val
1130,/kaggle/working/real_text_10k_dataset/doc_g1130_rot0.jpg,0,0,1005035773.tif,train
1130,/kaggle/working/real_text_10k_dataset/doc_g1130_rot90.jpg,1,90,1005035773.tif,train
1130,/kaggle/working/real_text_10k_dataset/doc_g1130_rot180.jpg,2,180,1005035773.tif,train
1130,/kaggle/working/real_text_10k_dataset/doc_g1130_rot270.jpg,3,270,1005035773.tif,train
1131,/kaggle/working/real_text_10k_dataset/doc_g1131_rot0.jpg,0,0,507022510_507022512.tif,train
1131,/kaggle/working/real_text_10k_dataset/doc_g1131_rot90.jpg,1,90,507022510_507022512.tif,train
1131,/kaggle/working/real_text_10k_dataset/doc_g1131_rot180.jpg,2,180,507022510_507022512.tif,train
1131,/kaggle/working/real_text_10k_dataset/doc_g1131_rot270.jpg,3,270,507022510_507022512.tif,train
1132,/kaggle/working/real_text_10k_dataset/doc_g1132_rot0.jpg,0,0,94604910_94604911.tif,val
1132,/kaggle/working/real_text_10k_dataset/doc_g1132_rot90.jpg,1,90,94604910_94604911.tif,val
1132,/kaggle/working/real_text_10k_dataset/doc_g1132_rot180.jpg,2,180,94604910_94604911.tif,val
1132,/kaggle/working/real_text_10k_dataset/doc_g1132_rot270.jpg,3,270,94604910_94604911.tif,val
1133,/kaggle/working/real_text_10k_dataset/doc_g1133_rot0.jpg,0,0,2022819526.tif,train
1133,/kaggle/working/real_text_10k_dataset/doc_g1133_rot90.jpg,1,90,2022819526.tif,train
1133,/kaggle/working/real_text_10k_dataset/doc_g1133_rot180.jpg,2,180,2022819526.tif,train
1133,/kaggle/working/real_text_10k_dataset/doc_g1133_rot270.jpg,3,270,2022819526.tif,train
1134,/kaggle/working/real_text_10k_dataset/doc_g1134_rot0.jpg,0,0,522754528+-4529.tif,test
1134,/kaggle/working/real_text_10k_dataset/doc_g1134_rot90.jpg,1,90,522754528+-4529.tif,test
1134,/kaggle/working/real_text_10k_dataset/doc_g1134_rot180.jpg,2,180,522754528+-4529.tif,test
1134,/kaggle/working/real_text_10k_dataset/doc_g1134_rot270.jpg,3,270,522754528+-4529.tif,test
1135,/kaggle/working/real_text_10k_dataset/doc_g1135_rot0.jpg,0,0,2028699251.tif,train
1135,/kaggle/working/real_text_10k_dataset/doc_g1135_rot90.jpg,1,90,2028699251.tif,train
1135,/kaggle/working/real_text_10k_dataset/doc_g1135_rot180.jpg,2,180,2028699251.tif,train
1135,/kaggle/working/real_text_10k_dataset/doc_g1135_rot270.jpg,3,270,2028699251.tif,train
1136,/kaggle/working/real_text_10k_dataset/doc_g1136_rot0.jpg,0,0,2083647800b.tif,train
1136,/kaggle/working/real_text_10k_dataset/doc_g1136_rot90.jpg,1,90,2083647800b.tif,train
1136,/kaggle/working/real_text_10k_dataset/doc_g1136_rot180.jpg,2,180,2083647800b.tif,train
1136,/kaggle/working/real_text_10k_dataset/doc_g1136_rot270.jpg,3,270,2083647800b.tif,train
1137,/kaggle/working/real_text_10k_dataset/doc_g1137_rot0.jpg,0,0,tnwl0025806.tif,train
1137,/kaggle/working/real_text_10k_dataset/doc_g1137_rot90.jpg,1,90,tnwl0025806.tif,train
1137,/kaggle/working/real_text_10k_dataset/doc_g1137_rot180.jpg,2,180,tnwl0025806.tif,train
1137,/kaggle/working/real_text_10k_dataset/doc_g1137_rot270.jpg,3,270,tnwl0025806.tif,train
1138,/kaggle/working/real_text_10k_dataset/doc_g1138_rot0.jpg,0,0,2505394641_4648.tif,test
1138,/kaggle/working/real_text_10k_dataset/doc_g1138_rot90.jpg,1,90,2505394641_4648.tif,test
1138,/kaggle/working/real_text_10k_dataset/doc_g1138_rot180.jpg,2,180,2505394641_4648.tif,test
1138,/kaggle/working/real_text_10k_dataset/doc_g1138_rot270.jpg,3,270,2505394641_4648.tif,test
1139,/kaggle/working/real_text_10k_dataset/doc_g1139_rot0.jpg,0,0,50449913-9915.tif,train
1139,/kaggle/working/real_text_10k_dataset/doc_g1139_rot90.jpg,1,90,50449913-9915.tif,train
1139,/kaggle/working/real_text_10k_dataset/doc_g1139_rot180.jpg,2,180,50449913-9915.tif,train
1139,/kaggle/working/real_text_10k_dataset/doc_g1139_rot270.jpg,3,270,50449913-9915.tif,train
1140,/kaggle/working/real_text_10k_dataset/doc_g1140_rot0.jpg,0,0,11063574_11063584.tif,train
1140,/kaggle/working/real_text_10k_dataset/doc_g1140_rot90.jpg,1,90,11063574_11063584.tif,train
1140,/kaggle/working/real_text_10k_dataset/doc_g1140_rot180.jpg,2,180,11063574_11063584.tif,train
1140,/kaggle/working/real_text_10k_dataset/doc_g1140_rot270.jpg,3,270,11063574_11063584.tif,train
1141,/kaggle/working/real_text_10k_dataset/doc_g1141_rot0.jpg,0,0,505950171+-0173.tif,train
1141,/kaggle/working/real_text_10k_dataset/doc_g1141_rot90.jpg,1,90,505950171+-0173.tif,train
1141,/kaggle/working/real_text_10k_dataset/doc_g1141_rot180.jpg,2,180,505950171+-0173.tif,train
1141,/kaggle/working/real_text_10k_dataset/doc_g1141_rot270.jpg,3,270,505950171+-0173.tif,train
1142,/kaggle/working/real_text_10k_dataset/doc_g1142_rot0.jpg,0,0,50548483-8484.tif,train
1142,/kaggle/working/real_text_10k_dataset/doc_g1142_rot90.jpg,1,90,50548483-8484.tif,train
1142,/kaggle/working/real_text_10k_dataset/doc_g1142_rot180.jpg,2,180,50548483-8484.tif,train
1142,/kaggle/working/real_text_10k_dataset/doc_g1142_rot270.jpg,3,270,50548483-8484.tif,train
1143,/kaggle/working/real_text_10k_dataset/doc_g1143_rot0.jpg,0,0,522933226+-3227.tif,train
1143,/kaggle/working/real_text_10k_dataset/doc_g1143_rot90.jpg,1,90,522933226+-3227.tif,train
1143,/kaggle/working/real_text_10k_dataset/doc_g1143_rot180.jpg,2,180,522933226+-3227.tif,train
1143,/kaggle/working/real_text_10k_dataset/doc_g1143_rot270.jpg,3,270,522933226+-3227.tif,train
1144,/kaggle/working/real_text_10k_dataset/doc_g1144_rot0.jpg,0,0,receipt_00787.png,train
1144,/kaggle/working/real_text_10k_dataset/doc_g1144_rot90.jpg,1,90,receipt_00787.png,train
1144,/kaggle/working/real_text_10k_dataset/doc_g1144_rot180.jpg,2,180,receipt_00787.png,train
1144,/kaggle/working/real_text_10k_dataset/doc_g1144_rot270.jpg,3,270,receipt_00787.png,train
1145,/kaggle/working/real_text_10k_dataset/doc_g1145_rot0.jpg,0,0,50614872-4873.tif,train
1145,/kaggle/working/real_text_10k_dataset/doc_g1145_rot90.jpg,1,90,50614872-4873.tif,train
1145,/kaggle/working/real_text_10k_dataset/doc_g1145_rot180.jpg,2,180,50614872-4873.tif,train
1145,/kaggle/working/real_text_10k_dataset/doc_g1145_rot270.jpg,3,270,50614872-4873.tif,train
1146,/kaggle/working/real_text_10k_dataset/doc_g1146_rot0.jpg,0,0,2072005515_5516.tif,train
1146,/kaggle/working/real_text_10k_dataset/doc_g1146_rot90.jpg,1,90,2072005515_5516.tif,train
1146,/kaggle/working/real_text_10k_dataset/doc_g1146_rot180.jpg,2,180,2072005515_5516.tif,train
1146,/kaggle/working/real_text_10k_dataset/doc_g1146_rot270.jpg,3,270,2072005515_5516.tif,train
1147,/kaggle/working/real_text_10k_dataset/doc_g1147_rot0.jpg,0,0,81857919.tif,train
1147,/kaggle/working/real_text_10k_dataset/doc_g1147_rot90.jpg,1,90,81857919.tif,train
1147,/kaggle/working/real_text_10k_dataset/doc_g1147_rot180.jpg,2,180,81857919.tif,train
1147,/kaggle/working/real_text_10k_dataset/doc_g1147_rot270.jpg,3,270,81857919.tif,train
1148,/kaggle/working/real_text_10k_dataset/doc_g1148_rot0.jpg,0,0,ton04808.46.tif,train
1148,/kaggle/working/real_text_10k_dataset/doc_g1148_rot90.jpg,1,90,ton04808.46.tif,train
1148,/kaggle/working/real_text_10k_dataset/doc_g1148_rot180.jpg,2,180,ton04808.46.tif,train
1148,/kaggle/working/real_text_10k_dataset/doc_g1148_rot270.jpg,3,270,ton04808.46.tif,train
1149,/kaggle/working/real_text_10k_dataset/doc_g1149_rot0.jpg,0,0,2069719507.tif,train
1149,/kaggle/working/real_text_10k_dataset/doc_g1149_rot90.jpg,1,90,2069719507.tif,train
1149,/kaggle/working/real_text_10k_dataset/doc_g1149_rot180.jpg,2,180,2069719507.tif,train
1149,/kaggle/working/real_text_10k_dataset/doc_g1149_rot270.jpg,3,270,2069719507.tif,train
1150,/kaggle/working/real_text_10k_dataset/doc_g1150_rot0.jpg,0,0,40009194-9195.tif,train
1150,/kaggle/working/real_text_10k_dataset/doc_g1150_rot90.jpg,1,90,40009194-9195.tif,train
1150,/kaggle/working/real_text_10k_dataset/doc_g1150_rot180.jpg,2,180,40009194-9195.tif,train
1150,/kaggle/working/real_text_10k_dataset/doc_g1150_rot270.jpg,3,270,40009194-9195.tif,train
1151,/kaggle/working/real_text_10k_dataset/doc_g1151_rot0.jpg,0,0,2040449052.tif,train
1151,/kaggle/working/real_text_10k_dataset/doc_g1151_rot90.jpg,1,90,2040449052.tif,train
1151,/kaggle/working/real_text_10k_dataset/doc_g1151_rot180.jpg,2,180,2040449052.tif,train
1151,/kaggle/working/real_text_10k_dataset/doc_g1151_rot270.jpg,3,270,2040449052.tif,train
1152,/kaggle/working/real_text_10k_dataset/doc_g1152_rot0.jpg,0,0,2040800633.tif,val
1152,/kaggle/working/real_text_10k_dataset/doc_g1152_rot90.jpg,1,90,2040800633.tif,val
1152,/kaggle/working/real_text_10k_dataset/doc_g1152_rot180.jpg,2,180,2040800633.tif,val
1152,/kaggle/working/real_text_10k_dataset/doc_g1152_rot270.jpg,3,270,2040800633.tif,val
1153,/kaggle/working/real_text_10k_dataset/doc_g1153_rot0.jpg,0,0,2063743719_3722.tif,train
1153,/kaggle/working/real_text_10k_dataset/doc_g1153_rot90.jpg,1,90,2063743719_3722.tif,train
1153,/kaggle/working/real_text_10k_dataset/doc_g1153_rot180.jpg,2,180,2063743719_3722.tif,train
1153,/kaggle/working/real_text_10k_dataset/doc_g1153_rot270.jpg,3,270,2063743719_3722.tif,train
1154,/kaggle/working/real_text_10k_dataset/doc_g1154_rot0.jpg,0,0,87496029.tif,train
1154,/kaggle/working/real_text_10k_dataset/doc_g1154_rot90.jpg,1,90,87496029.tif,train
1154,/kaggle/working/real_text_10k_dataset/doc_g1154_rot180.jpg,2,180,87496029.tif,train
1154,/kaggle/working/real_text_10k_dataset/doc_g1154_rot270.jpg,3,270,87496029.tif,train
1155,/kaggle/working/real_text_10k_dataset/doc_g1155_rot0.jpg,0,0,1002620047-a.tif,train
1155,/kaggle/working/real_text_10k_dataset/doc_g1155_rot90.jpg,1,90,1002620047-a.tif,train
1155,/kaggle/working/real_text_10k_dataset/doc_g1155_rot180.jpg,2,180,1002620047-a.tif,train
1155,/kaggle/working/real_text_10k_dataset/doc_g1155_rot270.jpg,3,270,1002620047-a.tif,train
1156,/kaggle/working/real_text_10k_dataset/doc_g1156_rot0.jpg,0,0,519497674+-7682.tif,train
1156,/kaggle/working/real_text_10k_dataset/doc_g1156_rot90.jpg,1,90,519497674+-7682.tif,train
1156,/kaggle/working/real_text_10k_dataset/doc_g1156_rot180.jpg,2,180,519497674+-7682.tif,train
1156,/kaggle/working/real_text_10k_dataset/doc_g1156_rot270.jpg,3,270,519497674+-7682.tif,train
1157,/kaggle/working/real_text_10k_dataset/doc_g1157_rot0.jpg,0,0,50551675-1675.tif,train
1157,/kaggle/working/real_text_10k_dataset/doc_g1157_rot90.jpg,1,90,50551675-1675.tif,train
1157,/kaggle/working/real_text_10k_dataset/doc_g1157_rot180.jpg,2,180,50551675-1675.tif,train
1157,/kaggle/working/real_text_10k_dataset/doc_g1157_rot270.jpg,3,270,50551675-1675.tif,train
1158,/kaggle/working/real_text_10k_dataset/doc_g1158_rot0.jpg,0,0,2083723530_3541.tif,train
1158,/kaggle/working/real_text_10k_dataset/doc_g1158_rot90.jpg,1,90,2083723530_3541.tif,train
1158,/kaggle/working/real_text_10k_dataset/doc_g1158_rot180.jpg,2,180,2083723530_3541.tif,train
1158,/kaggle/working/real_text_10k_dataset/doc_g1158_rot270.jpg,3,270,2083723530_3541.tif,train
1159,/kaggle/working/real_text_10k_dataset/doc_g1159_rot0.jpg,0,0,96310720.tif,train
1159,/kaggle/working/real_text_10k_dataset/doc_g1159_rot90.jpg,1,90,96310720.tif,train
1159,/kaggle/working/real_text_10k_dataset/doc_g1159_rot180.jpg,2,180,96310720.tif,train
1159,/kaggle/working/real_text_10k_dataset/doc_g1159_rot270.jpg,3,270,96310720.tif,train
1160,/kaggle/working/real_text_10k_dataset/doc_g1160_rot0.jpg,0,0,2045079004.tif,train
1160,/kaggle/working/real_text_10k_dataset/doc_g1160_rot90.jpg,1,90,2045079004.tif,train
1160,/kaggle/working/real_text_10k_dataset/doc_g1160_rot180.jpg,2,180,2045079004.tif,train
1160,/kaggle/working/real_text_10k_dataset/doc_g1160_rot270.jpg,3,270,2045079004.tif,train
1161,/kaggle/working/real_text_10k_dataset/doc_g1161_rot0.jpg,0,0,91554352.tif,train
1161,/kaggle/working/real_text_10k_dataset/doc_g1161_rot90.jpg,1,90,91554352.tif,train
1161,/kaggle/working/real_text_10k_dataset/doc_g1161_rot180.jpg,2,180,91554352.tif,train
1161,/kaggle/working/real_text_10k_dataset/doc_g1161_rot270.jpg,3,270,91554352.tif,train
1162,/kaggle/working/real_text_10k_dataset/doc_g1162_rot0.jpg,0,0,87113664.tif,val
1162,/kaggle/working/real_text_10k_dataset/doc_g1162_rot90.jpg,1,90,87113664.tif,val
1162,/kaggle/working/real_text_10k_dataset/doc_g1162_rot180.jpg,2,180,87113664.tif,val
1162,/kaggle/working/real_text_10k_dataset/doc_g1162_rot270.jpg,3,270,87113664.tif,val
1163,/kaggle/working/real_text_10k_dataset/doc_g1163_rot0.jpg,0,0,2505416252_6253.tif,train
1163,/kaggle/working/real_text_10k_dataset/doc_g1163_rot90.jpg,1,90,2505416252_6253.tif,train
1163,/kaggle/working/real_text_10k_dataset/doc_g1163_rot180.jpg,2,180,2505416252_6253.tif,train
1163,/kaggle/working/real_text_10k_dataset/doc_g1163_rot270.jpg,3,270,2505416252_6253.tif,train
1164,/kaggle/working/real_text_10k_dataset/doc_g1164_rot0.jpg,0,0,82611855.tif,train
1164,/kaggle/working/real_text_10k_dataset/doc_g1164_rot90.jpg,1,90,82611855.tif,train
1164,/kaggle/working/real_text_10k_dataset/doc_g1164_rot180.jpg,2,180,82611855.tif,train
1164,/kaggle/working/real_text_10k_dataset/doc_g1164_rot270.jpg,3,270,82611855.tif,train
1165,/kaggle/working/real_text_10k_dataset/doc_g1165_rot0.jpg,0,0,2085781380.tif,train
1165,/kaggle/working/real_text_10k_dataset/doc_g1165_rot90.jpg,1,90,2085781380.tif,train
1165,/kaggle/working/real_text_10k_dataset/doc_g1165_rot180.jpg,2,180,2085781380.tif,train
1165,/kaggle/working/real_text_10k_dataset/doc_g1165_rot270.jpg,3,270,2085781380.tif,train
1166,/kaggle/working/real_text_10k_dataset/doc_g1166_rot0.jpg,0,0,2063680006.tif,val
1166,/kaggle/working/real_text_10k_dataset/doc_g1166_rot90.jpg,1,90,2063680006.tif,val
1166,/kaggle/working/real_text_10k_dataset/doc_g1166_rot180.jpg,2,180,2063680006.tif,val
1166,/kaggle/working/real_text_10k_dataset/doc_g1166_rot270.jpg,3,270,2063680006.tif,val
1167,/kaggle/working/real_text_10k_dataset/doc_g1167_rot0.jpg,0,0,2085213140.tif,train
1167,/kaggle/working/real_text_10k_dataset/doc_g1167_rot90.jpg,1,90,2085213140.tif,train
1167,/kaggle/working/real_text_10k_dataset/doc_g1167_rot180.jpg,2,180,2085213140.tif,train
1167,/kaggle/working/real_text_10k_dataset/doc_g1167_rot270.jpg,3,270,2085213140.tif,train
1168,/kaggle/working/real_text_10k_dataset/doc_g1168_rot0.jpg,0,0,0000326502.tif,train
1168,/kaggle/working/real_text_10k_dataset/doc_g1168_rot90.jpg,1,90,0000326502.tif,train
1168,/kaggle/working/real_text_10k_dataset/doc_g1168_rot180.jpg,2,180,0000326502.tif,train
1168,/kaggle/working/real_text_10k_dataset/doc_g1168_rot270.jpg,3,270,0000326502.tif,train
1169,/kaggle/working/real_text_10k_dataset/doc_g1169_rot0.jpg,0,0,2021329366_2021329371.tif,train
1169,/kaggle/working/real_text_10k_dataset/doc_g1169_rot90.jpg,1,90,2021329366_2021329371.tif,train
1169,/kaggle/working/real_text_10k_dataset/doc_g1169_rot180.jpg,2,180,2021329366_2021329371.tif,train
1169,/kaggle/working/real_text_10k_dataset/doc_g1169_rot270.jpg,3,270,2021329366_2021329371.tif,train
1170,/kaggle/working/real_text_10k_dataset/doc_g1170_rot0.jpg,0,0,325.jpg,train
1170,/kaggle/working/real_text_10k_dataset/doc_g1170_rot90.jpg,1,90,325.jpg,train
1170,/kaggle/working/real_text_10k_dataset/doc_g1170_rot180.jpg,2,180,325.jpg,train
1170,/kaggle/working/real_text_10k_dataset/doc_g1170_rot270.jpg,3,270,325.jpg,train
1171,/kaggle/working/real_text_10k_dataset/doc_g1171_rot0.jpg,0,0,10419653_10419654.tif,test
1171,/kaggle/working/real_text_10k_dataset/doc_g1171_rot90.jpg,1,90,10419653_10419654.tif,test
1171,/kaggle/working/real_text_10k_dataset/doc_g1171_rot180.jpg,2,180,10419653_10419654.tif,test
1171,/kaggle/working/real_text_10k_dataset/doc_g1171_rot270.jpg,3,270,10419653_10419654.tif,test
1172,/kaggle/working/real_text_10k_dataset/doc_g1172_rot0.jpg,0,0,tob02006.68.tif,train
1172,/kaggle/working/real_text_10k_dataset/doc_g1172_rot90.jpg,1,90,tob02006.68.tif,train
1172,/kaggle/working/real_text_10k_dataset/doc_g1172_rot180.jpg,2,180,tob02006.68.tif,train
1172,/kaggle/working/real_text_10k_dataset/doc_g1172_rot270.jpg,3,270,tob02006.68.tif,train
1173,/kaggle/working/real_text_10k_dataset/doc_g1173_rot0.jpg,0,0,524066154+-6156.tif,train
1173,/kaggle/working/real_text_10k_dataset/doc_g1173_rot90.jpg,1,90,524066154+-6156.tif,train
1173,/kaggle/working/real_text_10k_dataset/doc_g1173_rot180.jpg,2,180,524066154+-6156.tif,train
1173,/kaggle/working/real_text_10k_dataset/doc_g1173_rot270.jpg,3,270,524066154+-6156.tif,train
1174,/kaggle/working/real_text_10k_dataset/doc_g1174_rot0.jpg,0,0,receipt_00675.png,val
1174,/kaggle/working/real_text_10k_dataset/doc_g1174_rot90.jpg,1,90,receipt_00675.png,val
1174,/kaggle/working/real_text_10k_dataset/doc_g1174_rot180.jpg,2,180,receipt_00675.png,val
1174,/kaggle/working/real_text_10k_dataset/doc_g1174_rot270.jpg,3,270,receipt_00675.png,val
1175,/kaggle/working/real_text_10k_dataset/doc_g1175_rot0.jpg,0,0,X51006438346.jpg,train
1175,/kaggle/working/real_text_10k_dataset/doc_g1175_rot90.jpg,1,90,X51006438346.jpg,train
1175,/kaggle/working/real_text_10k_dataset/doc_g1175_rot180.jpg,2,180,X51006438346.jpg,train
1175,/kaggle/working/real_text_10k_dataset/doc_g1175_rot270.jpg,3,270,X51006438346.jpg,train
1176,/kaggle/working/real_text_10k_dataset/doc_g1176_rot0.jpg,0,0,2072655209.tif,train
1176,/kaggle/working/real_text_10k_dataset/doc_g1176_rot90.jpg,1,90,2072655209.tif,train
1176,/kaggle/working/real_text_10k_dataset/doc_g1176_rot180.jpg,2,180,2072655209.tif,train
1176,/kaggle/working/real_text_10k_dataset/doc_g1176_rot270.jpg,3,270,2072655209.tif,train
1177,/kaggle/working/real_text_10k_dataset/doc_g1177_rot0.jpg,0,0,88131766.tif,train
1177,/kaggle/working/real_text_10k_dataset/doc_g1177_rot90.jpg,1,90,88131766.tif,train
1177,/kaggle/working/real_text_10k_dataset/doc_g1177_rot180.jpg,2,180,88131766.tif,train
1177,/kaggle/working/real_text_10k_dataset/doc_g1177_rot270.jpg,3,270,88131766.tif,train
1178,/kaggle/working/real_text_10k_dataset/doc_g1178_rot0.jpg,0,0,2073728857_8867.tif,train
1178,/kaggle/working/real_text_10k_dataset/doc_g1178_rot90.jpg,1,90,2073728857_8867.tif,train
1178,/kaggle/working/real_text_10k_dataset/doc_g1178_rot180.jpg,2,180,2073728857_8867.tif,train
1178,/kaggle/working/real_text_10k_dataset/doc_g1178_rot270.jpg,3,270,2073728857_8867.tif,train
1179,/kaggle/working/real_text_10k_dataset/doc_g1179_rot0.jpg,0,0,2056283895_3904.tif,val
1179,/kaggle/working/real_text_10k_dataset/doc_g1179_rot90.jpg,1,90,2056283895_3904.tif,val
1179,/kaggle/working/real_text_10k_dataset/doc_g1179_rot180.jpg,2,180,2056283895_3904.tif,val
1179,/kaggle/working/real_text_10k_dataset/doc_g1179_rot270.jpg,3,270,2056283895_3904.tif,val
1180,/kaggle/working/real_text_10k_dataset/doc_g1180_rot0.jpg,0,0,2064342657.tif,train
1180,/kaggle/working/real_text_10k_dataset/doc_g1180_rot90.jpg,1,90,2064342657.tif,train
1180,/kaggle/working/real_text_10k_dataset/doc_g1180_rot180.jpg,2,180,2064342657.tif,train
1180,/kaggle/working/real_text_10k_dataset/doc_g1180_rot270.jpg,3,270,2064342657.tif,train
1181,/kaggle/working/real_text_10k_dataset/doc_g1181_rot0.jpg,0,0,506806267_506806270.tif,train
1181,/kaggle/working/real_text_10k_dataset/doc_g1181_rot90.jpg,1,90,506806267_506806270.tif,train
1181,/kaggle/working/real_text_10k_dataset/doc_g1181_rot180.jpg,2,180,506806267_506806270.tif,train
1181,/kaggle/working/real_text_10k_dataset/doc_g1181_rot270.jpg,3,270,506806267_506806270.tif,train
1182,/kaggle/working/real_text_10k_dataset/doc_g1182_rot0.jpg,0,0,10112211_10112234.tif,train
1182,/kaggle/working/real_text_10k_dataset/doc_g1182_rot90.jpg,1,90,10112211_10112234.tif,train
1182,/kaggle/working/real_text_10k_dataset/doc_g1182_rot180.jpg,2,180,10112211_10112234.tif,train
1182,/kaggle/working/real_text_10k_dataset/doc_g1182_rot270.jpg,3,270,10112211_10112234.tif,train
1183,/kaggle/working/real_text_10k_dataset/doc_g1183_rot0.jpg,0,0,10350040_10350043.tif,train
1183,/kaggle/working/real_text_10k_dataset/doc_g1183_rot90.jpg,1,90,10350040_10350043.tif,train
1183,/kaggle/working/real_text_10k_dataset/doc_g1183_rot180.jpg,2,180,10350040_10350043.tif,train
1183,/kaggle/working/real_text_10k_dataset/doc_g1183_rot270.jpg,3,270,10350040_10350043.tif,train
1184,/kaggle/working/real_text_10k_dataset/doc_g1184_rot0.jpg,0,0,ton04909.22.tif,train
1184,/kaggle/working/real_text_10k_dataset/doc_g1184_rot90.jpg,1,90,ton04909.22.tif,train
1184,/kaggle/working/real_text_10k_dataset/doc_g1184_rot180.jpg,2,180,ton04909.22.tif,train
1184,/kaggle/working/real_text_10k_dataset/doc_g1184_rot270.jpg,3,270,ton04909.22.tif,train
1185,/kaggle/working/real_text_10k_dataset/doc_g1185_rot0.jpg,0,0,2072237185.tif,train
1185,/kaggle/working/real_text_10k_dataset/doc_g1185_rot90.jpg,1,90,2072237185.tif,train
1185,/kaggle/working/real_text_10k_dataset/doc_g1185_rot180.jpg,2,180,2072237185.tif,train
1185,/kaggle/working/real_text_10k_dataset/doc_g1185_rot270.jpg,3,270,2072237185.tif,train
1186,/kaggle/working/real_text_10k_dataset/doc_g1186_rot0.jpg,0,0,515628717+-8718.tif,test
1186,/kaggle/working/real_text_10k_dataset/doc_g1186_rot90.jpg,1,90,515628717+-8718.tif,test
1186,/kaggle/working/real_text_10k_dataset/doc_g1186_rot180.jpg,2,180,515628717+-8718.tif,test
1186,/kaggle/working/real_text_10k_dataset/doc_g1186_rot270.jpg,3,270,515628717+-8718.tif,test
1187,/kaggle/working/real_text_10k_dataset/doc_g1187_rot0.jpg,0,0,2024489233_2024489239.tif,train
1187,/kaggle/working/real_text_10k_dataset/doc_g1187_rot90.jpg,1,90,2024489233_2024489239.tif,train
1187,/kaggle/working/real_text_10k_dataset/doc_g1187_rot180.jpg,2,180,2024489233_2024489239.tif,train
1187,/kaggle/working/real_text_10k_dataset/doc_g1187_rot270.jpg,3,270,2024489233_2024489239.tif,train
1188,/kaggle/working/real_text_10k_dataset/doc_g1188_rot0.jpg,0,0,88813481_3484.tif,train
1188,/kaggle/working/real_text_10k_dataset/doc_g1188_rot90.jpg,1,90,88813481_3484.tif,train
1188,/kaggle/working/real_text_10k_dataset/doc_g1188_rot180.jpg,2,180,88813481_3484.tif,train
1188,/kaggle/working/real_text_10k_dataset/doc_g1188_rot270.jpg,3,270,88813481_3484.tif,train
1189,/kaggle/working/real_text_10k_dataset/doc_g1189_rot0.jpg,0,0,50279712-9712.tif,train
1189,/kaggle/working/real_text_10k_dataset/doc_g1189_rot90.jpg,1,90,50279712-9712.tif,train
1189,/kaggle/working/real_text_10k_dataset/doc_g1189_rot180.jpg,2,180,50279712-9712.tif,train
1189,/kaggle/working/real_text_10k_dataset/doc_g1189_rot270.jpg,3,270,50279712-9712.tif,train
1190,/kaggle/working/real_text_10k_dataset/doc_g1190_rot0.jpg,0,0,2024483434.tif,train
1190,/kaggle/working/real_text_10k_dataset/doc_g1190_rot90.jpg,1,90,2024483434.tif,train
1190,/kaggle/working/real_text_10k_dataset/doc_g1190_rot180.jpg,2,180,2024483434.tif,train
1190,/kaggle/working/real_text_10k_dataset/doc_g1190_rot270.jpg,3,270,2024483434.tif,train
1191,/kaggle/working/real_text_10k_dataset/doc_g1191_rot0.jpg,0,0,10051204_10051219.tif,train
1191,/kaggle/working/real_text_10k_dataset/doc_g1191_rot90.jpg,1,90,10051204_10051219.tif,train
1191,/kaggle/working/real_text_10k_dataset/doc_g1191_rot180.jpg,2,180,10051204_10051219.tif,train
1191,/kaggle/working/real_text_10k_dataset/doc_g1191_rot270.jpg,3,270,10051204_10051219.tif,train
1192,/kaggle/working/real_text_10k_dataset/doc_g1192_rot0.jpg,0,0,10142430_10142440.tif,train
1192,/kaggle/working/real_text_10k_dataset/doc_g1192_rot90.jpg,1,90,10142430_10142440.tif,train
1192,/kaggle/working/real_text_10k_dataset/doc_g1192_rot180.jpg,2,180,10142430_10142440.tif,train
1192,/kaggle/working/real_text_10k_dataset/doc_g1192_rot270.jpg,3,270,10142430_10142440.tif,train
1193,/kaggle/working/real_text_10k_dataset/doc_g1193_rot0.jpg,0,0,X51006714065.jpg,test
1193,/kaggle/working/real_text_10k_dataset/doc_g1193_rot90.jpg,1,90,X51006714065.jpg,test
1193,/kaggle/working/real_text_10k_dataset/doc_g1193_rot180.jpg,2,180,X51006714065.jpg,test
1193,/kaggle/working/real_text_10k_dataset/doc_g1193_rot270.jpg,3,270,X51006714065.jpg,test
1194,/kaggle/working/real_text_10k_dataset/doc_g1194_rot0.jpg,0,0,2024252017_2024252018.tif,train
1194,/kaggle/working/real_text_10k_dataset/doc_g1194_rot90.jpg,1,90,2024252017_2024252018.tif,train
1194,/kaggle/working/real_text_10k_dataset/doc_g1194_rot180.jpg,2,180,2024252017_2024252018.tif,train
1194,/kaggle/working/real_text_10k_dataset/doc_g1194_rot270.jpg,3,270,2024252017_2024252018.tif,train
1195,/kaggle/working/real_text_10k_dataset/doc_g1195_rot0.jpg,0,0,50432386-2387.tif,train
1195,/kaggle/working/real_text_10k_dataset/doc_g1195_rot90.jpg,1,90,50432386-2387.tif,train
1195,/kaggle/working/real_text_10k_dataset/doc_g1195_rot180.jpg,2,180,50432386-2387.tif,train
1195,/kaggle/working/real_text_10k_dataset/doc_g1195_rot270.jpg,3,270,50432386-2387.tif,train
1196,/kaggle/working/real_text_10k_dataset/doc_g1196_rot0.jpg,0,0,170.jpg,train
1196,/kaggle/working/real_text_10k_dataset/doc_g1196_rot90.jpg,1,90,170.jpg,train
1196,/kaggle/working/real_text_10k_dataset/doc_g1196_rot180.jpg,2,180,170.jpg,train
1196,/kaggle/working/real_text_10k_dataset/doc_g1196_rot270.jpg,3,270,170.jpg,train
1197,/kaggle/working/real_text_10k_dataset/doc_g1197_rot0.jpg,0,0,2085298345.tif,train
1197,/kaggle/working/real_text_10k_dataset/doc_g1197_rot90.jpg,1,90,2085298345.tif,train
1197,/kaggle/working/real_text_10k_dataset/doc_g1197_rot180.jpg,2,180,2085298345.tif,train
1197,/kaggle/working/real_text_10k_dataset/doc_g1197_rot270.jpg,3,270,2085298345.tif,train
1198,/kaggle/working/real_text_10k_dataset/doc_g1198_rot0.jpg,0,0,87066897.tif,train
1198,/kaggle/working/real_text_10k_dataset/doc_g1198_rot90.jpg,1,90,87066897.tif,train
1198,/kaggle/working/real_text_10k_dataset/doc_g1198_rot180.jpg,2,180,87066897.tif,train
1198,/kaggle/working/real_text_10k_dataset/doc_g1198_rot270.jpg,3,270,87066897.tif,train
1199,/kaggle/working/real_text_10k_dataset/doc_g1199_rot0.jpg,0,0,10004816_10004818.tif,train
1199,/kaggle/working/real_text_10k_dataset/doc_g1199_rot90.jpg,1,90,10004816_10004818.tif,train
1199,/kaggle/working/real_text_10k_dataset/doc_g1199_rot180.jpg,2,180,10004816_10004818.tif,train
1199,/kaggle/working/real_text_10k_dataset/doc_g1199_rot270.jpg,3,270,10004816_10004818.tif,train
1200,/kaggle/working/real_text_10k_dataset/doc_g1200_rot0.jpg,0,0,0011985272.tif,test
1200,/kaggle/working/real_text_10k_dataset/doc_g1200_rot90.jpg,1,90,0011985272.tif,test
1200,/kaggle/working/real_text_10k_dataset/doc_g1200_rot180.jpg,2,180,0011985272.tif,test
1200,/kaggle/working/real_text_10k_dataset/doc_g1200_rot270.jpg,3,270,0011985272.tif,test
1201,/kaggle/working/real_text_10k_dataset/doc_g1201_rot0.jpg,0,0,0011652632.tif,val
1201,/kaggle/working/real_text_10k_dataset/doc_g1201_rot90.jpg,1,90,0011652632.tif,val
1201,/kaggle/working/real_text_10k_dataset/doc_g1201_rot180.jpg,2,180,0011652632.tif,val
1201,/kaggle/working/real_text_10k_dataset/doc_g1201_rot270.jpg,3,270,0011652632.tif,val
1202,/kaggle/working/real_text_10k_dataset/doc_g1202_rot0.jpg,0,0,506085403+-5416.tif,train
1202,/kaggle/working/real_text_10k_dataset/doc_g1202_rot90.jpg,1,90,506085403+-5416.tif,train
1202,/kaggle/working/real_text_10k_dataset/doc_g1202_rot180.jpg,2,180,506085403+-5416.tif,train
1202,/kaggle/working/real_text_10k_dataset/doc_g1202_rot270.jpg,3,270,506085403+-5416.tif,train
1203,/kaggle/working/real_text_10k_dataset/doc_g1203_rot0.jpg,0,0,tob00513.50.tif,train
1203,/kaggle/working/real_text_10k_dataset/doc_g1203_rot90.jpg,1,90,tob00513.50.tif,train
1203,/kaggle/working/real_text_10k_dataset/doc_g1203_rot180.jpg,2,180,tob00513.50.tif,train
1203,/kaggle/working/real_text_10k_dataset/doc_g1203_rot270.jpg,3,270,tob00513.50.tif,train
1204,/kaggle/working/real_text_10k_dataset/doc_g1204_rot0.jpg,0,0,00686763.tif,train
1204,/kaggle/working/real_text_10k_dataset/doc_g1204_rot90.jpg,1,90,00686763.tif,train
1204,/kaggle/working/real_text_10k_dataset/doc_g1204_rot180.jpg,2,180,00686763.tif,train
1204,/kaggle/working/real_text_10k_dataset/doc_g1204_rot270.jpg,3,270,00686763.tif,train
1205,/kaggle/working/real_text_10k_dataset/doc_g1205_rot0.jpg,0,0,50470310-0310.tif,train
1205,/kaggle/working/real_text_10k_dataset/doc_g1205_rot90.jpg,1,90,50470310-0310.tif,train
1205,/kaggle/working/real_text_10k_dataset/doc_g1205_rot180.jpg,2,180,50470310-0310.tif,train
1205,/kaggle/working/real_text_10k_dataset/doc_g1205_rot270.jpg,3,270,50470310-0310.tif,train
1206,/kaggle/working/real_text_10k_dataset/doc_g1206_rot0.jpg,0,0,0000399823.tif,train
1206,/kaggle/working/real_text_10k_dataset/doc_g1206_rot90.jpg,1,90,0000399823.tif,train
1206,/kaggle/working/real_text_10k_dataset/doc_g1206_rot180.jpg,2,180,0000399823.tif,train
1206,/kaggle/working/real_text_10k_dataset/doc_g1206_rot270.jpg,3,270,0000399823.tif,train
1207,/kaggle/working/real_text_10k_dataset/doc_g1207_rot0.jpg,0,0,2057641006.tif,train
1207,/kaggle/working/real_text_10k_dataset/doc_g1207_rot90.jpg,1,90,2057641006.tif,train
1207,/kaggle/working/real_text_10k_dataset/doc_g1207_rot180.jpg,2,180,2057641006.tif,train
1207,/kaggle/working/real_text_10k_dataset/doc_g1207_rot270.jpg,3,270,2057641006.tif,train
1208,/kaggle/working/real_text_10k_dataset/doc_g1208_rot0.jpg,0,0,2070510508.tif,test
1208,/kaggle/working/real_text_10k_dataset/doc_g1208_rot90.jpg,1,90,2070510508.tif,test
1208,/kaggle/working/real_text_10k_dataset/doc_g1208_rot180.jpg,2,180,2070510508.tif,test
1208,/kaggle/working/real_text_10k_dataset/doc_g1208_rot270.jpg,3,270,2070510508.tif,test
1209,/kaggle/working/real_text_10k_dataset/doc_g1209_rot0.jpg,0,0,2073737419.tif,train
1209,/kaggle/working/real_text_10k_dataset/doc_g1209_rot90.jpg,1,90,2073737419.tif,train
1209,/kaggle/working/real_text_10k_dataset/doc_g1209_rot180.jpg,2,180,2073737419.tif,train
1209,/kaggle/working/real_text_10k_dataset/doc_g1209_rot270.jpg,3,270,2073737419.tif,train
1210,/kaggle/working/real_text_10k_dataset/doc_g1210_rot0.jpg,0,0,89001842.tif,train
1210,/kaggle/working/real_text_10k_dataset/doc_g1210_rot90.jpg,1,90,89001842.tif,train
1210,/kaggle/working/real_text_10k_dataset/doc_g1210_rot180.jpg,2,180,89001842.tif,train
1210,/kaggle/working/real_text_10k_dataset/doc_g1210_rot270.jpg,3,270,89001842.tif,train
1211,/kaggle/working/real_text_10k_dataset/doc_g1211_rot0.jpg,0,0,517545370+-5371.tif,train
1211,/kaggle/working/real_text_10k_dataset/doc_g1211_rot90.jpg,1,90,517545370+-5371.tif,train
1211,/kaggle/working/real_text_10k_dataset/doc_g1211_rot180.jpg,2,180,517545370+-5371.tif,train
1211,/kaggle/working/real_text_10k_dataset/doc_g1211_rot270.jpg,3,270,517545370+-5371.tif,train
1212,/kaggle/working/real_text_10k_dataset/doc_g1212_rot0.jpg,0,0,88158239.tif,train
1212,/kaggle/working/real_text_10k_dataset/doc_g1212_rot90.jpg,1,90,88158239.tif,train
1212,/kaggle/working/real_text_10k_dataset/doc_g1212_rot180.jpg,2,180,88158239.tif,train
1212,/kaggle/working/real_text_10k_dataset/doc_g1212_rot270.jpg,3,270,88158239.tif,train
1213,/kaggle/working/real_text_10k_dataset/doc_g1213_rot0.jpg,0,0,522863621+-3622.tif,train
1213,/kaggle/working/real_text_10k_dataset/doc_g1213_rot90.jpg,1,90,522863621+-3622.tif,train
1213,/kaggle/working/real_text_10k_dataset/doc_g1213_rot180.jpg,2,180,522863621+-3622.tif,train
1213,/kaggle/working/real_text_10k_dataset/doc_g1213_rot270.jpg,3,270,522863621+-3622.tif,train
1214,/kaggle/working/real_text_10k_dataset/doc_g1214_rot0.jpg,0,0,91660712.tif,train
1214,/kaggle/working/real_text_10k_dataset/doc_g1214_rot90.jpg,1,90,91660712.tif,train
1214,/kaggle/working/real_text_10k_dataset/doc_g1214_rot180.jpg,2,180,91660712.tif,train
1214,/kaggle/working/real_text_10k_dataset/doc_g1214_rot270.jpg,3,270,91660712.tif,train
1215,/kaggle/working/real_text_10k_dataset/doc_g1215_rot0.jpg,0,0,2029249917.tif,train
1215,/kaggle/working/real_text_10k_dataset/doc_g1215_rot90.jpg,1,90,2029249917.tif,train
1215,/kaggle/working/real_text_10k_dataset/doc_g1215_rot180.jpg,2,180,2029249917.tif,train
1215,/kaggle/working/real_text_10k_dataset/doc_g1215_rot270.jpg,3,270,2029249917.tif,train
1216,/kaggle/working/real_text_10k_dataset/doc_g1216_rot0.jpg,0,0,505856108_505856110.tif,train
1216,/kaggle/working/real_text_10k_dataset/doc_g1216_rot90.jpg,1,90,505856108_505856110.tif,train
1216,/kaggle/working/real_text_10k_dataset/doc_g1216_rot180.jpg,2,180,505856108_505856110.tif,train
1216,/kaggle/working/real_text_10k_dataset/doc_g1216_rot270.jpg,3,270,505856108_505856110.tif,train
1217,/kaggle/working/real_text_10k_dataset/doc_g1217_rot0.jpg,0,0,ti31110084.tif,train
1217,/kaggle/working/real_text_10k_dataset/doc_g1217_rot90.jpg,1,90,ti31110084.tif,train
1217,/kaggle/working/real_text_10k_dataset/doc_g1217_rot180.jpg,2,180,ti31110084.tif,train
1217,/kaggle/working/real_text_10k_dataset/doc_g1217_rot270.jpg,3,270,ti31110084.tif,train
1218,/kaggle/working/real_text_10k_dataset/doc_g1218_rot0.jpg,0,0,50519061-9062.tif,train
1218,/kaggle/working/real_text_10k_dataset/doc_g1218_rot90.jpg,1,90,50519061-9062.tif,train
1218,/kaggle/working/real_text_10k_dataset/doc_g1218_rot180.jpg,2,180,50519061-9062.tif,train
1218,/kaggle/working/real_text_10k_dataset/doc_g1218_rot270.jpg,3,270,50519061-9062.tif,train
1219,/kaggle/working/real_text_10k_dataset/doc_g1219_rot0.jpg,0,0,2031294557.tif,train
1219,/kaggle/working/real_text_10k_dataset/doc_g1219_rot90.jpg,1,90,2031294557.tif,train
1219,/kaggle/working/real_text_10k_dataset/doc_g1219_rot180.jpg,2,180,2031294557.tif,train
1219,/kaggle/working/real_text_10k_dataset/doc_g1219_rot270.jpg,3,270,2031294557.tif,train
1220,/kaggle/working/real_text_10k_dataset/doc_g1220_rot0.jpg,0,0,2072984603_4604.tif,train
1220,/kaggle/working/real_text_10k_dataset/doc_g1220_rot90.jpg,1,90,2072984603_4604.tif,train
1220,/kaggle/working/real_text_10k_dataset/doc_g1220_rot180.jpg,2,180,2072984603_4604.tif,train
1220,/kaggle/working/real_text_10k_dataset/doc_g1220_rot270.jpg,3,270,2072984603_4604.tif,train
1221,/kaggle/working/real_text_10k_dataset/doc_g1221_rot0.jpg,0,0,2026216696_2026216697.tif,train
1221,/kaggle/working/real_text_10k_dataset/doc_g1221_rot90.jpg,1,90,2026216696_2026216697.tif,train
1221,/kaggle/working/real_text_10k_dataset/doc_g1221_rot180.jpg,2,180,2026216696_2026216697.tif,train
1221,/kaggle/working/real_text_10k_dataset/doc_g1221_rot270.jpg,3,270,2026216696_2026216697.tif,train
1222,/kaggle/working/real_text_10k_dataset/doc_g1222_rot0.jpg,0,0,2041356113_6114.tif,val
1222,/kaggle/working/real_text_10k_dataset/doc_g1222_rot90.jpg,1,90,2041356113_6114.tif,val
1222,/kaggle/working/real_text_10k_dataset/doc_g1222_rot180.jpg,2,180,2041356113_6114.tif,val
1222,/kaggle/working/real_text_10k_dataset/doc_g1222_rot270.jpg,3,270,2041356113_6114.tif,val
1223,/kaggle/working/real_text_10k_dataset/doc_g1223_rot0.jpg,0,0,2078586648.tif,test
1223,/kaggle/working/real_text_10k_dataset/doc_g1223_rot90.jpg,1,90,2078586648.tif,test
1223,/kaggle/working/real_text_10k_dataset/doc_g1223_rot180.jpg,2,180,2078586648.tif,test
1223,/kaggle/working/real_text_10k_dataset/doc_g1223_rot270.jpg,3,270,2078586648.tif,test
1224,/kaggle/working/real_text_10k_dataset/doc_g1224_rot0.jpg,0,0,503646965+-6966.tif,train
1224,/kaggle/working/real_text_10k_dataset/doc_g1224_rot90.jpg,1,90,503646965+-6966.tif,train
1224,/kaggle/working/real_text_10k_dataset/doc_g1224_rot180.jpg,2,180,503646965+-6966.tif,train
1224,/kaggle/working/real_text_10k_dataset/doc_g1224_rot270.jpg,3,270,503646965+-6966.tif,train
1225,/kaggle/working/real_text_10k_dataset/doc_g1225_rot0.jpg,0,0,2023225052.tif,train
1225,/kaggle/working/real_text_10k_dataset/doc_g1225_rot90.jpg,1,90,2023225052.tif,train
1225,/kaggle/working/real_text_10k_dataset/doc_g1225_rot180.jpg,2,180,2023225052.tif,train
1225,/kaggle/working/real_text_10k_dataset/doc_g1225_rot270.jpg,3,270,2023225052.tif,train
1226,/kaggle/working/real_text_10k_dataset/doc_g1226_rot0.jpg,0,0,2083513526.tif,train
1226,/kaggle/working/real_text_10k_dataset/doc_g1226_rot90.jpg,1,90,2083513526.tif,train
1226,/kaggle/working/real_text_10k_dataset/doc_g1226_rot180.jpg,2,180,2083513526.tif,train
1226,/kaggle/working/real_text_10k_dataset/doc_g1226_rot270.jpg,3,270,2083513526.tif,train
1227,/kaggle/working/real_text_10k_dataset/doc_g1227_rot0.jpg,0,0,receipt_00072.png,train
1227,/kaggle/working/real_text_10k_dataset/doc_g1227_rot90.jpg,1,90,receipt_00072.png,train
1227,/kaggle/working/real_text_10k_dataset/doc_g1227_rot180.jpg,2,180,receipt_00072.png,train
1227,/kaggle/working/real_text_10k_dataset/doc_g1227_rot270.jpg,3,270,receipt_00072.png,train
1228,/kaggle/working/real_text_10k_dataset/doc_g1228_rot0.jpg,0,0,517617840+-7841.tif,train
1228,/kaggle/working/real_text_10k_dataset/doc_g1228_rot90.jpg,1,90,517617840+-7841.tif,train
1228,/kaggle/working/real_text_10k_dataset/doc_g1228_rot180.jpg,2,180,517617840+-7841.tif,train
1228,/kaggle/working/real_text_10k_dataset/doc_g1228_rot270.jpg,3,270,517617840+-7841.tif,train
1229,/kaggle/working/real_text_10k_dataset/doc_g1229_rot0.jpg,0,0,0060123037.tif,train
1229,/kaggle/working/real_text_10k_dataset/doc_g1229_rot90.jpg,1,90,0060123037.tif,train
1229,/kaggle/working/real_text_10k_dataset/doc_g1229_rot180.jpg,2,180,0060123037.tif,train
1229,/kaggle/working/real_text_10k_dataset/doc_g1229_rot270.jpg,3,270,0060123037.tif,train
1230,/kaggle/working/real_text_10k_dataset/doc_g1230_rot0.jpg,0,0,corti0016471_6472.tif,val
1230,/kaggle/working/real_text_10k_dataset/doc_g1230_rot90.jpg,1,90,corti0016471_6472.tif,val
1230,/kaggle/working/real_text_10k_dataset/doc_g1230_rot180.jpg,2,180,corti0016471_6472.tif,val
1230,/kaggle/working/real_text_10k_dataset/doc_g1230_rot270.jpg,3,270,corti0016471_6472.tif,val
1231,/kaggle/working/real_text_10k_dataset/doc_g1231_rot0.jpg,0,0,87809406_87809409.tif,train
1231,/kaggle/working/real_text_10k_dataset/doc_g1231_rot90.jpg,1,90,87809406_87809409.tif,train
1231,/kaggle/working/real_text_10k_dataset/doc_g1231_rot180.jpg,2,180,87809406_87809409.tif,train
1231,/kaggle/working/real_text_10k_dataset/doc_g1231_rot270.jpg,3,270,87809406_87809409.tif,train
1232,/kaggle/working/real_text_10k_dataset/doc_g1232_rot0.jpg,0,0,2080263006.tif,test
1232,/kaggle/working/real_text_10k_dataset/doc_g1232_rot90.jpg,1,90,2080263006.tif,test
1232,/kaggle/working/real_text_10k_dataset/doc_g1232_rot180.jpg,2,180,2080263006.tif,test
1232,/kaggle/working/real_text_10k_dataset/doc_g1232_rot270.jpg,3,270,2080263006.tif,test
1233,/kaggle/working/real_text_10k_dataset/doc_g1233_rot0.jpg,0,0,522866011+-6017.tif,train
1233,/kaggle/working/real_text_10k_dataset/doc_g1233_rot90.jpg,1,90,522866011+-6017.tif,train
1233,/kaggle/working/real_text_10k_dataset/doc_g1233_rot180.jpg,2,180,522866011+-6017.tif,train
1233,/kaggle/working/real_text_10k_dataset/doc_g1233_rot270.jpg,3,270,522866011+-6017.tif,train
1234,/kaggle/working/real_text_10k_dataset/doc_g1234_rot0.jpg,0,0,2026365726_2026365730.tif,train
1234,/kaggle/working/real_text_10k_dataset/doc_g1234_rot90.jpg,1,90,2026365726_2026365730.tif,train
1234,/kaggle/working/real_text_10k_dataset/doc_g1234_rot180.jpg,2,180,2026365726_2026365730.tif,train
1234,/kaggle/working/real_text_10k_dataset/doc_g1234_rot270.jpg,3,270,2026365726_2026365730.tif,train
1235,/kaggle/working/real_text_10k_dataset/doc_g1235_rot0.jpg,0,0,502610014+-0014.tif,train
1235,/kaggle/working/real_text_10k_dataset/doc_g1235_rot90.jpg,1,90,502610014+-0014.tif,train
1235,/kaggle/working/real_text_10k_dataset/doc_g1235_rot180.jpg,2,180,502610014+-0014.tif,train
1235,/kaggle/working/real_text_10k_dataset/doc_g1235_rot270.jpg,3,270,502610014+-0014.tif,train
1236,/kaggle/working/real_text_10k_dataset/doc_g1236_rot0.jpg,0,0,PUBLICATIONS016905-6.tif,train
1236,/kaggle/working/real_text_10k_dataset/doc_g1236_rot90.jpg,1,90,PUBLICATIONS016905-6.tif,train
1236,/kaggle/working/real_text_10k_dataset/doc_g1236_rot180.jpg,2,180,PUBLICATIONS016905-6.tif,train
1236,/kaggle/working/real_text_10k_dataset/doc_g1236_rot270.jpg,3,270,PUBLICATIONS016905-6.tif,train
1237,/kaggle/working/real_text_10k_dataset/doc_g1237_rot0.jpg,0,0,89749583.tif,train
1237,/kaggle/working/real_text_10k_dataset/doc_g1237_rot90.jpg,1,90,89749583.tif,train
1237,/kaggle/working/real_text_10k_dataset/doc_g1237_rot180.jpg,2,180,89749583.tif,train
1237,/kaggle/working/real_text_10k_dataset/doc_g1237_rot270.jpg,3,270,89749583.tif,train
1238,/kaggle/working/real_text_10k_dataset/doc_g1238_rot0.jpg,0,0,502483398+-3398.tif,train
1238,/kaggle/working/real_text_10k_dataset/doc_g1238_rot90.jpg,1,90,502483398+-3398.tif,train
1238,/kaggle/working/real_text_10k_dataset/doc_g1238_rot180.jpg,2,180,502483398+-3398.tif,train
1238,/kaggle/working/real_text_10k_dataset/doc_g1238_rot270.jpg,3,270,502483398+-3398.tif,train
1239,/kaggle/working/real_text_10k_dataset/doc_g1239_rot0.jpg,0,0,2029118961_2029118969.tif,train
1239,/kaggle/working/real_text_10k_dataset/doc_g1239_rot90.jpg,1,90,2029118961_2029118969.tif,train
1239,/kaggle/working/real_text_10k_dataset/doc_g1239_rot180.jpg,2,180,2029118961_2029118969.tif,train
1239,/kaggle/working/real_text_10k_dataset/doc_g1239_rot270.jpg,3,270,2029118961_2029118969.tif,train
1240,/kaggle/working/real_text_10k_dataset/doc_g1240_rot0.jpg,0,0,91505239.tif,train
1240,/kaggle/working/real_text_10k_dataset/doc_g1240_rot90.jpg,1,90,91505239.tif,train
1240,/kaggle/working/real_text_10k_dataset/doc_g1240_rot180.jpg,2,180,91505239.tif,train
1240,/kaggle/working/real_text_10k_dataset/doc_g1240_rot270.jpg,3,270,91505239.tif,train
1241,/kaggle/working/real_text_10k_dataset/doc_g1241_rot0.jpg,0,0,935.jpg,train
1241,/kaggle/working/real_text_10k_dataset/doc_g1241_rot90.jpg,1,90,935.jpg,train
1241,/kaggle/working/real_text_10k_dataset/doc_g1241_rot180.jpg,2,180,935.jpg,train
1241,/kaggle/working/real_text_10k_dataset/doc_g1241_rot270.jpg,3,270,935.jpg,train
1242,/kaggle/working/real_text_10k_dataset/doc_g1242_rot0.jpg,0,0,2049409334.tif,test
1242,/kaggle/working/real_text_10k_dataset/doc_g1242_rot90.jpg,1,90,2049409334.tif,test
1242,/kaggle/working/real_text_10k_dataset/doc_g1242_rot180.jpg,2,180,2049409334.tif,test
1242,/kaggle/working/real_text_10k_dataset/doc_g1242_rot270.jpg,3,270,2049409334.tif,test
1243,/kaggle/working/real_text_10k_dataset/doc_g1243_rot0.jpg,0,0,2080957965.tif,train
1243,/kaggle/working/real_text_10k_dataset/doc_g1243_rot90.jpg,1,90,2080957965.tif,train
1243,/kaggle/working/real_text_10k_dataset/doc_g1243_rot180.jpg,2,180,2080957965.tif,train
1243,/kaggle/working/real_text_10k_dataset/doc_g1243_rot270.jpg,3,270,2080957965.tif,train
1244,/kaggle/working/real_text_10k_dataset/doc_g1244_rot0.jpg,0,0,2048278949_8951.tif,train
1244,/kaggle/working/real_text_10k_dataset/doc_g1244_rot90.jpg,1,90,2048278949_8951.tif,train
1244,/kaggle/working/real_text_10k_dataset/doc_g1244_rot180.jpg,2,180,2048278949_8951.tif,train
1244,/kaggle/working/real_text_10k_dataset/doc_g1244_rot270.jpg,3,270,2048278949_8951.tif,train
1245,/kaggle/working/real_text_10k_dataset/doc_g1245_rot0.jpg,0,0,512980631.tif,train
1245,/kaggle/working/real_text_10k_dataset/doc_g1245_rot90.jpg,1,90,512980631.tif,train
1245,/kaggle/working/real_text_10k_dataset/doc_g1245_rot180.jpg,2,180,512980631.tif,train
1245,/kaggle/working/real_text_10k_dataset/doc_g1245_rot270.jpg,3,270,512980631.tif,train
1246,/kaggle/working/real_text_10k_dataset/doc_g1246_rot0.jpg,0,0,50305638-5643.tif,train
1246,/kaggle/working/real_text_10k_dataset/doc_g1246_rot90.jpg,1,90,50305638-5643.tif,train
1246,/kaggle/working/real_text_10k_dataset/doc_g1246_rot180.jpg,2,180,50305638-5643.tif,train
1246,/kaggle/working/real_text_10k_dataset/doc_g1246_rot270.jpg,3,270,50305638-5643.tif,train
1247,/kaggle/working/real_text_10k_dataset/doc_g1247_rot0.jpg,0,0,10204244_10204247.tif,train
1247,/kaggle/working/real_text_10k_dataset/doc_g1247_rot90.jpg,1,90,10204244_10204247.tif,train
1247,/kaggle/working/real_text_10k_dataset/doc_g1247_rot180.jpg,2,180,10204244_10204247.tif,train
1247,/kaggle/working/real_text_10k_dataset/doc_g1247_rot270.jpg,3,270,10204244_10204247.tif,train
1248,/kaggle/working/real_text_10k_dataset/doc_g1248_rot0.jpg,0,0,2069734020.tif,train
1248,/kaggle/working/real_text_10k_dataset/doc_g1248_rot90.jpg,1,90,2069734020.tif,train
1248,/kaggle/working/real_text_10k_dataset/doc_g1248_rot180.jpg,2,180,2069734020.tif,train
1248,/kaggle/working/real_text_10k_dataset/doc_g1248_rot270.jpg,3,270,2069734020.tif,train
1249,/kaggle/working/real_text_10k_dataset/doc_g1249_rot0.jpg,0,0,50195231-5240.tif,train
1249,/kaggle/working/real_text_10k_dataset/doc_g1249_rot90.jpg,1,90,50195231-5240.tif,train
1249,/kaggle/working/real_text_10k_dataset/doc_g1249_rot180.jpg,2,180,50195231-5240.tif,train
1249,/kaggle/working/real_text_10k_dataset/doc_g1249_rot270.jpg,3,270,50195231-5240.tif,train
1250,/kaggle/working/real_text_10k_dataset/doc_g1250_rot0.jpg,0,0,50610385-0386.tif,train
1250,/kaggle/working/real_text_10k_dataset/doc_g1250_rot90.jpg,1,90,50610385-0386.tif,train
1250,/kaggle/working/real_text_10k_dataset/doc_g1250_rot180.jpg,2,180,50610385-0386.tif,train
1250,/kaggle/working/real_text_10k_dataset/doc_g1250_rot270.jpg,3,270,50610385-0386.tif,train
1251,/kaggle/working/real_text_10k_dataset/doc_g1251_rot0.jpg,0,0,2063540005.tif,train
1251,/kaggle/working/real_text_10k_dataset/doc_g1251_rot90.jpg,1,90,2063540005.tif,train
1251,/kaggle/working/real_text_10k_dataset/doc_g1251_rot180.jpg,2,180,2063540005.tif,train
1251,/kaggle/working/real_text_10k_dataset/doc_g1251_rot270.jpg,3,270,2063540005.tif,train
1252,/kaggle/working/real_text_10k_dataset/doc_g1252_rot0.jpg,0,0,10343604_10343610.tif,train
1252,/kaggle/working/real_text_10k_dataset/doc_g1252_rot90.jpg,1,90,10343604_10343610.tif,train
1252,/kaggle/working/real_text_10k_dataset/doc_g1252_rot180.jpg,2,180,10343604_10343610.tif,train
1252,/kaggle/working/real_text_10k_dataset/doc_g1252_rot270.jpg,3,270,10343604_10343610.tif,train
1253,/kaggle/working/real_text_10k_dataset/doc_g1253_rot0.jpg,0,0,0000239977.tif,train
1253,/kaggle/working/real_text_10k_dataset/doc_g1253_rot90.jpg,1,90,0000239977.tif,train
1253,/kaggle/working/real_text_10k_dataset/doc_g1253_rot180.jpg,2,180,0000239977.tif,train
1253,/kaggle/working/real_text_10k_dataset/doc_g1253_rot270.jpg,3,270,0000239977.tif,train
1254,/kaggle/working/real_text_10k_dataset/doc_g1254_rot0.jpg,0,0,580101596+-1615.tif,train
1254,/kaggle/working/real_text_10k_dataset/doc_g1254_rot90.jpg,1,90,580101596+-1615.tif,train
1254,/kaggle/working/real_text_10k_dataset/doc_g1254_rot180.jpg,2,180,580101596+-1615.tif,train
1254,/kaggle/working/real_text_10k_dataset/doc_g1254_rot270.jpg,3,270,580101596+-1615.tif,train
1255,/kaggle/working/real_text_10k_dataset/doc_g1255_rot0.jpg,0,0,ton03708.83.tif,train
1255,/kaggle/working/real_text_10k_dataset/doc_g1255_rot90.jpg,1,90,ton03708.83.tif,train
1255,/kaggle/working/real_text_10k_dataset/doc_g1255_rot180.jpg,2,180,ton03708.83.tif,train
1255,/kaggle/working/real_text_10k_dataset/doc_g1255_rot270.jpg,3,270,ton03708.83.tif,train
1256,/kaggle/working/real_text_10k_dataset/doc_g1256_rot0.jpg,0,0,X51007225399.jpg,train
1256,/kaggle/working/real_text_10k_dataset/doc_g1256_rot90.jpg,1,90,X51007225399.jpg,train
1256,/kaggle/working/real_text_10k_dataset/doc_g1256_rot180.jpg,2,180,X51007225399.jpg,train
1256,/kaggle/working/real_text_10k_dataset/doc_g1256_rot270.jpg,3,270,X51007225399.jpg,train
1257,/kaggle/working/real_text_10k_dataset/doc_g1257_rot0.jpg,0,0,X51006857660.jpg,train
1257,/kaggle/working/real_text_10k_dataset/doc_g1257_rot90.jpg,1,90,X51006857660.jpg,train
1257,/kaggle/working/real_text_10k_dataset/doc_g1257_rot180.jpg,2,180,X51006857660.jpg,train
1257,/kaggle/working/real_text_10k_dataset/doc_g1257_rot270.jpg,3,270,X51006857660.jpg,train
1258,/kaggle/working/real_text_10k_dataset/doc_g1258_rot0.jpg,0,0,2081035212_5226.tif,train
1258,/kaggle/working/real_text_10k_dataset/doc_g1258_rot90.jpg,1,90,2081035212_5226.tif,train
1258,/kaggle/working/real_text_10k_dataset/doc_g1258_rot180.jpg,2,180,2081035212_5226.tif,train
1258,/kaggle/working/real_text_10k_dataset/doc_g1258_rot270.jpg,3,270,2081035212_5226.tif,train
1259,/kaggle/working/real_text_10k_dataset/doc_g1259_rot0.jpg,0,0,0060103107.tif,val
1259,/kaggle/working/real_text_10k_dataset/doc_g1259_rot90.jpg,1,90,0060103107.tif,val
1259,/kaggle/working/real_text_10k_dataset/doc_g1259_rot180.jpg,2,180,0060103107.tif,val
1259,/kaggle/working/real_text_10k_dataset/doc_g1259_rot270.jpg,3,270,0060103107.tif,val
1260,/kaggle/working/real_text_10k_dataset/doc_g1260_rot0.jpg,0,0,522662080+-2080.tif,train
1260,/kaggle/working/real_text_10k_dataset/doc_g1260_rot90.jpg,1,90,522662080+-2080.tif,train
1260,/kaggle/working/real_text_10k_dataset/doc_g1260_rot180.jpg,2,180,522662080+-2080.tif,train
1260,/kaggle/working/real_text_10k_dataset/doc_g1260_rot270.jpg,3,270,522662080+-2080.tif,train
1261,/kaggle/working/real_text_10k_dataset/doc_g1261_rot0.jpg,0,0,2001221161.tif,train
1261,/kaggle/working/real_text_10k_dataset/doc_g1261_rot90.jpg,1,90,2001221161.tif,train
1261,/kaggle/working/real_text_10k_dataset/doc_g1261_rot180.jpg,2,180,2001221161.tif,train
1261,/kaggle/working/real_text_10k_dataset/doc_g1261_rot270.jpg,3,270,2001221161.tif,train
1262,/kaggle/working/real_text_10k_dataset/doc_g1262_rot0.jpg,0,0,83393822_3842.tif,test
1262,/kaggle/working/real_text_10k_dataset/doc_g1262_rot90.jpg,1,90,83393822_3842.tif,test
1262,/kaggle/working/real_text_10k_dataset/doc_g1262_rot180.jpg,2,180,83393822_3842.tif,test
1262,/kaggle/working/real_text_10k_dataset/doc_g1262_rot270.jpg,3,270,83393822_3842.tif,test
1263,/kaggle/working/real_text_10k_dataset/doc_g1263_rot0.jpg,0,0,86657500.tif,train
1263,/kaggle/working/real_text_10k_dataset/doc_g1263_rot90.jpg,1,90,86657500.tif,train
1263,/kaggle/working/real_text_10k_dataset/doc_g1263_rot180.jpg,2,180,86657500.tif,train
1263,/kaggle/working/real_text_10k_dataset/doc_g1263_rot270.jpg,3,270,86657500.tif,train
1264,/kaggle/working/real_text_10k_dataset/doc_g1264_rot0.jpg,0,0,tcal0349919.tif,val
1264,/kaggle/working/real_text_10k_dataset/doc_g1264_rot90.jpg,1,90,tcal0349919.tif,val
1264,/kaggle/working/real_text_10k_dataset/doc_g1264_rot180.jpg,2,180,tcal0349919.tif,val
1264,/kaggle/working/real_text_10k_dataset/doc_g1264_rot270.jpg,3,270,tcal0349919.tif,val
1265,/kaggle/working/real_text_10k_dataset/doc_g1265_rot0.jpg,0,0,502599824+-9824.tif,val
1265,/kaggle/working/real_text_10k_dataset/doc_g1265_rot90.jpg,1,90,502599824+-9824.tif,val
1265,/kaggle/working/real_text_10k_dataset/doc_g1265_rot180.jpg,2,180,502599824+-9824.tif,val
1265,/kaggle/working/real_text_10k_dataset/doc_g1265_rot270.jpg,3,270,502599824+-9824.tif,val
1266,/kaggle/working/real_text_10k_dataset/doc_g1266_rot0.jpg,0,0,50574135-4136.tif,train
1266,/kaggle/working/real_text_10k_dataset/doc_g1266_rot90.jpg,1,90,50574135-4136.tif,train
1266,/kaggle/working/real_text_10k_dataset/doc_g1266_rot180.jpg,2,180,50574135-4136.tif,train
1266,/kaggle/working/real_text_10k_dataset/doc_g1266_rot270.jpg,3,270,50574135-4136.tif,train
1267,/kaggle/working/real_text_10k_dataset/doc_g1267_rot0.jpg,0,0,503781030+-1030.tif,train
1267,/kaggle/working/real_text_10k_dataset/doc_g1267_rot90.jpg,1,90,503781030+-1030.tif,train
1267,/kaggle/working/real_text_10k_dataset/doc_g1267_rot180.jpg,2,180,503781030+-1030.tif,train
1267,/kaggle/working/real_text_10k_dataset/doc_g1267_rot270.jpg,3,270,503781030+-1030.tif,train
1268,/kaggle/working/real_text_10k_dataset/doc_g1268_rot0.jpg,0,0,2072492478.tif,train
1268,/kaggle/working/real_text_10k_dataset/doc_g1268_rot90.jpg,1,90,2072492478.tif,train
1268,/kaggle/working/real_text_10k_dataset/doc_g1268_rot180.jpg,2,180,2072492478.tif,train
1268,/kaggle/working/real_text_10k_dataset/doc_g1268_rot270.jpg,3,270,2072492478.tif,train
1269,/kaggle/working/real_text_10k_dataset/doc_g1269_rot0.jpg,0,0,2077422298.tif,train
1269,/kaggle/working/real_text_10k_dataset/doc_g1269_rot90.jpg,1,90,2077422298.tif,train
1269,/kaggle/working/real_text_10k_dataset/doc_g1269_rot180.jpg,2,180,2077422298.tif,train
1269,/kaggle/working/real_text_10k_dataset/doc_g1269_rot270.jpg,3,270,2077422298.tif,train
1270,/kaggle/working/real_text_10k_dataset/doc_g1270_rot0.jpg,0,0,909680.tif,val
1270,/kaggle/working/real_text_10k_dataset/doc_g1270_rot90.jpg,1,90,909680.tif,val
1270,/kaggle/working/real_text_10k_dataset/doc_g1270_rot180.jpg,2,180,909680.tif,val
1270,/kaggle/working/real_text_10k_dataset/doc_g1270_rot270.jpg,3,270,909680.tif,val
1271,/kaggle/working/real_text_10k_dataset/doc_g1271_rot0.jpg,0,0,2040769786.tif,train
1271,/kaggle/working/real_text_10k_dataset/doc_g1271_rot90.jpg,1,90,2040769786.tif,train
1271,/kaggle/working/real_text_10k_dataset/doc_g1271_rot180.jpg,2,180,2040769786.tif,train
1271,/kaggle/working/real_text_10k_dataset/doc_g1271_rot270.jpg,3,270,2040769786.tif,train
1272,/kaggle/working/real_text_10k_dataset/doc_g1272_rot0.jpg,0,0,2504079099-a_2504079102.tif,val
1272,/kaggle/working/real_text_10k_dataset/doc_g1272_rot90.jpg,1,90,2504079099-a_2504079102.tif,val
1272,/kaggle/working/real_text_10k_dataset/doc_g1272_rot180.jpg,2,180,2504079099-a_2504079102.tif,val
1272,/kaggle/working/real_text_10k_dataset/doc_g1272_rot270.jpg,3,270,2504079099-a_2504079102.tif,val
1273,/kaggle/working/real_text_10k_dataset/doc_g1273_rot0.jpg,0,0,2029236382.tif,train
1273,/kaggle/working/real_text_10k_dataset/doc_g1273_rot90.jpg,1,90,2029236382.tif,train
1273,/kaggle/working/real_text_10k_dataset/doc_g1273_rot180.jpg,2,180,2029236382.tif,train
1273,/kaggle/working/real_text_10k_dataset/doc_g1273_rot270.jpg,3,270,2029236382.tif,train
1274,/kaggle/working/real_text_10k_dataset/doc_g1274_rot0.jpg,0,0,507246165_507246171.tif,train
1274,/kaggle/working/real_text_10k_dataset/doc_g1274_rot90.jpg,1,90,507246165_507246171.tif,train
1274,/kaggle/working/real_text_10k_dataset/doc_g1274_rot180.jpg,2,180,507246165_507246171.tif,train
1274,/kaggle/working/real_text_10k_dataset/doc_g1274_rot270.jpg,3,270,507246165_507246171.tif,train
1275,/kaggle/working/real_text_10k_dataset/doc_g1275_rot0.jpg,0,0,96051952.tif,train
1275,/kaggle/working/real_text_10k_dataset/doc_g1275_rot90.jpg,1,90,96051952.tif,train
1275,/kaggle/working/real_text_10k_dataset/doc_g1275_rot180.jpg,2,180,96051952.tif,train
1275,/kaggle/working/real_text_10k_dataset/doc_g1275_rot270.jpg,3,270,96051952.tif,train
1276,/kaggle/working/real_text_10k_dataset/doc_g1276_rot0.jpg,0,0,510948297.tif,train
1276,/kaggle/working/real_text_10k_dataset/doc_g1276_rot90.jpg,1,90,510948297.tif,train
1276,/kaggle/working/real_text_10k_dataset/doc_g1276_rot180.jpg,2,180,510948297.tif,train
1276,/kaggle/working/real_text_10k_dataset/doc_g1276_rot270.jpg,3,270,510948297.tif,train
1277,/kaggle/working/real_text_10k_dataset/doc_g1277_rot0.jpg,0,0,ti04471810_1815.tif,train
1277,/kaggle/working/real_text_10k_dataset/doc_g1277_rot90.jpg,1,90,ti04471810_1815.tif,train
1277,/kaggle/working/real_text_10k_dataset/doc_g1277_rot180.jpg,2,180,ti04471810_1815.tif,train
1277,/kaggle/working/real_text_10k_dataset/doc_g1277_rot270.jpg,3,270,ti04471810_1815.tif,train
1278,/kaggle/working/real_text_10k_dataset/doc_g1278_rot0.jpg,0,0,0013006278.tif,train
1278,/kaggle/working/real_text_10k_dataset/doc_g1278_rot90.jpg,1,90,0013006278.tif,train
1278,/kaggle/working/real_text_10k_dataset/doc_g1278_rot180.jpg,2,180,0013006278.tif,train
1278,/kaggle/working/real_text_10k_dataset/doc_g1278_rot270.jpg,3,270,0013006278.tif,train
1279,/kaggle/working/real_text_10k_dataset/doc_g1279_rot0.jpg,0,0,045.jpg,test
1279,/kaggle/working/real_text_10k_dataset/doc_g1279_rot90.jpg,1,90,045.jpg,test
1279,/kaggle/working/real_text_10k_dataset/doc_g1279_rot180.jpg,2,180,045.jpg,test
1279,/kaggle/working/real_text_10k_dataset/doc_g1279_rot270.jpg,3,270,045.jpg,test
1280,/kaggle/working/real_text_10k_dataset/doc_g1280_rot0.jpg,0,0,1002763329.tif,test
1280,/kaggle/working/real_text_10k_dataset/doc_g1280_rot90.jpg,1,90,1002763329.tif,test
1280,/kaggle/working/real_text_10k_dataset/doc_g1280_rot180.jpg,2,180,1002763329.tif,test
1280,/kaggle/working/real_text_10k_dataset/doc_g1280_rot270.jpg,3,270,1002763329.tif,test
1281,/kaggle/working/real_text_10k_dataset/doc_g1281_rot0.jpg,0,0,2062191891_1911.tif,train
1281,/kaggle/working/real_text_10k_dataset/doc_g1281_rot90.jpg,1,90,2062191891_1911.tif,train
1281,/kaggle/working/real_text_10k_dataset/doc_g1281_rot180.jpg,2,180,2062191891_1911.tif,train
1281,/kaggle/working/real_text_10k_dataset/doc_g1281_rot270.jpg,3,270,2062191891_1911.tif,train
1282,/kaggle/working/real_text_10k_dataset/doc_g1282_rot0.jpg,0,0,50485022-5023.tif,val
1282,/kaggle/working/real_text_10k_dataset/doc_g1282_rot90.jpg,1,90,50485022-5023.tif,val
1282,/kaggle/working/real_text_10k_dataset/doc_g1282_rot180.jpg,2,180,50485022-5023.tif,val
1282,/kaggle/working/real_text_10k_dataset/doc_g1282_rot270.jpg,3,270,50485022-5023.tif,val
1283,/kaggle/working/real_text_10k_dataset/doc_g1283_rot0.jpg,0,0,50325850-5854.tif,train
1283,/kaggle/working/real_text_10k_dataset/doc_g1283_rot90.jpg,1,90,50325850-5854.tif,train
1283,/kaggle/working/real_text_10k_dataset/doc_g1283_rot180.jpg,2,180,50325850-5854.tif,train
1283,/kaggle/working/real_text_10k_dataset/doc_g1283_rot270.jpg,3,270,50325850-5854.tif,train
1284,/kaggle/working/real_text_10k_dataset/doc_g1284_rot0.jpg,0,0,2082665399_5429.tif,train
1284,/kaggle/working/real_text_10k_dataset/doc_g1284_rot90.jpg,1,90,2082665399_5429.tif,train
1284,/kaggle/working/real_text_10k_dataset/doc_g1284_rot180.jpg,2,180,2082665399_5429.tif,train
1284,/kaggle/working/real_text_10k_dataset/doc_g1284_rot270.jpg,3,270,2082665399_5429.tif,train
1285,/kaggle/working/real_text_10k_dataset/doc_g1285_rot0.jpg,0,0,502611490b-1491.tif,train
1285,/kaggle/working/real_text_10k_dataset/doc_g1285_rot90.jpg,1,90,502611490b-1491.tif,train
1285,/kaggle/working/real_text_10k_dataset/doc_g1285_rot180.jpg,2,180,502611490b-1491.tif,train
1285,/kaggle/working/real_text_10k_dataset/doc_g1285_rot270.jpg,3,270,502611490b-1491.tif,train
1286,/kaggle/working/real_text_10k_dataset/doc_g1286_rot0.jpg,0,0,2084058050.tif,val
1286,/kaggle/working/real_text_10k_dataset/doc_g1286_rot90.jpg,1,90,2084058050.tif,val
1286,/kaggle/working/real_text_10k_dataset/doc_g1286_rot180.jpg,2,180,2084058050.tif,val
1286,/kaggle/working/real_text_10k_dataset/doc_g1286_rot270.jpg,3,270,2084058050.tif,val
1287,/kaggle/working/real_text_10k_dataset/doc_g1287_rot0.jpg,0,0,71373445.tif,train
1287,/kaggle/working/real_text_10k_dataset/doc_g1287_rot90.jpg,1,90,71373445.tif,train
1287,/kaggle/working/real_text_10k_dataset/doc_g1287_rot180.jpg,2,180,71373445.tif,train
1287,/kaggle/working/real_text_10k_dataset/doc_g1287_rot270.jpg,3,270,71373445.tif,train
1288,/kaggle/working/real_text_10k_dataset/doc_g1288_rot0.jpg,0,0,80055444.tif,train
1288,/kaggle/working/real_text_10k_dataset/doc_g1288_rot90.jpg,1,90,80055444.tif,train
1288,/kaggle/working/real_text_10k_dataset/doc_g1288_rot180.jpg,2,180,80055444.tif,train
1288,/kaggle/working/real_text_10k_dataset/doc_g1288_rot270.jpg,3,270,80055444.tif,train
1289,/kaggle/working/real_text_10k_dataset/doc_g1289_rot0.jpg,0,0,2028392924_2028392929.tif,val
1289,/kaggle/working/real_text_10k_dataset/doc_g1289_rot90.jpg,1,90,2028392924_2028392929.tif,val
1289,/kaggle/working/real_text_10k_dataset/doc_g1289_rot180.jpg,2,180,2028392924_2028392929.tif,val
1289,/kaggle/working/real_text_10k_dataset/doc_g1289_rot270.jpg,3,270,2028392924_2028392929.tif,val
1290,/kaggle/working/real_text_10k_dataset/doc_g1290_rot0.jpg,0,0,tob00603.85.tif,test
1290,/kaggle/working/real_text_10k_dataset/doc_g1290_rot90.jpg,1,90,tob00603.85.tif,test
1290,/kaggle/working/real_text_10k_dataset/doc_g1290_rot180.jpg,2,180,tob00603.85.tif,test
1290,/kaggle/working/real_text_10k_dataset/doc_g1290_rot270.jpg,3,270,tob00603.85.tif,test
1291,/kaggle/working/real_text_10k_dataset/doc_g1291_rot0.jpg,0,0,2051531949.tif,test
1291,/kaggle/working/real_text_10k_dataset/doc_g1291_rot90.jpg,1,90,2051531949.tif,test
1291,/kaggle/working/real_text_10k_dataset/doc_g1291_rot180.jpg,2,180,2051531949.tif,test
1291,/kaggle/working/real_text_10k_dataset/doc_g1291_rot270.jpg,3,270,2051531949.tif,test
1292,/kaggle/working/real_text_10k_dataset/doc_g1292_rot0.jpg,0,0,2070983540.tif,train
1292,/kaggle/working/real_text_10k_dataset/doc_g1292_rot90.jpg,1,90,2070983540.tif,train
1292,/kaggle/working/real_text_10k_dataset/doc_g1292_rot180.jpg,2,180,2070983540.tif,train
1292,/kaggle/working/real_text_10k_dataset/doc_g1292_rot270.jpg,3,270,2070983540.tif,train
1293,/kaggle/working/real_text_10k_dataset/doc_g1293_rot0.jpg,0,0,515627803+-7804.tif,train
1293,/kaggle/working/real_text_10k_dataset/doc_g1293_rot90.jpg,1,90,515627803+-7804.tif,train
1293,/kaggle/working/real_text_10k_dataset/doc_g1293_rot180.jpg,2,180,515627803+-7804.tif,train
1293,/kaggle/working/real_text_10k_dataset/doc_g1293_rot270.jpg,3,270,515627803+-7804.tif,train
1294,/kaggle/working/real_text_10k_dataset/doc_g1294_rot0.jpg,0,0,0060360645.tif,val
1294,/kaggle/working/real_text_10k_dataset/doc_g1294_rot90.jpg,1,90,0060360645.tif,val
1294,/kaggle/working/real_text_10k_dataset/doc_g1294_rot180.jpg,2,180,0060360645.tif,val
1294,/kaggle/working/real_text_10k_dataset/doc_g1294_rot270.jpg,3,270,0060360645.tif,val
1295,/kaggle/working/real_text_10k_dataset/doc_g1295_rot0.jpg,0,0,2063651717.tif,train
1295,/kaggle/working/real_text_10k_dataset/doc_g1295_rot90.jpg,1,90,2063651717.tif,train
1295,/kaggle/working/real_text_10k_dataset/doc_g1295_rot180.jpg,2,180,2063651717.tif,train
1295,/kaggle/working/real_text_10k_dataset/doc_g1295_rot270.jpg,3,270,2063651717.tif,train
1296,/kaggle/working/real_text_10k_dataset/doc_g1296_rot0.jpg,0,0,50480568-0569.tif,val
1296,/kaggle/working/real_text_10k_dataset/doc_g1296_rot90.jpg,1,90,50480568-0569.tif,val
1296,/kaggle/working/real_text_10k_dataset/doc_g1296_rot180.jpg,2,180,50480568-0569.tif,val
1296,/kaggle/working/real_text_10k_dataset/doc_g1296_rot270.jpg,3,270,50480568-0569.tif,val
1297,/kaggle/working/real_text_10k_dataset/doc_g1297_rot0.jpg,0,0,509618465.tif,train
1297,/kaggle/working/real_text_10k_dataset/doc_g1297_rot90.jpg,1,90,509618465.tif,train
1297,/kaggle/working/real_text_10k_dataset/doc_g1297_rot180.jpg,2,180,509618465.tif,train
1297,/kaggle/working/real_text_10k_dataset/doc_g1297_rot270.jpg,3,270,509618465.tif,train
1298,/kaggle/working/real_text_10k_dataset/doc_g1298_rot0.jpg,0,0,88208489_88208507.tif,train
1298,/kaggle/working/real_text_10k_dataset/doc_g1298_rot90.jpg,1,90,88208489_88208507.tif,train
1298,/kaggle/working/real_text_10k_dataset/doc_g1298_rot180.jpg,2,180,88208489_88208507.tif,train
1298,/kaggle/working/real_text_10k_dataset/doc_g1298_rot270.jpg,3,270,88208489_88208507.tif,train
1299,/kaggle/working/real_text_10k_dataset/doc_g1299_rot0.jpg,0,0,1002965818_1002965820.tif,train
1299,/kaggle/working/real_text_10k_dataset/doc_g1299_rot90.jpg,1,90,1002965818_1002965820.tif,train
1299,/kaggle/working/real_text_10k_dataset/doc_g1299_rot180.jpg,2,180,1002965818_1002965820.tif,train
1299,/kaggle/working/real_text_10k_dataset/doc_g1299_rot270.jpg,3,270,1002965818_1002965820.tif,train
1300,/kaggle/working/real_text_10k_dataset/doc_g1300_rot0.jpg,0,0,2505459557_9560.tif,train
1300,/kaggle/working/real_text_10k_dataset/doc_g1300_rot90.jpg,1,90,2505459557_9560.tif,train
1300,/kaggle/working/real_text_10k_dataset/doc_g1300_rot180.jpg,2,180,2505459557_9560.tif,train
1300,/kaggle/working/real_text_10k_dataset/doc_g1300_rot270.jpg,3,270,2505459557_9560.tif,train
1301,/kaggle/working/real_text_10k_dataset/doc_g1301_rot0.jpg,0,0,516481663+-1706.tif,train
1301,/kaggle/working/real_text_10k_dataset/doc_g1301_rot90.jpg,1,90,516481663+-1706.tif,train
1301,/kaggle/working/real_text_10k_dataset/doc_g1301_rot180.jpg,2,180,516481663+-1706.tif,train
1301,/kaggle/working/real_text_10k_dataset/doc_g1301_rot270.jpg,3,270,516481663+-1706.tif,train
1302,/kaggle/working/real_text_10k_dataset/doc_g1302_rot0.jpg,0,0,320.jpg,test
1302,/kaggle/working/real_text_10k_dataset/doc_g1302_rot90.jpg,1,90,320.jpg,test
1302,/kaggle/working/real_text_10k_dataset/doc_g1302_rot180.jpg,2,180,320.jpg,test
1302,/kaggle/working/real_text_10k_dataset/doc_g1302_rot270.jpg,3,270,320.jpg,test
1303,/kaggle/working/real_text_10k_dataset/doc_g1303_rot0.jpg,0,0,X00016469671.jpg,train
1303,/kaggle/working/real_text_10k_dataset/doc_g1303_rot90.jpg,1,90,X00016469671.jpg,train
1303,/kaggle/working/real_text_10k_dataset/doc_g1303_rot180.jpg,2,180,X00016469671.jpg,train
1303,/kaggle/working/real_text_10k_dataset/doc_g1303_rot270.jpg,3,270,X00016469671.jpg,train
1304,/kaggle/working/real_text_10k_dataset/doc_g1304_rot0.jpg,0,0,2024001900_2024001901.tif,train
1304,/kaggle/working/real_text_10k_dataset/doc_g1304_rot90.jpg,1,90,2024001900_2024001901.tif,train
1304,/kaggle/working/real_text_10k_dataset/doc_g1304_rot180.jpg,2,180,2024001900_2024001901.tif,train
1304,/kaggle/working/real_text_10k_dataset/doc_g1304_rot270.jpg,3,270,2024001900_2024001901.tif,train
1305,/kaggle/working/real_text_10k_dataset/doc_g1305_rot0.jpg,0,0,522658765+-8766.tif,train
1305,/kaggle/working/real_text_10k_dataset/doc_g1305_rot90.jpg,1,90,522658765+-8766.tif,train
1305,/kaggle/working/real_text_10k_dataset/doc_g1305_rot180.jpg,2,180,522658765+-8766.tif,train
1305,/kaggle/working/real_text_10k_dataset/doc_g1305_rot270.jpg,3,270,522658765+-8766.tif,train
1306,/kaggle/working/real_text_10k_dataset/doc_g1306_rot0.jpg,0,0,2063319836_9837.tif,train
1306,/kaggle/working/real_text_10k_dataset/doc_g1306_rot90.jpg,1,90,2063319836_9837.tif,train
1306,/kaggle/working/real_text_10k_dataset/doc_g1306_rot180.jpg,2,180,2063319836_9837.tif,train
1306,/kaggle/working/real_text_10k_dataset/doc_g1306_rot270.jpg,3,270,2063319836_9837.tif,train
1307,/kaggle/working/real_text_10k_dataset/doc_g1307_rot0.jpg,0,0,2071722849.tif,train
1307,/kaggle/working/real_text_10k_dataset/doc_g1307_rot90.jpg,1,90,2071722849.tif,train
1307,/kaggle/working/real_text_10k_dataset/doc_g1307_rot180.jpg,2,180,2071722849.tif,train
1307,/kaggle/working/real_text_10k_dataset/doc_g1307_rot270.jpg,3,270,2071722849.tif,train
1308,/kaggle/working/real_text_10k_dataset/doc_g1308_rot0.jpg,0,0,2072411939.tif,train
1308,/kaggle/working/real_text_10k_dataset/doc_g1308_rot90.jpg,1,90,2072411939.tif,train
1308,/kaggle/working/real_text_10k_dataset/doc_g1308_rot180.jpg,2,180,2072411939.tif,train
1308,/kaggle/working/real_text_10k_dataset/doc_g1308_rot270.jpg,3,270,2072411939.tif,train
1309,/kaggle/working/real_text_10k_dataset/doc_g1309_rot0.jpg,0,0,2071862855a.tif,train
1309,/kaggle/working/real_text_10k_dataset/doc_g1309_rot90.jpg,1,90,2071862855a.tif,train
1309,/kaggle/working/real_text_10k_dataset/doc_g1309_rot180.jpg,2,180,2071862855a.tif,train
1309,/kaggle/working/real_text_10k_dataset/doc_g1309_rot270.jpg,3,270,2071862855a.tif,train
1310,/kaggle/working/real_text_10k_dataset/doc_g1310_rot0.jpg,0,0,2029198673.tif,train
1310,/kaggle/working/real_text_10k_dataset/doc_g1310_rot90.jpg,1,90,2029198673.tif,train
1310,/kaggle/working/real_text_10k_dataset/doc_g1310_rot180.jpg,2,180,2029198673.tif,train
1310,/kaggle/working/real_text_10k_dataset/doc_g1310_rot270.jpg,3,270,2029198673.tif,train
1311,/kaggle/working/real_text_10k_dataset/doc_g1311_rot0.jpg,0,0,2026361750.tif,train
1311,/kaggle/working/real_text_10k_dataset/doc_g1311_rot90.jpg,1,90,2026361750.tif,train
1311,/kaggle/working/real_text_10k_dataset/doc_g1311_rot180.jpg,2,180,2026361750.tif,train
1311,/kaggle/working/real_text_10k_dataset/doc_g1311_rot270.jpg,3,270,2026361750.tif,train
1312,/kaggle/working/real_text_10k_dataset/doc_g1312_rot0.jpg,0,0,1000835331_1000835333.tif,train
1312,/kaggle/working/real_text_10k_dataset/doc_g1312_rot90.jpg,1,90,1000835331_1000835333.tif,train
1312,/kaggle/working/real_text_10k_dataset/doc_g1312_rot180.jpg,2,180,1000835331_1000835333.tif,train
1312,/kaggle/working/real_text_10k_dataset/doc_g1312_rot270.jpg,3,270,1000835331_1000835333.tif,train
1313,/kaggle/working/real_text_10k_dataset/doc_g1313_rot0.jpg,0,0,1000799375.tif,train
1313,/kaggle/working/real_text_10k_dataset/doc_g1313_rot90.jpg,1,90,1000799375.tif,train
1313,/kaggle/working/real_text_10k_dataset/doc_g1313_rot180.jpg,2,180,1000799375.tif,train
1313,/kaggle/working/real_text_10k_dataset/doc_g1313_rot270.jpg,3,270,1000799375.tif,train
1314,/kaggle/working/real_text_10k_dataset/doc_g1314_rot0.jpg,0,0,03155193.tif,val
1314,/kaggle/working/real_text_10k_dataset/doc_g1314_rot90.jpg,1,90,03155193.tif,val
1314,/kaggle/working/real_text_10k_dataset/doc_g1314_rot180.jpg,2,180,03155193.tif,val
1314,/kaggle/working/real_text_10k_dataset/doc_g1314_rot270.jpg,3,270,03155193.tif,val
1315,/kaggle/working/real_text_10k_dataset/doc_g1315_rot0.jpg,0,0,2028711777.tif,train
1315,/kaggle/working/real_text_10k_dataset/doc_g1315_rot90.jpg,1,90,2028711777.tif,train
1315,/kaggle/working/real_text_10k_dataset/doc_g1315_rot180.jpg,2,180,2028711777.tif,train
1315,/kaggle/working/real_text_10k_dataset/doc_g1315_rot270.jpg,3,270,2028711777.tif,train
1316,/kaggle/working/real_text_10k_dataset/doc_g1316_rot0.jpg,0,0,receipt_00280.png,train
1316,/kaggle/working/real_text_10k_dataset/doc_g1316_rot90.jpg,1,90,receipt_00280.png,train
1316,/kaggle/working/real_text_10k_dataset/doc_g1316_rot180.jpg,2,180,receipt_00280.png,train
1316,/kaggle/working/real_text_10k_dataset/doc_g1316_rot270.jpg,3,270,receipt_00280.png,train
1317,/kaggle/working/real_text_10k_dataset/doc_g1317_rot0.jpg,0,0,517512577+-2579.tif,train
1317,/kaggle/working/real_text_10k_dataset/doc_g1317_rot90.jpg,1,90,517512577+-2579.tif,train
1317,/kaggle/working/real_text_10k_dataset/doc_g1317_rot180.jpg,2,180,517512577+-2579.tif,train
1317,/kaggle/working/real_text_10k_dataset/doc_g1317_rot270.jpg,3,270,517512577+-2579.tif,train
1318,/kaggle/working/real_text_10k_dataset/doc_g1318_rot0.jpg,0,0,ti16370230.tif,train
1318,/kaggle/working/real_text_10k_dataset/doc_g1318_rot90.jpg,1,90,ti16370230.tif,train
1318,/kaggle/working/real_text_10k_dataset/doc_g1318_rot180.jpg,2,180,ti16370230.tif,train
1318,/kaggle/working/real_text_10k_dataset/doc_g1318_rot270.jpg,3,270,ti16370230.tif,train
1319,/kaggle/working/real_text_10k_dataset/doc_g1319_rot0.jpg,0,0,2049425983.tif,train
1319,/kaggle/working/real_text_10k_dataset/doc_g1319_rot90.jpg,1,90,2049425983.tif,train
1319,/kaggle/working/real_text_10k_dataset/doc_g1319_rot180.jpg,2,180,2049425983.tif,train
1319,/kaggle/working/real_text_10k_dataset/doc_g1319_rot270.jpg,3,270,2049425983.tif,train
1320,/kaggle/working/real_text_10k_dataset/doc_g1320_rot0.jpg,0,0,0060221317.tif,train
1320,/kaggle/working/real_text_10k_dataset/doc_g1320_rot90.jpg,1,90,0060221317.tif,train
1320,/kaggle/working/real_text_10k_dataset/doc_g1320_rot180.jpg,2,180,0060221317.tif,train
1320,/kaggle/working/real_text_10k_dataset/doc_g1320_rot270.jpg,3,270,0060221317.tif,train
1321,/kaggle/working/real_text_10k_dataset/doc_g1321_rot0.jpg,0,0,515945866+-5867.tif,train
1321,/kaggle/working/real_text_10k_dataset/doc_g1321_rot90.jpg,1,90,515945866+-5867.tif,train
1321,/kaggle/working/real_text_10k_dataset/doc_g1321_rot180.jpg,2,180,515945866+-5867.tif,train
1321,/kaggle/working/real_text_10k_dataset/doc_g1321_rot270.jpg,3,270,515945866+-5867.tif,train
1322,/kaggle/working/real_text_10k_dataset/doc_g1322_rot0.jpg,0,0,2074463413_3413a.tif,val
1322,/kaggle/working/real_text_10k_dataset/doc_g1322_rot90.jpg,1,90,2074463413_3413a.tif,val
1322,/kaggle/working/real_text_10k_dataset/doc_g1322_rot180.jpg,2,180,2074463413_3413a.tif,val
1322,/kaggle/working/real_text_10k_dataset/doc_g1322_rot270.jpg,3,270,2074463413_3413a.tif,val
1323,/kaggle/working/real_text_10k_dataset/doc_g1323_rot0.jpg,0,0,1003286169.tif,test
1323,/kaggle/working/real_text_10k_dataset/doc_g1323_rot90.jpg,1,90,1003286169.tif,test
1323,/kaggle/working/real_text_10k_dataset/doc_g1323_rot180.jpg,2,180,1003286169.tif,test
1323,/kaggle/working/real_text_10k_dataset/doc_g1323_rot270.jpg,3,270,1003286169.tif,test
1324,/kaggle/working/real_text_10k_dataset/doc_g1324_rot0.jpg,0,0,2501867892_7896.tif,train
1324,/kaggle/working/real_text_10k_dataset/doc_g1324_rot90.jpg,1,90,2501867892_7896.tif,train
1324,/kaggle/working/real_text_10k_dataset/doc_g1324_rot180.jpg,2,180,2501867892_7896.tif,train
1324,/kaggle/working/real_text_10k_dataset/doc_g1324_rot270.jpg,3,270,2501867892_7896.tif,train
1325,/kaggle/working/real_text_10k_dataset/doc_g1325_rot0.jpg,0,0,946.jpg,train
1325,/kaggle/working/real_text_10k_dataset/doc_g1325_rot90.jpg,1,90,946.jpg,train
1325,/kaggle/working/real_text_10k_dataset/doc_g1325_rot180.jpg,2,180,946.jpg,train
1325,/kaggle/working/real_text_10k_dataset/doc_g1325_rot270.jpg,3,270,946.jpg,train
1326,/kaggle/working/real_text_10k_dataset/doc_g1326_rot0.jpg,0,0,18005283.tif,train
1326,/kaggle/working/real_text_10k_dataset/doc_g1326_rot90.jpg,1,90,18005283.tif,train
1326,/kaggle/working/real_text_10k_dataset/doc_g1326_rot180.jpg,2,180,18005283.tif,train
1326,/kaggle/working/real_text_10k_dataset/doc_g1326_rot270.jpg,3,270,18005283.tif,train
1327,/kaggle/working/real_text_10k_dataset/doc_g1327_rot0.jpg,0,0,receipt_00007.png,train
1327,/kaggle/working/real_text_10k_dataset/doc_g1327_rot90.jpg,1,90,receipt_00007.png,train
1327,/kaggle/working/real_text_10k_dataset/doc_g1327_rot180.jpg,2,180,receipt_00007.png,train
1327,/kaggle/working/real_text_10k_dataset/doc_g1327_rot270.jpg,3,270,receipt_00007.png,train
1328,/kaggle/working/real_text_10k_dataset/doc_g1328_rot0.jpg,0,0,500497029+-7029.tif,train
1328,/kaggle/working/real_text_10k_dataset/doc_g1328_rot90.jpg,1,90,500497029+-7029.tif,train
1328,/kaggle/working/real_text_10k_dataset/doc_g1328_rot180.jpg,2,180,500497029+-7029.tif,train
1328,/kaggle/working/real_text_10k_dataset/doc_g1328_rot270.jpg,3,270,500497029+-7029.tif,train
1329,/kaggle/working/real_text_10k_dataset/doc_g1329_rot0.jpg,0,0,2029176909-a.tif,train
1329,/kaggle/working/real_text_10k_dataset/doc_g1329_rot90.jpg,1,90,2029176909-a.tif,train
1329,/kaggle/working/real_text_10k_dataset/doc_g1329_rot180.jpg,2,180,2029176909-a.tif,train
1329,/kaggle/working/real_text_10k_dataset/doc_g1329_rot270.jpg,3,270,2029176909-a.tif,train
1330,/kaggle/working/real_text_10k_dataset/doc_g1330_rot0.jpg,0,0,71202511.tif,train
1330,/kaggle/working/real_text_10k_dataset/doc_g1330_rot90.jpg,1,90,71202511.tif,train
1330,/kaggle/working/real_text_10k_dataset/doc_g1330_rot180.jpg,2,180,71202511.tif,train
1330,/kaggle/working/real_text_10k_dataset/doc_g1330_rot270.jpg,3,270,71202511.tif,train
1331,/kaggle/working/real_text_10k_dataset/doc_g1331_rot0.jpg,0,0,503545672_503545679.tif,train
1331,/kaggle/working/real_text_10k_dataset/doc_g1331_rot90.jpg,1,90,503545672_503545679.tif,train
1331,/kaggle/working/real_text_10k_dataset/doc_g1331_rot180.jpg,2,180,503545672_503545679.tif,train
1331,/kaggle/working/real_text_10k_dataset/doc_g1331_rot270.jpg,3,270,503545672_503545679.tif,train
1332,/kaggle/working/real_text_10k_dataset/doc_g1332_rot0.jpg,0,0,receipt_00096.png,train
1332,/kaggle/working/real_text_10k_dataset/doc_g1332_rot90.jpg,1,90,receipt_00096.png,train
1332,/kaggle/working/real_text_10k_dataset/doc_g1332_rot180.jpg,2,180,receipt_00096.png,train
1332,/kaggle/working/real_text_10k_dataset/doc_g1332_rot270.jpg,3,270,receipt_00096.png,train
1333,/kaggle/working/real_text_10k_dataset/doc_g1333_rot0.jpg,0,0,0000943948.tif,train
1333,/kaggle/working/real_text_10k_dataset/doc_g1333_rot90.jpg,1,90,0000943948.tif,train
1333,/kaggle/working/real_text_10k_dataset/doc_g1333_rot180.jpg,2,180,0000943948.tif,train
1333,/kaggle/working/real_text_10k_dataset/doc_g1333_rot270.jpg,3,270,0000943948.tif,train
1334,/kaggle/working/real_text_10k_dataset/doc_g1334_rot0.jpg,0,0,514879307+-9308.tif,train
1334,/kaggle/working/real_text_10k_dataset/doc_g1334_rot90.jpg,1,90,514879307+-9308.tif,train
1334,/kaggle/working/real_text_10k_dataset/doc_g1334_rot180.jpg,2,180,514879307+-9308.tif,train
1334,/kaggle/working/real_text_10k_dataset/doc_g1334_rot270.jpg,3,270,514879307+-9308.tif,train
1335,/kaggle/working/real_text_10k_dataset/doc_g1335_rot0.jpg,0,0,2057669093.tif,val
1335,/kaggle/working/real_text_10k_dataset/doc_g1335_rot90.jpg,1,90,2057669093.tif,val
1335,/kaggle/working/real_text_10k_dataset/doc_g1335_rot180.jpg,2,180,2057669093.tif,val
1335,/kaggle/working/real_text_10k_dataset/doc_g1335_rot270.jpg,3,270,2057669093.tif,val
1336,/kaggle/working/real_text_10k_dataset/doc_g1336_rot0.jpg,0,0,tim00772.38.tif,train
1336,/kaggle/working/real_text_10k_dataset/doc_g1336_rot90.jpg,1,90,tim00772.38.tif,train
1336,/kaggle/working/real_text_10k_dataset/doc_g1336_rot180.jpg,2,180,tim00772.38.tif,train
1336,/kaggle/working/real_text_10k_dataset/doc_g1336_rot270.jpg,3,270,tim00772.38.tif,train
1337,/kaggle/working/real_text_10k_dataset/doc_g1337_rot0.jpg,0,0,2072300027.tif,train
1337,/kaggle/working/real_text_10k_dataset/doc_g1337_rot90.jpg,1,90,2072300027.tif,train
1337,/kaggle/working/real_text_10k_dataset/doc_g1337_rot180.jpg,2,180,2072300027.tif,train
1337,/kaggle/working/real_text_10k_dataset/doc_g1337_rot270.jpg,3,270,2072300027.tif,train
1338,/kaggle/working/real_text_10k_dataset/doc_g1338_rot0.jpg,0,0,2025887741.tif,val
1338,/kaggle/working/real_text_10k_dataset/doc_g1338_rot90.jpg,1,90,2025887741.tif,val
1338,/kaggle/working/real_text_10k_dataset/doc_g1338_rot180.jpg,2,180,2025887741.tif,val
1338,/kaggle/working/real_text_10k_dataset/doc_g1338_rot270.jpg,3,270,2025887741.tif,val
1339,/kaggle/working/real_text_10k_dataset/doc_g1339_rot0.jpg,0,0,2505406741.tif,test
1339,/kaggle/working/real_text_10k_dataset/doc_g1339_rot90.jpg,1,90,2505406741.tif,test
1339,/kaggle/working/real_text_10k_dataset/doc_g1339_rot180.jpg,2,180,2505406741.tif,test
1339,/kaggle/working/real_text_10k_dataset/doc_g1339_rot270.jpg,3,270,2505406741.tif,test
1340,/kaggle/working/real_text_10k_dataset/doc_g1340_rot0.jpg,0,0,2505157226_7229.tif,train
1340,/kaggle/working/real_text_10k_dataset/doc_g1340_rot90.jpg,1,90,2505157226_7229.tif,train
1340,/kaggle/working/real_text_10k_dataset/doc_g1340_rot180.jpg,2,180,2505157226_7229.tif,train
1340,/kaggle/working/real_text_10k_dataset/doc_g1340_rot270.jpg,3,270,2505157226_7229.tif,train
1341,/kaggle/working/real_text_10k_dataset/doc_g1341_rot0.jpg,0,0,2077867949_7950.tif,test
1341,/kaggle/working/real_text_10k_dataset/doc_g1341_rot90.jpg,1,90,2077867949_7950.tif,test
1341,/kaggle/working/real_text_10k_dataset/doc_g1341_rot180.jpg,2,180,2077867949_7950.tif,test
1341,/kaggle/working/real_text_10k_dataset/doc_g1341_rot270.jpg,3,270,2077867949_7950.tif,test
1342,/kaggle/working/real_text_10k_dataset/doc_g1342_rot0.jpg,0,0,80412327_80412329.tif,test
1342,/kaggle/working/real_text_10k_dataset/doc_g1342_rot90.jpg,1,90,80412327_80412329.tif,test
1342,/kaggle/working/real_text_10k_dataset/doc_g1342_rot180.jpg,2,180,80412327_80412329.tif,test
1342,/kaggle/working/real_text_10k_dataset/doc_g1342_rot270.jpg,3,270,80412327_80412329.tif,test
1343,/kaggle/working/real_text_10k_dataset/doc_g1343_rot0.jpg,0,0,2084425942_5943.tif,train
1343,/kaggle/working/real_text_10k_dataset/doc_g1343_rot90.jpg,1,90,2084425942_5943.tif,train
1343,/kaggle/working/real_text_10k_dataset/doc_g1343_rot180.jpg,2,180,2084425942_5943.tif,train
1343,/kaggle/working/real_text_10k_dataset/doc_g1343_rot270.jpg,3,270,2084425942_5943.tif,train
1344,/kaggle/working/real_text_10k_dataset/doc_g1344_rot0.jpg,0,0,2024482807.tif,train
1344,/kaggle/working/real_text_10k_dataset/doc_g1344_rot90.jpg,1,90,2024482807.tif,train
1344,/kaggle/working/real_text_10k_dataset/doc_g1344_rot180.jpg,2,180,2024482807.tif,train
1344,/kaggle/working/real_text_10k_dataset/doc_g1344_rot270.jpg,3,270,2024482807.tif,train
1345,/kaggle/working/real_text_10k_dataset/doc_g1345_rot0.jpg,0,0,2077884813.tif,train
1345,/kaggle/working/real_text_10k_dataset/doc_g1345_rot90.jpg,1,90,2077884813.tif,train
1345,/kaggle/working/real_text_10k_dataset/doc_g1345_rot180.jpg,2,180,2077884813.tif,train
1345,/kaggle/working/real_text_10k_dataset/doc_g1345_rot270.jpg,3,270,2077884813.tif,train
1346,/kaggle/working/real_text_10k_dataset/doc_g1346_rot0.jpg,0,0,60035853.tif,train
1346,/kaggle/working/real_text_10k_dataset/doc_g1346_rot90.jpg,1,90,60035853.tif,train
1346,/kaggle/working/real_text_10k_dataset/doc_g1346_rot180.jpg,2,180,60035853.tif,train
1346,/kaggle/working/real_text_10k_dataset/doc_g1346_rot270.jpg,3,270,60035853.tif,train
1347,/kaggle/working/real_text_10k_dataset/doc_g1347_rot0.jpg,0,0,50437200-7201.tif,train
1347,/kaggle/working/real_text_10k_dataset/doc_g1347_rot90.jpg,1,90,50437200-7201.tif,train
1347,/kaggle/working/real_text_10k_dataset/doc_g1347_rot180.jpg,2,180,50437200-7201.tif,train
1347,/kaggle/working/real_text_10k_dataset/doc_g1347_rot270.jpg,3,270,50437200-7201.tif,train
1348,/kaggle/working/real_text_10k_dataset/doc_g1348_rot0.jpg,0,0,91514757.tif,train
1348,/kaggle/working/real_text_10k_dataset/doc_g1348_rot90.jpg,1,90,91514757.tif,train
1348,/kaggle/working/real_text_10k_dataset/doc_g1348_rot180.jpg,2,180,91514757.tif,train
1348,/kaggle/working/real_text_10k_dataset/doc_g1348_rot270.jpg,3,270,91514757.tif,train
1349,/kaggle/working/real_text_10k_dataset/doc_g1349_rot0.jpg,0,0,80042924.tif,train
1349,/kaggle/working/real_text_10k_dataset/doc_g1349_rot90.jpg,1,90,80042924.tif,train
1349,/kaggle/working/real_text_10k_dataset/doc_g1349_rot180.jpg,2,180,80042924.tif,train
1349,/kaggle/working/real_text_10k_dataset/doc_g1349_rot270.jpg,3,270,80042924.tif,train
1350,/kaggle/working/real_text_10k_dataset/doc_g1350_rot0.jpg,0,0,01129649.tif,train
1350,/kaggle/working/real_text_10k_dataset/doc_g1350_rot90.jpg,1,90,01129649.tif,train
1350,/kaggle/working/real_text_10k_dataset/doc_g1350_rot180.jpg,2,180,01129649.tif,train
1350,/kaggle/working/real_text_10k_dataset/doc_g1350_rot270.jpg,3,270,01129649.tif,train
1351,/kaggle/working/real_text_10k_dataset/doc_g1351_rot0.jpg,0,0,X51008099085.jpg,train
1351,/kaggle/working/real_text_10k_dataset/doc_g1351_rot90.jpg,1,90,X51008099085.jpg,train
1351,/kaggle/working/real_text_10k_dataset/doc_g1351_rot180.jpg,2,180,X51008099085.jpg,train
1351,/kaggle/working/real_text_10k_dataset/doc_g1351_rot270.jpg,3,270,X51008099085.jpg,train
1352,/kaggle/working/real_text_10k_dataset/doc_g1352_rot0.jpg,0,0,50568479-8493.tif,train
1352,/kaggle/working/real_text_10k_dataset/doc_g1352_rot90.jpg,1,90,50568479-8493.tif,train
1352,/kaggle/working/real_text_10k_dataset/doc_g1352_rot180.jpg,2,180,50568479-8493.tif,train
1352,/kaggle/working/real_text_10k_dataset/doc_g1352_rot270.jpg,3,270,50568479-8493.tif,train
1353,/kaggle/working/real_text_10k_dataset/doc_g1353_rot0.jpg,0,0,2023321706.tif,test
1353,/kaggle/working/real_text_10k_dataset/doc_g1353_rot90.jpg,1,90,2023321706.tif,test
1353,/kaggle/working/real_text_10k_dataset/doc_g1353_rot180.jpg,2,180,2023321706.tif,test
1353,/kaggle/working/real_text_10k_dataset/doc_g1353_rot270.jpg,3,270,2023321706.tif,test
1354,/kaggle/working/real_text_10k_dataset/doc_g1354_rot0.jpg,0,0,2047183275.tif,train
1354,/kaggle/working/real_text_10k_dataset/doc_g1354_rot90.jpg,1,90,2047183275.tif,train
1354,/kaggle/working/real_text_10k_dataset/doc_g1354_rot180.jpg,2,180,2047183275.tif,train
1354,/kaggle/working/real_text_10k_dataset/doc_g1354_rot270.jpg,3,270,2047183275.tif,train
1355,/kaggle/working/real_text_10k_dataset/doc_g1355_rot0.jpg,0,0,50726099-6099.tif,train
1355,/kaggle/working/real_text_10k_dataset/doc_g1355_rot90.jpg,1,90,50726099-6099.tif,train
1355,/kaggle/working/real_text_10k_dataset/doc_g1355_rot180.jpg,2,180,50726099-6099.tif,train
1355,/kaggle/working/real_text_10k_dataset/doc_g1355_rot270.jpg,3,270,50726099-6099.tif,train
1356,/kaggle/working/real_text_10k_dataset/doc_g1356_rot0.jpg,0,0,1003801167_1169.tif,val
1356,/kaggle/working/real_text_10k_dataset/doc_g1356_rot90.jpg,1,90,1003801167_1169.tif,val
1356,/kaggle/working/real_text_10k_dataset/doc_g1356_rot180.jpg,2,180,1003801167_1169.tif,val
1356,/kaggle/working/real_text_10k_dataset/doc_g1356_rot270.jpg,3,270,1003801167_1169.tif,val
1357,/kaggle/working/real_text_10k_dataset/doc_g1357_rot0.jpg,0,0,572.jpg,val
1357,/kaggle/working/real_text_10k_dataset/doc_g1357_rot90.jpg,1,90,572.jpg,val
1357,/kaggle/working/real_text_10k_dataset/doc_g1357_rot180.jpg,2,180,572.jpg,val
1357,/kaggle/working/real_text_10k_dataset/doc_g1357_rot270.jpg,3,270,572.jpg,val
1358,/kaggle/working/real_text_10k_dataset/doc_g1358_rot0.jpg,0,0,0000080824.tif,train
1358,/kaggle/working/real_text_10k_dataset/doc_g1358_rot90.jpg,1,90,0000080824.tif,train
1358,/kaggle/working/real_text_10k_dataset/doc_g1358_rot180.jpg,2,180,0000080824.tif,train
1358,/kaggle/working/real_text_10k_dataset/doc_g1358_rot270.jpg,3,270,0000080824.tif,train
1359,/kaggle/working/real_text_10k_dataset/doc_g1359_rot0.jpg,0,0,95602645.tif,train
1359,/kaggle/working/real_text_10k_dataset/doc_g1359_rot90.jpg,1,90,95602645.tif,train
1359,/kaggle/working/real_text_10k_dataset/doc_g1359_rot180.jpg,2,180,95602645.tif,train
1359,/kaggle/working/real_text_10k_dataset/doc_g1359_rot270.jpg,3,270,95602645.tif,train
1360,/kaggle/working/real_text_10k_dataset/doc_g1360_rot0.jpg,0,0,2046976137_6141.tif,train
1360,/kaggle/working/real_text_10k_dataset/doc_g1360_rot90.jpg,1,90,2046976137_6141.tif,train
1360,/kaggle/working/real_text_10k_dataset/doc_g1360_rot180.jpg,2,180,2046976137_6141.tif,train
1360,/kaggle/working/real_text_10k_dataset/doc_g1360_rot270.jpg,3,270,2046976137_6141.tif,train
1361,/kaggle/working/real_text_10k_dataset/doc_g1361_rot0.jpg,0,0,2076690151.tif,train
1361,/kaggle/working/real_text_10k_dataset/doc_g1361_rot90.jpg,1,90,2076690151.tif,train
1361,/kaggle/working/real_text_10k_dataset/doc_g1361_rot180.jpg,2,180,2076690151.tif,train
1361,/kaggle/working/real_text_10k_dataset/doc_g1361_rot270.jpg,3,270,2076690151.tif,train
1362,/kaggle/working/real_text_10k_dataset/doc_g1362_rot0.jpg,0,0,2044934746.tif,train
1362,/kaggle/working/real_text_10k_dataset/doc_g1362_rot90.jpg,1,90,2044934746.tif,train
1362,/kaggle/working/real_text_10k_dataset/doc_g1362_rot180.jpg,2,180,2044934746.tif,train
1362,/kaggle/working/real_text_10k_dataset/doc_g1362_rot270.jpg,3,270,2044934746.tif,train
1363,/kaggle/working/real_text_10k_dataset/doc_g1363_rot0.jpg,0,0,94121325.tif,test
1363,/kaggle/working/real_text_10k_dataset/doc_g1363_rot90.jpg,1,90,94121325.tif,test
1363,/kaggle/working/real_text_10k_dataset/doc_g1363_rot180.jpg,2,180,94121325.tif,test
1363,/kaggle/working/real_text_10k_dataset/doc_g1363_rot270.jpg,3,270,94121325.tif,test
1364,/kaggle/working/real_text_10k_dataset/doc_g1364_rot0.jpg,0,0,40035030-5031.tif,train
1364,/kaggle/working/real_text_10k_dataset/doc_g1364_rot90.jpg,1,90,40035030-5031.tif,train
1364,/kaggle/working/real_text_10k_dataset/doc_g1364_rot180.jpg,2,180,40035030-5031.tif,train
1364,/kaggle/working/real_text_10k_dataset/doc_g1364_rot270.jpg,3,270,40035030-5031.tif,train
1365,/kaggle/working/real_text_10k_dataset/doc_g1365_rot0.jpg,0,0,0000055036.tif,train
1365,/kaggle/working/real_text_10k_dataset/doc_g1365_rot90.jpg,1,90,0000055036.tif,train
1365,/kaggle/working/real_text_10k_dataset/doc_g1365_rot180.jpg,2,180,0000055036.tif,train
1365,/kaggle/working/real_text_10k_dataset/doc_g1365_rot270.jpg,3,270,0000055036.tif,train
1366,/kaggle/working/real_text_10k_dataset/doc_g1366_rot0.jpg,0,0,507016771_507016780.tif,train
1366,/kaggle/working/real_text_10k_dataset/doc_g1366_rot90.jpg,1,90,507016771_507016780.tif,train
1366,/kaggle/working/real_text_10k_dataset/doc_g1366_rot180.jpg,2,180,507016771_507016780.tif,train
1366,/kaggle/working/real_text_10k_dataset/doc_g1366_rot270.jpg,3,270,507016771_507016780.tif,train
1367,/kaggle/working/real_text_10k_dataset/doc_g1367_rot0.jpg,0,0,0000244528.tif,train
1367,/kaggle/working/real_text_10k_dataset/doc_g1367_rot90.jpg,1,90,0000244528.tif,train
1367,/kaggle/working/real_text_10k_dataset/doc_g1367_rot180.jpg,2,180,0000244528.tif,train
1367,/kaggle/working/real_text_10k_dataset/doc_g1367_rot270.jpg,3,270,0000244528.tif,train
1368,/kaggle/working/real_text_10k_dataset/doc_g1368_rot0.jpg,0,0,2077127773.tif,train
1368,/kaggle/working/real_text_10k_dataset/doc_g1368_rot90.jpg,1,90,2077127773.tif,train
1368,/kaggle/working/real_text_10k_dataset/doc_g1368_rot180.jpg,2,180,2077127773.tif,train
1368,/kaggle/working/real_text_10k_dataset/doc_g1368_rot270.jpg,3,270,2077127773.tif,train
1369,/kaggle/working/real_text_10k_dataset/doc_g1369_rot0.jpg,0,0,2040768603.tif,val
1369,/kaggle/working/real_text_10k_dataset/doc_g1369_rot90.jpg,1,90,2040768603.tif,val
1369,/kaggle/working/real_text_10k_dataset/doc_g1369_rot180.jpg,2,180,2040768603.tif,val
1369,/kaggle/working/real_text_10k_dataset/doc_g1369_rot270.jpg,3,270,2040768603.tif,val
1370,/kaggle/working/real_text_10k_dataset/doc_g1370_rot0.jpg,0,0,2062907371.tif,train
1370,/kaggle/working/real_text_10k_dataset/doc_g1370_rot90.jpg,1,90,2062907371.tif,train
1370,/kaggle/working/real_text_10k_dataset/doc_g1370_rot180.jpg,2,180,2062907371.tif,train
1370,/kaggle/working/real_text_10k_dataset/doc_g1370_rot270.jpg,3,270,2062907371.tif,train
1371,/kaggle/working/real_text_10k_dataset/doc_g1371_rot0.jpg,0,0,2065182594_2609.tif,val
1371,/kaggle/working/real_text_10k_dataset/doc_g1371_rot90.jpg,1,90,2065182594_2609.tif,val
1371,/kaggle/working/real_text_10k_dataset/doc_g1371_rot180.jpg,2,180,2065182594_2609.tif,val
1371,/kaggle/working/real_text_10k_dataset/doc_g1371_rot270.jpg,3,270,2065182594_2609.tif,val
1372,/kaggle/working/real_text_10k_dataset/doc_g1372_rot0.jpg,0,0,514284207.tif,train
1372,/kaggle/working/real_text_10k_dataset/doc_g1372_rot90.jpg,1,90,514284207.tif,train
1372,/kaggle/working/real_text_10k_dataset/doc_g1372_rot180.jpg,2,180,514284207.tif,train
1372,/kaggle/working/real_text_10k_dataset/doc_g1372_rot270.jpg,3,270,514284207.tif,train
1373,/kaggle/working/real_text_10k_dataset/doc_g1373_rot0.jpg,0,0,50608614-8614.tif,train
1373,/kaggle/working/real_text_10k_dataset/doc_g1373_rot90.jpg,1,90,50608614-8614.tif,train
1373,/kaggle/working/real_text_10k_dataset/doc_g1373_rot180.jpg,2,180,50608614-8614.tif,train
1373,/kaggle/working/real_text_10k_dataset/doc_g1373_rot270.jpg,3,270,50608614-8614.tif,train
1374,/kaggle/working/real_text_10k_dataset/doc_g1374_rot0.jpg,0,0,50728829-8837.tif,train
1374,/kaggle/working/real_text_10k_dataset/doc_g1374_rot90.jpg,1,90,50728829-8837.tif,train
1374,/kaggle/working/real_text_10k_dataset/doc_g1374_rot180.jpg,2,180,50728829-8837.tif,train
1374,/kaggle/working/real_text_10k_dataset/doc_g1374_rot270.jpg,3,270,50728829-8837.tif,train
1375,/kaggle/working/real_text_10k_dataset/doc_g1375_rot0.jpg,0,0,2076615348.tif,train
1375,/kaggle/working/real_text_10k_dataset/doc_g1375_rot90.jpg,1,90,2076615348.tif,train
1375,/kaggle/working/real_text_10k_dataset/doc_g1375_rot180.jpg,2,180,2076615348.tif,train
1375,/kaggle/working/real_text_10k_dataset/doc_g1375_rot270.jpg,3,270,2076615348.tif,train
1376,/kaggle/working/real_text_10k_dataset/doc_g1376_rot0.jpg,0,0,2083635570a.tif,test
1376,/kaggle/working/real_text_10k_dataset/doc_g1376_rot90.jpg,1,90,2083635570a.tif,test
1376,/kaggle/working/real_text_10k_dataset/doc_g1376_rot180.jpg,2,180,2083635570a.tif,test
1376,/kaggle/working/real_text_10k_dataset/doc_g1376_rot270.jpg,3,270,2083635570a.tif,test
1377,/kaggle/working/real_text_10k_dataset/doc_g1377_rot0.jpg,0,0,522749973+-9974.tif,test
1377,/kaggle/working/real_text_10k_dataset/doc_g1377_rot90.jpg,1,90,522749973+-9974.tif,test
1377,/kaggle/working/real_text_10k_dataset/doc_g1377_rot180.jpg,2,180,522749973+-9974.tif,test
1377,/kaggle/working/real_text_10k_dataset/doc_g1377_rot270.jpg,3,270,522749973+-9974.tif,test
1378,/kaggle/working/real_text_10k_dataset/doc_g1378_rot0.jpg,0,0,03062505.tif,train
1378,/kaggle/working/real_text_10k_dataset/doc_g1378_rot90.jpg,1,90,03062505.tif,train
1378,/kaggle/working/real_text_10k_dataset/doc_g1378_rot180.jpg,2,180,03062505.tif,train
1378,/kaggle/working/real_text_10k_dataset/doc_g1378_rot270.jpg,3,270,03062505.tif,train
1379,/kaggle/working/real_text_10k_dataset/doc_g1379_rot0.jpg,0,0,2076614893.tif,train
1379,/kaggle/working/real_text_10k_dataset/doc_g1379_rot90.jpg,1,90,2076614893.tif,train
1379,/kaggle/working/real_text_10k_dataset/doc_g1379_rot180.jpg,2,180,2076614893.tif,train
1379,/kaggle/working/real_text_10k_dataset/doc_g1379_rot270.jpg,3,270,2076614893.tif,train
1380,/kaggle/working/real_text_10k_dataset/doc_g1380_rot0.jpg,0,0,0060140756.tif,train
1380,/kaggle/working/real_text_10k_dataset/doc_g1380_rot90.jpg,1,90,0060140756.tif,train
1380,/kaggle/working/real_text_10k_dataset/doc_g1380_rot180.jpg,2,180,0060140756.tif,train
1380,/kaggle/working/real_text_10k_dataset/doc_g1380_rot270.jpg,3,270,0060140756.tif,train
1381,/kaggle/working/real_text_10k_dataset/doc_g1381_rot0.jpg,0,0,0060211544.tif,test
1381,/kaggle/working/real_text_10k_dataset/doc_g1381_rot90.jpg,1,90,0060211544.tif,test
1381,/kaggle/working/real_text_10k_dataset/doc_g1381_rot180.jpg,2,180,0060211544.tif,test
1381,/kaggle/working/real_text_10k_dataset/doc_g1381_rot270.jpg,3,270,0060211544.tif,test
1382,/kaggle/working/real_text_10k_dataset/doc_g1382_rot0.jpg,0,0,50379465-9466.tif,test
1382,/kaggle/working/real_text_10k_dataset/doc_g1382_rot90.jpg,1,90,50379465-9466.tif,test
1382,/kaggle/working/real_text_10k_dataset/doc_g1382_rot180.jpg,2,180,50379465-9466.tif,test
1382,/kaggle/working/real_text_10k_dataset/doc_g1382_rot270.jpg,3,270,50379465-9466.tif,test
1383,/kaggle/working/real_text_10k_dataset/doc_g1383_rot0.jpg,0,0,89000786.tif,test
1383,/kaggle/working/real_text_10k_dataset/doc_g1383_rot90.jpg,1,90,89000786.tif,test
1383,/kaggle/working/real_text_10k_dataset/doc_g1383_rot180.jpg,2,180,89000786.tif,test
1383,/kaggle/working/real_text_10k_dataset/doc_g1383_rot270.jpg,3,270,89000786.tif,test
1384,/kaggle/working/real_text_10k_dataset/doc_g1384_rot0.jpg,0,0,2505161233.tif,train
1384,/kaggle/working/real_text_10k_dataset/doc_g1384_rot90.jpg,1,90,2505161233.tif,train
1384,/kaggle/working/real_text_10k_dataset/doc_g1384_rot180.jpg,2,180,2505161233.tif,train
1384,/kaggle/working/real_text_10k_dataset/doc_g1384_rot270.jpg,3,270,2505161233.tif,train
1385,/kaggle/working/real_text_10k_dataset/doc_g1385_rot0.jpg,0,0,2081261941.tif,train
1385,/kaggle/working/real_text_10k_dataset/doc_g1385_rot90.jpg,1,90,2081261941.tif,train
1385,/kaggle/working/real_text_10k_dataset/doc_g1385_rot180.jpg,2,180,2081261941.tif,train
1385,/kaggle/working/real_text_10k_dataset/doc_g1385_rot270.jpg,3,270,2081261941.tif,train
1386,/kaggle/working/real_text_10k_dataset/doc_g1386_rot0.jpg,0,0,80688983.tif,train
1386,/kaggle/working/real_text_10k_dataset/doc_g1386_rot90.jpg,1,90,80688983.tif,train
1386,/kaggle/working/real_text_10k_dataset/doc_g1386_rot180.jpg,2,180,80688983.tif,train
1386,/kaggle/working/real_text_10k_dataset/doc_g1386_rot270.jpg,3,270,80688983.tif,train
1387,/kaggle/working/real_text_10k_dataset/doc_g1387_rot0.jpg,0,0,11302833.tif,train
1387,/kaggle/working/real_text_10k_dataset/doc_g1387_rot90.jpg,1,90,11302833.tif,train
1387,/kaggle/working/real_text_10k_dataset/doc_g1387_rot180.jpg,2,180,11302833.tif,train
1387,/kaggle/working/real_text_10k_dataset/doc_g1387_rot270.jpg,3,270,11302833.tif,train
1388,/kaggle/working/real_text_10k_dataset/doc_g1388_rot0.jpg,0,0,2050242998.tif,train
1388,/kaggle/working/real_text_10k_dataset/doc_g1388_rot90.jpg,1,90,2050242998.tif,train
1388,/kaggle/working/real_text_10k_dataset/doc_g1388_rot180.jpg,2,180,2050242998.tif,train
1388,/kaggle/working/real_text_10k_dataset/doc_g1388_rot270.jpg,3,270,2050242998.tif,train
1389,/kaggle/working/real_text_10k_dataset/doc_g1389_rot0.jpg,0,0,2023512813_2023512818.tif,train
1389,/kaggle/working/real_text_10k_dataset/doc_g1389_rot90.jpg,1,90,2023512813_2023512818.tif,train
1389,/kaggle/working/real_text_10k_dataset/doc_g1389_rot180.jpg,2,180,2023512813_2023512818.tif,train
1389,/kaggle/working/real_text_10k_dataset/doc_g1389_rot270.jpg,3,270,2023512813_2023512818.tif,train
1390,/kaggle/working/real_text_10k_dataset/doc_g1390_rot0.jpg,0,0,2085524068.tif,train
1390,/kaggle/working/real_text_10k_dataset/doc_g1390_rot90.jpg,1,90,2085524068.tif,train
1390,/kaggle/working/real_text_10k_dataset/doc_g1390_rot180.jpg,2,180,2085524068.tif,train
1390,/kaggle/working/real_text_10k_dataset/doc_g1390_rot270.jpg,3,270,2085524068.tif,train
1391,/kaggle/working/real_text_10k_dataset/doc_g1391_rot0.jpg,0,0,1001400997_0998.tif,train
1391,/kaggle/working/real_text_10k_dataset/doc_g1391_rot90.jpg,1,90,1001400997_0998.tif,train
1391,/kaggle/working/real_text_10k_dataset/doc_g1391_rot180.jpg,2,180,1001400997_0998.tif,train
1391,/kaggle/working/real_text_10k_dataset/doc_g1391_rot270.jpg,3,270,1001400997_0998.tif,train
1392,/kaggle/working/real_text_10k_dataset/doc_g1392_rot0.jpg,0,0,tob11436.43.tif,train
1392,/kaggle/working/real_text_10k_dataset/doc_g1392_rot90.jpg,1,90,tob11436.43.tif,train
1392,/kaggle/working/real_text_10k_dataset/doc_g1392_rot180.jpg,2,180,tob11436.43.tif,train
1392,/kaggle/working/real_text_10k_dataset/doc_g1392_rot270.jpg,3,270,tob11436.43.tif,train
1393,/kaggle/working/real_text_10k_dataset/doc_g1393_rot0.jpg,0,0,1002615729_1002615731.tif,train
1393,/kaggle/working/real_text_10k_dataset/doc_g1393_rot90.jpg,1,90,1002615729_1002615731.tif,train
1393,/kaggle/working/real_text_10k_dataset/doc_g1393_rot180.jpg,2,180,1002615729_1002615731.tif,train
1393,/kaggle/working/real_text_10k_dataset/doc_g1393_rot270.jpg,3,270,1002615729_1002615731.tif,train
1394,/kaggle/working/real_text_10k_dataset/doc_g1394_rot0.jpg,0,0,2505442230_2262.tif,train
1394,/kaggle/working/real_text_10k_dataset/doc_g1394_rot90.jpg,1,90,2505442230_2262.tif,train
1394,/kaggle/working/real_text_10k_dataset/doc_g1394_rot180.jpg,2,180,2505442230_2262.tif,train
1394,/kaggle/working/real_text_10k_dataset/doc_g1394_rot270.jpg,3,270,2505442230_2262.tif,train
1395,/kaggle/working/real_text_10k_dataset/doc_g1395_rot0.jpg,0,0,1002402701a.tif,train
1395,/kaggle/working/real_text_10k_dataset/doc_g1395_rot90.jpg,1,90,1002402701a.tif,train
1395,/kaggle/working/real_text_10k_dataset/doc_g1395_rot180.jpg,2,180,1002402701a.tif,train
1395,/kaggle/working/real_text_10k_dataset/doc_g1395_rot270.jpg,3,270,1002402701a.tif,train
1396,/kaggle/working/real_text_10k_dataset/doc_g1396_rot0.jpg,0,0,2024746014.tif,test
1396,/kaggle/working/real_text_10k_dataset/doc_g1396_rot90.jpg,1,90,2024746014.tif,test
1396,/kaggle/working/real_text_10k_dataset/doc_g1396_rot180.jpg,2,180,2024746014.tif,test
1396,/kaggle/working/real_text_10k_dataset/doc_g1396_rot270.jpg,3,270,2024746014.tif,test
1397,/kaggle/working/real_text_10k_dataset/doc_g1397_rot0.jpg,0,0,50532704-2705.tif,train
1397,/kaggle/working/real_text_10k_dataset/doc_g1397_rot90.jpg,1,90,50532704-2705.tif,train
1397,/kaggle/working/real_text_10k_dataset/doc_g1397_rot180.jpg,2,180,50532704-2705.tif,train
1397,/kaggle/working/real_text_10k_dataset/doc_g1397_rot270.jpg,3,270,50532704-2705.tif,train
1398,/kaggle/working/real_text_10k_dataset/doc_g1398_rot0.jpg,0,0,ti10051463.tif,train
1398,/kaggle/working/real_text_10k_dataset/doc_g1398_rot90.jpg,1,90,ti10051463.tif,train
1398,/kaggle/working/real_text_10k_dataset/doc_g1398_rot180.jpg,2,180,ti10051463.tif,train
1398,/kaggle/working/real_text_10k_dataset/doc_g1398_rot270.jpg,3,270,ti10051463.tif,train
1399,/kaggle/working/real_text_10k_dataset/doc_g1399_rot0.jpg,0,0,2024919331.tif,val
1399,/kaggle/working/real_text_10k_dataset/doc_g1399_rot90.jpg,1,90,2024919331.tif,val
1399,/kaggle/working/real_text_10k_dataset/doc_g1399_rot180.jpg,2,180,2024919331.tif,val
1399,/kaggle/working/real_text_10k_dataset/doc_g1399_rot270.jpg,3,270,2024919331.tif,val
1400,/kaggle/working/real_text_10k_dataset/doc_g1400_rot0.jpg,0,0,2080450165.tif,test
1400,/kaggle/working/real_text_10k_dataset/doc_g1400_rot90.jpg,1,90,2080450165.tif,test
1400,/kaggle/working/real_text_10k_dataset/doc_g1400_rot180.jpg,2,180,2080450165.tif,test
1400,/kaggle/working/real_text_10k_dataset/doc_g1400_rot270.jpg,3,270,2080450165.tif,test
1401,/kaggle/working/real_text_10k_dataset/doc_g1401_rot0.jpg,0,0,2071550970_0971.tif,train
1401,/kaggle/working/real_text_10k_dataset/doc_g1401_rot90.jpg,1,90,2071550970_0971.tif,train
1401,/kaggle/working/real_text_10k_dataset/doc_g1401_rot180.jpg,2,180,2071550970_0971.tif,train
1401,/kaggle/working/real_text_10k_dataset/doc_g1401_rot270.jpg,3,270,2071550970_0971.tif,train
1402,/kaggle/working/real_text_10k_dataset/doc_g1402_rot0.jpg,0,0,tob08906.17.tif,train
1402,/kaggle/working/real_text_10k_dataset/doc_g1402_rot90.jpg,1,90,tob08906.17.tif,train
1402,/kaggle/working/real_text_10k_dataset/doc_g1402_rot180.jpg,2,180,tob08906.17.tif,train
1402,/kaggle/working/real_text_10k_dataset/doc_g1402_rot270.jpg,3,270,tob08906.17.tif,train
1403,/kaggle/working/real_text_10k_dataset/doc_g1403_rot0.jpg,0,0,2045994709.tif,train
1403,/kaggle/working/real_text_10k_dataset/doc_g1403_rot90.jpg,1,90,2045994709.tif,train
1403,/kaggle/working/real_text_10k_dataset/doc_g1403_rot180.jpg,2,180,2045994709.tif,train
1403,/kaggle/working/real_text_10k_dataset/doc_g1403_rot270.jpg,3,270,2045994709.tif,train
1404,/kaggle/working/real_text_10k_dataset/doc_g1404_rot0.jpg,0,0,517725936+-5938.tif,train
1404,/kaggle/working/real_text_10k_dataset/doc_g1404_rot90.jpg,1,90,517725936+-5938.tif,train
1404,/kaggle/working/real_text_10k_dataset/doc_g1404_rot180.jpg,2,180,517725936+-5938.tif,train
1404,/kaggle/working/real_text_10k_dataset/doc_g1404_rot270.jpg,3,270,517725936+-5938.tif,train
1405,/kaggle/working/real_text_10k_dataset/doc_g1405_rot0.jpg,0,0,502594482.tif,test
1405,/kaggle/working/real_text_10k_dataset/doc_g1405_rot90.jpg,1,90,502594482.tif,test
1405,/kaggle/working/real_text_10k_dataset/doc_g1405_rot180.jpg,2,180,502594482.tif,test
1405,/kaggle/working/real_text_10k_dataset/doc_g1405_rot270.jpg,3,270,502594482.tif,test
1406,/kaggle/working/real_text_10k_dataset/doc_g1406_rot0.jpg,0,0,ti16561681.tif,train
1406,/kaggle/working/real_text_10k_dataset/doc_g1406_rot90.jpg,1,90,ti16561681.tif,train
1406,/kaggle/working/real_text_10k_dataset/doc_g1406_rot180.jpg,2,180,ti16561681.tif,train
1406,/kaggle/working/real_text_10k_dataset/doc_g1406_rot270.jpg,3,270,ti16561681.tif,train
1407,/kaggle/working/real_text_10k_dataset/doc_g1407_rot0.jpg,0,0,93216989.tif,train
1407,/kaggle/working/real_text_10k_dataset/doc_g1407_rot90.jpg,1,90,93216989.tif,train
1407,/kaggle/working/real_text_10k_dataset/doc_g1407_rot180.jpg,2,180,93216989.tif,train
1407,/kaggle/working/real_text_10k_dataset/doc_g1407_rot270.jpg,3,270,93216989.tif,train
1408,/kaggle/working/real_text_10k_dataset/doc_g1408_rot0.jpg,0,0,2058001013.tif,test
1408,/kaggle/working/real_text_10k_dataset/doc_g1408_rot90.jpg,1,90,2058001013.tif,test
1408,/kaggle/working/real_text_10k_dataset/doc_g1408_rot180.jpg,2,180,2058001013.tif,test
1408,/kaggle/working/real_text_10k_dataset/doc_g1408_rot270.jpg,3,270,2058001013.tif,test
1409,/kaggle/working/real_text_10k_dataset/doc_g1409_rot0.jpg,0,0,506587068+-7068.tif,train
1409,/kaggle/working/real_text_10k_dataset/doc_g1409_rot90.jpg,1,90,506587068+-7068.tif,train
1409,/kaggle/working/real_text_10k_dataset/doc_g1409_rot180.jpg,2,180,506587068+-7068.tif,train
1409,/kaggle/working/real_text_10k_dataset/doc_g1409_rot270.jpg,3,270,506587068+-7068.tif,train
1410,/kaggle/working/real_text_10k_dataset/doc_g1410_rot0.jpg,0,0,0001201428.tif,train
1410,/kaggle/working/real_text_10k_dataset/doc_g1410_rot90.jpg,1,90,0001201428.tif,train
1410,/kaggle/working/real_text_10k_dataset/doc_g1410_rot180.jpg,2,180,0001201428.tif,train
1410,/kaggle/working/real_text_10k_dataset/doc_g1410_rot270.jpg,3,270,0001201428.tif,train
1411,/kaggle/working/real_text_10k_dataset/doc_g1411_rot0.jpg,0,0,508239548.tif,train
1411,/kaggle/working/real_text_10k_dataset/doc_g1411_rot90.jpg,1,90,508239548.tif,train
1411,/kaggle/working/real_text_10k_dataset/doc_g1411_rot180.jpg,2,180,508239548.tif,train
1411,/kaggle/working/real_text_10k_dataset/doc_g1411_rot270.jpg,3,270,508239548.tif,train
1412,/kaggle/working/real_text_10k_dataset/doc_g1412_rot0.jpg,0,0,87408110.tif,train
1412,/kaggle/working/real_text_10k_dataset/doc_g1412_rot90.jpg,1,90,87408110.tif,train
1412,/kaggle/working/real_text_10k_dataset/doc_g1412_rot180.jpg,2,180,87408110.tif,train
1412,/kaggle/working/real_text_10k_dataset/doc_g1412_rot270.jpg,3,270,87408110.tif,train
1413,/kaggle/working/real_text_10k_dataset/doc_g1413_rot0.jpg,0,0,523233857+-3857.tif,val
1413,/kaggle/working/real_text_10k_dataset/doc_g1413_rot90.jpg,1,90,523233857+-3857.tif,val
1413,/kaggle/working/real_text_10k_dataset/doc_g1413_rot180.jpg,2,180,523233857+-3857.tif,val
1413,/kaggle/working/real_text_10k_dataset/doc_g1413_rot270.jpg,3,270,523233857+-3857.tif,val
1414,/kaggle/working/real_text_10k_dataset/doc_g1414_rot0.jpg,0,0,502599950+-9950.tif,train
1414,/kaggle/working/real_text_10k_dataset/doc_g1414_rot90.jpg,1,90,502599950+-9950.tif,train
1414,/kaggle/working/real_text_10k_dataset/doc_g1414_rot180.jpg,2,180,502599950+-9950.tif,train
1414,/kaggle/working/real_text_10k_dataset/doc_g1414_rot270.jpg,3,270,502599950+-9950.tif,train
1415,/kaggle/working/real_text_10k_dataset/doc_g1415_rot0.jpg,0,0,92578105.tif,test
1415,/kaggle/working/real_text_10k_dataset/doc_g1415_rot90.jpg,1,90,92578105.tif,test
1415,/kaggle/working/real_text_10k_dataset/doc_g1415_rot180.jpg,2,180,92578105.tif,test
1415,/kaggle/working/real_text_10k_dataset/doc_g1415_rot270.jpg,3,270,92578105.tif,test
1416,/kaggle/working/real_text_10k_dataset/doc_g1416_rot0.jpg,0,0,2085696731c.tif,train
1416,/kaggle/working/real_text_10k_dataset/doc_g1416_rot90.jpg,1,90,2085696731c.tif,train
1416,/kaggle/working/real_text_10k_dataset/doc_g1416_rot180.jpg,2,180,2085696731c.tif,train
1416,/kaggle/working/real_text_10k_dataset/doc_g1416_rot270.jpg,3,270,2085696731c.tif,train
1417,/kaggle/working/real_text_10k_dataset/doc_g1417_rot0.jpg,0,0,2057300532_2057300533.tif,train
1417,/kaggle/working/real_text_10k_dataset/doc_g1417_rot90.jpg,1,90,2057300532_2057300533.tif,train
1417,/kaggle/working/real_text_10k_dataset/doc_g1417_rot180.jpg,2,180,2057300532_2057300533.tif,train
1417,/kaggle/working/real_text_10k_dataset/doc_g1417_rot270.jpg,3,270,2057300532_2057300533.tif,train
1418,/kaggle/working/real_text_10k_dataset/doc_g1418_rot0.jpg,0,0,0060107314.tif,train
1418,/kaggle/working/real_text_10k_dataset/doc_g1418_rot90.jpg,1,90,0060107314.tif,train
1418,/kaggle/working/real_text_10k_dataset/doc_g1418_rot180.jpg,2,180,0060107314.tif,train
1418,/kaggle/working/real_text_10k_dataset/doc_g1418_rot270.jpg,3,270,0060107314.tif,train
1419,/kaggle/working/real_text_10k_dataset/doc_g1419_rot0.jpg,0,0,2505413075.tif,test
1419,/kaggle/working/real_text_10k_dataset/doc_g1419_rot90.jpg,1,90,2505413075.tif,test
1419,/kaggle/working/real_text_10k_dataset/doc_g1419_rot180.jpg,2,180,2505413075.tif,test
1419,/kaggle/working/real_text_10k_dataset/doc_g1419_rot270.jpg,3,270,2505413075.tif,test
1420,/kaggle/working/real_text_10k_dataset/doc_g1420_rot0.jpg,0,0,528015875+-5877.tif,train
1420,/kaggle/working/real_text_10k_dataset/doc_g1420_rot90.jpg,1,90,528015875+-5877.tif,train
1420,/kaggle/working/real_text_10k_dataset/doc_g1420_rot180.jpg,2,180,528015875+-5877.tif,train
1420,/kaggle/working/real_text_10k_dataset/doc_g1420_rot270.jpg,3,270,528015875+-5877.tif,train
1421,/kaggle/working/real_text_10k_dataset/doc_g1421_rot0.jpg,0,0,0060132885.tif,train
1421,/kaggle/working/real_text_10k_dataset/doc_g1421_rot90.jpg,1,90,0060132885.tif,train
1421,/kaggle/working/real_text_10k_dataset/doc_g1421_rot180.jpg,2,180,0060132885.tif,train
1421,/kaggle/working/real_text_10k_dataset/doc_g1421_rot270.jpg,3,270,0060132885.tif,train
1422,/kaggle/working/real_text_10k_dataset/doc_g1422_rot0.jpg,0,0,508960197_508960199.tif,train
1422,/kaggle/working/real_text_10k_dataset/doc_g1422_rot90.jpg,1,90,508960197_508960199.tif,train
1422,/kaggle/working/real_text_10k_dataset/doc_g1422_rot180.jpg,2,180,508960197_508960199.tif,train
1422,/kaggle/working/real_text_10k_dataset/doc_g1422_rot270.jpg,3,270,508960197_508960199.tif,train
1423,/kaggle/working/real_text_10k_dataset/doc_g1423_rot0.jpg,0,0,1002403922.tif,test
1423,/kaggle/working/real_text_10k_dataset/doc_g1423_rot90.jpg,1,90,1002403922.tif,test
1423,/kaggle/working/real_text_10k_dataset/doc_g1423_rot180.jpg,2,180,1002403922.tif,test
1423,/kaggle/working/real_text_10k_dataset/doc_g1423_rot270.jpg,3,270,1002403922.tif,test
1424,/kaggle/working/real_text_10k_dataset/doc_g1424_rot0.jpg,0,0,2043177883.tif,test
1424,/kaggle/working/real_text_10k_dataset/doc_g1424_rot90.jpg,1,90,2043177883.tif,test
1424,/kaggle/working/real_text_10k_dataset/doc_g1424_rot180.jpg,2,180,2043177883.tif,test
1424,/kaggle/working/real_text_10k_dataset/doc_g1424_rot270.jpg,3,270,2043177883.tif,test
1425,/kaggle/working/real_text_10k_dataset/doc_g1425_rot0.jpg,0,0,2085229671_9672.tif,train
1425,/kaggle/working/real_text_10k_dataset/doc_g1425_rot90.jpg,1,90,2085229671_9672.tif,train
1425,/kaggle/working/real_text_10k_dataset/doc_g1425_rot180.jpg,2,180,2085229671_9672.tif,train
1425,/kaggle/working/real_text_10k_dataset/doc_g1425_rot270.jpg,3,270,2085229671_9672.tif,train
1426,/kaggle/working/real_text_10k_dataset/doc_g1426_rot0.jpg,0,0,504550506.tif,train
1426,/kaggle/working/real_text_10k_dataset/doc_g1426_rot90.jpg,1,90,504550506.tif,train
1426,/kaggle/working/real_text_10k_dataset/doc_g1426_rot180.jpg,2,180,504550506.tif,train
1426,/kaggle/working/real_text_10k_dataset/doc_g1426_rot270.jpg,3,270,504550506.tif,train
1427,/kaggle/working/real_text_10k_dataset/doc_g1427_rot0.jpg,0,0,2064243106_3125.tif,train
1427,/kaggle/working/real_text_10k_dataset/doc_g1427_rot90.jpg,1,90,2064243106_3125.tif,train
1427,/kaggle/working/real_text_10k_dataset/doc_g1427_rot180.jpg,2,180,2064243106_3125.tif,train
1427,/kaggle/working/real_text_10k_dataset/doc_g1427_rot270.jpg,3,270,2064243106_3125.tif,train
1428,/kaggle/working/real_text_10k_dataset/doc_g1428_rot0.jpg,0,0,0000184486.tif,train
1428,/kaggle/working/real_text_10k_dataset/doc_g1428_rot90.jpg,1,90,0000184486.tif,train
1428,/kaggle/working/real_text_10k_dataset/doc_g1428_rot180.jpg,2,180,0000184486.tif,train
1428,/kaggle/working/real_text_10k_dataset/doc_g1428_rot270.jpg,3,270,0000184486.tif,train
1429,/kaggle/working/real_text_10k_dataset/doc_g1429_rot0.jpg,0,0,0001239054.tif,train
1429,/kaggle/working/real_text_10k_dataset/doc_g1429_rot90.jpg,1,90,0001239054.tif,train
1429,/kaggle/working/real_text_10k_dataset/doc_g1429_rot180.jpg,2,180,0001239054.tif,train
1429,/kaggle/working/real_text_10k_dataset/doc_g1429_rot270.jpg,3,270,0001239054.tif,train
1430,/kaggle/working/real_text_10k_dataset/doc_g1430_rot0.jpg,0,0,2074162370_2375.tif,val
1430,/kaggle/working/real_text_10k_dataset/doc_g1430_rot90.jpg,1,90,2074162370_2375.tif,val
1430,/kaggle/working/real_text_10k_dataset/doc_g1430_rot180.jpg,2,180,2074162370_2375.tif,val
1430,/kaggle/working/real_text_10k_dataset/doc_g1430_rot270.jpg,3,270,2074162370_2375.tif,val
1431,/kaggle/working/real_text_10k_dataset/doc_g1431_rot0.jpg,0,0,50425373-5373.tif,val
1431,/kaggle/working/real_text_10k_dataset/doc_g1431_rot90.jpg,1,90,50425373-5373.tif,val
1431,/kaggle/working/real_text_10k_dataset/doc_g1431_rot180.jpg,2,180,50425373-5373.tif,val
1431,/kaggle/working/real_text_10k_dataset/doc_g1431_rot270.jpg,3,270,50425373-5373.tif,val
1432,/kaggle/working/real_text_10k_dataset/doc_g1432_rot0.jpg,0,0,89396935_89396950.tif,train
1432,/kaggle/working/real_text_10k_dataset/doc_g1432_rot90.jpg,1,90,89396935_89396950.tif,train
1432,/kaggle/working/real_text_10k_dataset/doc_g1432_rot180.jpg,2,180,89396935_89396950.tif,train
1432,/kaggle/working/real_text_10k_dataset/doc_g1432_rot270.jpg,3,270,89396935_89396950.tif,train
1433,/kaggle/working/real_text_10k_dataset/doc_g1433_rot0.jpg,0,0,2040777148.tif,train
1433,/kaggle/working/real_text_10k_dataset/doc_g1433_rot90.jpg,1,90,2040777148.tif,train
1433,/kaggle/working/real_text_10k_dataset/doc_g1433_rot180.jpg,2,180,2040777148.tif,train
1433,/kaggle/working/real_text_10k_dataset/doc_g1433_rot270.jpg,3,270,2040777148.tif,train
1434,/kaggle/working/real_text_10k_dataset/doc_g1434_rot0.jpg,0,0,50632771-2771.tif,train
1434,/kaggle/working/real_text_10k_dataset/doc_g1434_rot90.jpg,1,90,50632771-2771.tif,train
1434,/kaggle/working/real_text_10k_dataset/doc_g1434_rot180.jpg,2,180,50632771-2771.tif,train
1434,/kaggle/working/real_text_10k_dataset/doc_g1434_rot270.jpg,3,270,50632771-2771.tif,train
1435,/kaggle/working/real_text_10k_dataset/doc_g1435_rot0.jpg,0,0,0060139195.tif,train
1435,/kaggle/working/real_text_10k_dataset/doc_g1435_rot90.jpg,1,90,0060139195.tif,train
1435,/kaggle/working/real_text_10k_dataset/doc_g1435_rot180.jpg,2,180,0060139195.tif,train
1435,/kaggle/working/real_text_10k_dataset/doc_g1435_rot270.jpg,3,270,0060139195.tif,train
1436,/kaggle/working/real_text_10k_dataset/doc_g1436_rot0.jpg,0,0,2074054461.tif,train
1436,/kaggle/working/real_text_10k_dataset/doc_g1436_rot90.jpg,1,90,2074054461.tif,train
1436,/kaggle/working/real_text_10k_dataset/doc_g1436_rot180.jpg,2,180,2074054461.tif,train
1436,/kaggle/working/real_text_10k_dataset/doc_g1436_rot270.jpg,3,270,2074054461.tif,train
1437,/kaggle/working/real_text_10k_dataset/doc_g1437_rot0.jpg,0,0,50024768.tif,test
1437,/kaggle/working/real_text_10k_dataset/doc_g1437_rot90.jpg,1,90,50024768.tif,test
1437,/kaggle/working/real_text_10k_dataset/doc_g1437_rot180.jpg,2,180,50024768.tif,test
1437,/kaggle/working/real_text_10k_dataset/doc_g1437_rot270.jpg,3,270,50024768.tif,test
1438,/kaggle/working/real_text_10k_dataset/doc_g1438_rot0.jpg,0,0,2040084117.tif,test
1438,/kaggle/working/real_text_10k_dataset/doc_g1438_rot90.jpg,1,90,2040084117.tif,test
1438,/kaggle/working/real_text_10k_dataset/doc_g1438_rot180.jpg,2,180,2040084117.tif,test
1438,/kaggle/working/real_text_10k_dataset/doc_g1438_rot270.jpg,3,270,2040084117.tif,test
1439,/kaggle/working/real_text_10k_dataset/doc_g1439_rot0.jpg,0,0,2078700049c.tif,train
1439,/kaggle/working/real_text_10k_dataset/doc_g1439_rot90.jpg,1,90,2078700049c.tif,train
1439,/kaggle/working/real_text_10k_dataset/doc_g1439_rot180.jpg,2,180,2078700049c.tif,train
1439,/kaggle/working/real_text_10k_dataset/doc_g1439_rot270.jpg,3,270,2078700049c.tif,train
1440,/kaggle/working/real_text_10k_dataset/doc_g1440_rot0.jpg,0,0,2500052682.tif,train
1440,/kaggle/working/real_text_10k_dataset/doc_g1440_rot90.jpg,1,90,2500052682.tif,train
1440,/kaggle/working/real_text_10k_dataset/doc_g1440_rot180.jpg,2,180,2500052682.tif,train
1440,/kaggle/working/real_text_10k_dataset/doc_g1440_rot270.jpg,3,270,2500052682.tif,train
1441,/kaggle/working/real_text_10k_dataset/doc_g1441_rot0.jpg,0,0,511982911_511982912.tif,train
1441,/kaggle/working/real_text_10k_dataset/doc_g1441_rot90.jpg,1,90,511982911_511982912.tif,train
1441,/kaggle/working/real_text_10k_dataset/doc_g1441_rot180.jpg,2,180,511982911_511982912.tif,train
1441,/kaggle/working/real_text_10k_dataset/doc_g1441_rot270.jpg,3,270,511982911_511982912.tif,train
1442,/kaggle/working/real_text_10k_dataset/doc_g1442_rot0.jpg,0,0,505315648+-5650.tif,val
1442,/kaggle/working/real_text_10k_dataset/doc_g1442_rot90.jpg,1,90,505315648+-5650.tif,val
1442,/kaggle/working/real_text_10k_dataset/doc_g1442_rot180.jpg,2,180,505315648+-5650.tif,val
1442,/kaggle/working/real_text_10k_dataset/doc_g1442_rot270.jpg,3,270,505315648+-5650.tif,val
1443,/kaggle/working/real_text_10k_dataset/doc_g1443_rot0.jpg,0,0,2078583911.tif,train
1443,/kaggle/working/real_text_10k_dataset/doc_g1443_rot90.jpg,1,90,2078583911.tif,train
1443,/kaggle/working/real_text_10k_dataset/doc_g1443_rot180.jpg,2,180,2078583911.tif,train
1443,/kaggle/working/real_text_10k_dataset/doc_g1443_rot270.jpg,3,270,2078583911.tif,train
1444,/kaggle/working/real_text_10k_dataset/doc_g1444_rot0.jpg,0,0,2501627821_2501627873.tif,train
1444,/kaggle/working/real_text_10k_dataset/doc_g1444_rot90.jpg,1,90,2501627821_2501627873.tif,train
1444,/kaggle/working/real_text_10k_dataset/doc_g1444_rot180.jpg,2,180,2501627821_2501627873.tif,train
1444,/kaggle/working/real_text_10k_dataset/doc_g1444_rot270.jpg,3,270,2501627821_2501627873.tif,train
1445,/kaggle/working/real_text_10k_dataset/doc_g1445_rot0.jpg,0,0,ti16792477.tif,val
1445,/kaggle/working/real_text_10k_dataset/doc_g1445_rot90.jpg,1,90,ti16792477.tif,val
1445,/kaggle/working/real_text_10k_dataset/doc_g1445_rot180.jpg,2,180,ti16792477.tif,val
1445,/kaggle/working/real_text_10k_dataset/doc_g1445_rot270.jpg,3,270,ti16792477.tif,val
1446,/kaggle/working/real_text_10k_dataset/doc_g1446_rot0.jpg,0,0,2078636996.tif,train
1446,/kaggle/working/real_text_10k_dataset/doc_g1446_rot90.jpg,1,90,2078636996.tif,train
1446,/kaggle/working/real_text_10k_dataset/doc_g1446_rot180.jpg,2,180,2078636996.tif,train
1446,/kaggle/working/real_text_10k_dataset/doc_g1446_rot270.jpg,3,270,2078636996.tif,train
1447,/kaggle/working/real_text_10k_dataset/doc_g1447_rot0.jpg,0,0,2063220242.tif,train
1447,/kaggle/working/real_text_10k_dataset/doc_g1447_rot90.jpg,1,90,2063220242.tif,train
1447,/kaggle/working/real_text_10k_dataset/doc_g1447_rot180.jpg,2,180,2063220242.tif,train
1447,/kaggle/working/real_text_10k_dataset/doc_g1447_rot270.jpg,3,270,2063220242.tif,train
1448,/kaggle/working/real_text_10k_dataset/doc_g1448_rot0.jpg,0,0,2028956262.tif,val
1448,/kaggle/working/real_text_10k_dataset/doc_g1448_rot90.jpg,1,90,2028956262.tif,val
1448,/kaggle/working/real_text_10k_dataset/doc_g1448_rot180.jpg,2,180,2028956262.tif,val
1448,/kaggle/working/real_text_10k_dataset/doc_g1448_rot270.jpg,3,270,2028956262.tif,val
1449,/kaggle/working/real_text_10k_dataset/doc_g1449_rot0.jpg,0,0,2505301578_1584.tif,test
1449,/kaggle/working/real_text_10k_dataset/doc_g1449_rot90.jpg,1,90,2505301578_1584.tif,test
1449,/kaggle/working/real_text_10k_dataset/doc_g1449_rot180.jpg,2,180,2505301578_1584.tif,test
1449,/kaggle/working/real_text_10k_dataset/doc_g1449_rot270.jpg,3,270,2505301578_1584.tif,test
1450,/kaggle/working/real_text_10k_dataset/doc_g1450_rot0.jpg,0,0,2085764621c_4622.tif,train
1450,/kaggle/working/real_text_10k_dataset/doc_g1450_rot90.jpg,1,90,2085764621c_4622.tif,train
1450,/kaggle/working/real_text_10k_dataset/doc_g1450_rot180.jpg,2,180,2085764621c_4622.tif,train
1450,/kaggle/working/real_text_10k_dataset/doc_g1450_rot270.jpg,3,270,2085764621c_4622.tif,train
1451,/kaggle/working/real_text_10k_dataset/doc_g1451_rot0.jpg,0,0,921.jpg,val
1451,/kaggle/working/real_text_10k_dataset/doc_g1451_rot90.jpg,1,90,921.jpg,val
1451,/kaggle/working/real_text_10k_dataset/doc_g1451_rot180.jpg,2,180,921.jpg,val
1451,/kaggle/working/real_text_10k_dataset/doc_g1451_rot270.jpg,3,270,921.jpg,val
1452,/kaggle/working/real_text_10k_dataset/doc_g1452_rot0.jpg,0,0,87277286.tif,train
1452,/kaggle/working/real_text_10k_dataset/doc_g1452_rot90.jpg,1,90,87277286.tif,train
1452,/kaggle/working/real_text_10k_dataset/doc_g1452_rot180.jpg,2,180,87277286.tif,train
1452,/kaggle/working/real_text_10k_dataset/doc_g1452_rot270.jpg,3,270,87277286.tif,train
1453,/kaggle/working/real_text_10k_dataset/doc_g1453_rot0.jpg,0,0,50461637-1637.tif,val
1453,/kaggle/working/real_text_10k_dataset/doc_g1453_rot90.jpg,1,90,50461637-1637.tif,val
1453,/kaggle/working/real_text_10k_dataset/doc_g1453_rot180.jpg,2,180,50461637-1637.tif,val
1453,/kaggle/working/real_text_10k_dataset/doc_g1453_rot270.jpg,3,270,50461637-1637.tif,val
1454,/kaggle/working/real_text_10k_dataset/doc_g1454_rot0.jpg,0,0,517124917_517124924.tif,val
1454,/kaggle/working/real_text_10k_dataset/doc_g1454_rot90.jpg,1,90,517124917_517124924.tif,val
1454,/kaggle/working/real_text_10k_dataset/doc_g1454_rot180.jpg,2,180,517124917_517124924.tif,val
1454,/kaggle/working/real_text_10k_dataset/doc_g1454_rot270.jpg,3,270,517124917_517124924.tif,val
1455,/kaggle/working/real_text_10k_dataset/doc_g1455_rot0.jpg,0,0,1001858667.tif,train
1455,/kaggle/working/real_text_10k_dataset/doc_g1455_rot90.jpg,1,90,1001858667.tif,train
1455,/kaggle/working/real_text_10k_dataset/doc_g1455_rot180.jpg,2,180,1001858667.tif,train
1455,/kaggle/working/real_text_10k_dataset/doc_g1455_rot270.jpg,3,270,1001858667.tif,train
1456,/kaggle/working/real_text_10k_dataset/doc_g1456_rot0.jpg,0,0,515888878+-8879.tif,train
1456,/kaggle/working/real_text_10k_dataset/doc_g1456_rot90.jpg,1,90,515888878+-8879.tif,train
1456,/kaggle/working/real_text_10k_dataset/doc_g1456_rot180.jpg,2,180,515888878+-8879.tif,train
1456,/kaggle/working/real_text_10k_dataset/doc_g1456_rot270.jpg,3,270,515888878+-8879.tif,train
1457,/kaggle/working/real_text_10k_dataset/doc_g1457_rot0.jpg,0,0,2078576512_6521.tif,train
1457,/kaggle/working/real_text_10k_dataset/doc_g1457_rot90.jpg,1,90,2078576512_6521.tif,train
1457,/kaggle/working/real_text_10k_dataset/doc_g1457_rot180.jpg,2,180,2078576512_6521.tif,train
1457,/kaggle/working/real_text_10k_dataset/doc_g1457_rot270.jpg,3,270,2078576512_6521.tif,train
1458,/kaggle/working/real_text_10k_dataset/doc_g1458_rot0.jpg,0,0,507266466+-6468.tif,train
1458,/kaggle/working/real_text_10k_dataset/doc_g1458_rot90.jpg,1,90,507266466+-6468.tif,train
1458,/kaggle/working/real_text_10k_dataset/doc_g1458_rot180.jpg,2,180,507266466+-6468.tif,train
1458,/kaggle/working/real_text_10k_dataset/doc_g1458_rot270.jpg,3,270,507266466+-6468.tif,train
1459,/kaggle/working/real_text_10k_dataset/doc_g1459_rot0.jpg,0,0,84458550_8556.tif,train
1459,/kaggle/working/real_text_10k_dataset/doc_g1459_rot90.jpg,1,90,84458550_8556.tif,train
1459,/kaggle/working/real_text_10k_dataset/doc_g1459_rot180.jpg,2,180,84458550_8556.tif,train
1459,/kaggle/working/real_text_10k_dataset/doc_g1459_rot270.jpg,3,270,84458550_8556.tif,train
1460,/kaggle/working/real_text_10k_dataset/doc_g1460_rot0.jpg,0,0,receipt_00113.png,train
1460,/kaggle/working/real_text_10k_dataset/doc_g1460_rot90.jpg,1,90,receipt_00113.png,train
1460,/kaggle/working/real_text_10k_dataset/doc_g1460_rot180.jpg,2,180,receipt_00113.png,train
1460,/kaggle/working/real_text_10k_dataset/doc_g1460_rot270.jpg,3,270,receipt_00113.png,train
1461,/kaggle/working/real_text_10k_dataset/doc_g1461_rot0.jpg,0,0,80313928_3950.tif,train
1461,/kaggle/working/real_text_10k_dataset/doc_g1461_rot90.jpg,1,90,80313928_3950.tif,train
1461,/kaggle/working/real_text_10k_dataset/doc_g1461_rot180.jpg,2,180,80313928_3950.tif,train
1461,/kaggle/working/real_text_10k_dataset/doc_g1461_rot270.jpg,3,270,80313928_3950.tif,train
1462,/kaggle/working/real_text_10k_dataset/doc_g1462_rot0.jpg,0,0,2058202556.tif,train
1462,/kaggle/working/real_text_10k_dataset/doc_g1462_rot90.jpg,1,90,2058202556.tif,train
1462,/kaggle/working/real_text_10k_dataset/doc_g1462_rot180.jpg,2,180,2058202556.tif,train
1462,/kaggle/working/real_text_10k_dataset/doc_g1462_rot270.jpg,3,270,2058202556.tif,train
1463,/kaggle/working/real_text_10k_dataset/doc_g1463_rot0.jpg,0,0,528808782+-8784.tif,train
1463,/kaggle/working/real_text_10k_dataset/doc_g1463_rot90.jpg,1,90,528808782+-8784.tif,train
1463,/kaggle/working/real_text_10k_dataset/doc_g1463_rot180.jpg,2,180,528808782+-8784.tif,train
1463,/kaggle/working/real_text_10k_dataset/doc_g1463_rot270.jpg,3,270,528808782+-8784.tif,train
1464,/kaggle/working/real_text_10k_dataset/doc_g1464_rot0.jpg,0,0,10331731_10331737.tif,train
1464,/kaggle/working/real_text_10k_dataset/doc_g1464_rot90.jpg,1,90,10331731_10331737.tif,train
1464,/kaggle/working/real_text_10k_dataset/doc_g1464_rot180.jpg,2,180,10331731_10331737.tif,train
1464,/kaggle/working/real_text_10k_dataset/doc_g1464_rot270.jpg,3,270,10331731_10331737.tif,train
1465,/kaggle/working/real_text_10k_dataset/doc_g1465_rot0.jpg,0,0,1003543217.tif,train
1465,/kaggle/working/real_text_10k_dataset/doc_g1465_rot90.jpg,1,90,1003543217.tif,train
1465,/kaggle/working/real_text_10k_dataset/doc_g1465_rot180.jpg,2,180,1003543217.tif,train
1465,/kaggle/working/real_text_10k_dataset/doc_g1465_rot270.jpg,3,270,1003543217.tif,train
1466,/kaggle/working/real_text_10k_dataset/doc_g1466_rot0.jpg,0,0,2051540519_2051540522.tif,val
1466,/kaggle/working/real_text_10k_dataset/doc_g1466_rot90.jpg,1,90,2051540519_2051540522.tif,val
1466,/kaggle/working/real_text_10k_dataset/doc_g1466_rot180.jpg,2,180,2051540519_2051540522.tif,val
1466,/kaggle/working/real_text_10k_dataset/doc_g1466_rot270.jpg,3,270,2051540519_2051540522.tif,val
1467,/kaggle/working/real_text_10k_dataset/doc_g1467_rot0.jpg,0,0,01409488.tif,train
1467,/kaggle/working/real_text_10k_dataset/doc_g1467_rot90.jpg,1,90,01409488.tif,train
1467,/kaggle/working/real_text_10k_dataset/doc_g1467_rot180.jpg,2,180,01409488.tif,train
1467,/kaggle/working/real_text_10k_dataset/doc_g1467_rot270.jpg,3,270,01409488.tif,train
1468,/kaggle/working/real_text_10k_dataset/doc_g1468_rot0.jpg,0,0,1003050007_1003050011.tif,train
1468,/kaggle/working/real_text_10k_dataset/doc_g1468_rot90.jpg,1,90,1003050007_1003050011.tif,train
1468,/kaggle/working/real_text_10k_dataset/doc_g1468_rot180.jpg,2,180,1003050007_1003050011.tif,train
1468,/kaggle/working/real_text_10k_dataset/doc_g1468_rot270.jpg,3,270,1003050007_1003050011.tif,train
1469,/kaggle/working/real_text_10k_dataset/doc_g1469_rot0.jpg,0,0,543.jpg,train
1469,/kaggle/working/real_text_10k_dataset/doc_g1469_rot90.jpg,1,90,543.jpg,train
1469,/kaggle/working/real_text_10k_dataset/doc_g1469_rot180.jpg,2,180,543.jpg,train
1469,/kaggle/working/real_text_10k_dataset/doc_g1469_rot270.jpg,3,270,543.jpg,train
1470,/kaggle/working/real_text_10k_dataset/doc_g1470_rot0.jpg,0,0,0000563430.tif,train
1470,/kaggle/working/real_text_10k_dataset/doc_g1470_rot90.jpg,1,90,0000563430.tif,train
1470,/kaggle/working/real_text_10k_dataset/doc_g1470_rot180.jpg,2,180,0000563430.tif,train
1470,/kaggle/working/real_text_10k_dataset/doc_g1470_rot270.jpg,3,270,0000563430.tif,train
1471,/kaggle/working/real_text_10k_dataset/doc_g1471_rot0.jpg,0,0,2029146089.tif,train
1471,/kaggle/working/real_text_10k_dataset/doc_g1471_rot90.jpg,1,90,2029146089.tif,train
1471,/kaggle/working/real_text_10k_dataset/doc_g1471_rot180.jpg,2,180,2029146089.tif,train
1471,/kaggle/working/real_text_10k_dataset/doc_g1471_rot270.jpg,3,270,2029146089.tif,train
1472,/kaggle/working/real_text_10k_dataset/doc_g1472_rot0.jpg,0,0,2024516705.tif,train
1472,/kaggle/working/real_text_10k_dataset/doc_g1472_rot90.jpg,1,90,2024516705.tif,train
1472,/kaggle/working/real_text_10k_dataset/doc_g1472_rot180.jpg,2,180,2024516705.tif,train
1472,/kaggle/working/real_text_10k_dataset/doc_g1472_rot270.jpg,3,270,2024516705.tif,train
1473,/kaggle/working/real_text_10k_dataset/doc_g1473_rot0.jpg,0,0,2070711602_1603.tif,train
1473,/kaggle/working/real_text_10k_dataset/doc_g1473_rot90.jpg,1,90,2070711602_1603.tif,train
1473,/kaggle/working/real_text_10k_dataset/doc_g1473_rot180.jpg,2,180,2070711602_1603.tif,train
1473,/kaggle/working/real_text_10k_dataset/doc_g1473_rot270.jpg,3,270,2070711602_1603.tif,train
1474,/kaggle/working/real_text_10k_dataset/doc_g1474_rot0.jpg,0,0,91540902.tif,train
1474,/kaggle/working/real_text_10k_dataset/doc_g1474_rot90.jpg,1,90,91540902.tif,train
1474,/kaggle/working/real_text_10k_dataset/doc_g1474_rot180.jpg,2,180,91540902.tif,train
1474,/kaggle/working/real_text_10k_dataset/doc_g1474_rot270.jpg,3,270,91540902.tif,train
1475,/kaggle/working/real_text_10k_dataset/doc_g1475_rot0.jpg,0,0,50328589-8590.tif,train
1475,/kaggle/working/real_text_10k_dataset/doc_g1475_rot90.jpg,1,90,50328589-8590.tif,train
1475,/kaggle/working/real_text_10k_dataset/doc_g1475_rot180.jpg,2,180,50328589-8590.tif,train
1475,/kaggle/working/real_text_10k_dataset/doc_g1475_rot270.jpg,3,270,50328589-8590.tif,train
1476,/kaggle/working/real_text_10k_dataset/doc_g1476_rot0.jpg,0,0,524109362+-9373.tif,train
1476,/kaggle/working/real_text_10k_dataset/doc_g1476_rot90.jpg,1,90,524109362+-9373.tif,train
1476,/kaggle/working/real_text_10k_dataset/doc_g1476_rot180.jpg,2,180,524109362+-9373.tif,train
1476,/kaggle/working/real_text_10k_dataset/doc_g1476_rot270.jpg,3,270,524109362+-9373.tif,train
1477,/kaggle/working/real_text_10k_dataset/doc_g1477_rot0.jpg,0,0,ti16610058.tif,test
1477,/kaggle/working/real_text_10k_dataset/doc_g1477_rot90.jpg,1,90,ti16610058.tif,test
1477,/kaggle/working/real_text_10k_dataset/doc_g1477_rot180.jpg,2,180,ti16610058.tif,test
1477,/kaggle/working/real_text_10k_dataset/doc_g1477_rot270.jpg,3,270,ti16610058.tif,test
1478,/kaggle/working/real_text_10k_dataset/doc_g1478_rot0.jpg,0,0,1002615955_1002615958.tif,train
1478,/kaggle/working/real_text_10k_dataset/doc_g1478_rot90.jpg,1,90,1002615955_1002615958.tif,train
1478,/kaggle/working/real_text_10k_dataset/doc_g1478_rot180.jpg,2,180,1002615955_1002615958.tif,train
1478,/kaggle/working/real_text_10k_dataset/doc_g1478_rot270.jpg,3,270,1002615955_1002615958.tif,train
1479,/kaggle/working/real_text_10k_dataset/doc_g1479_rot0.jpg,0,0,2029220583.tif,train
1479,/kaggle/working/real_text_10k_dataset/doc_g1479_rot90.jpg,1,90,2029220583.tif,train
1479,/kaggle/working/real_text_10k_dataset/doc_g1479_rot180.jpg,2,180,2029220583.tif,train
1479,/kaggle/working/real_text_10k_dataset/doc_g1479_rot270.jpg,3,270,2029220583.tif,train
1480,/kaggle/working/real_text_10k_dataset/doc_g1480_rot0.jpg,0,0,2505287423.tif,train
1480,/kaggle/working/real_text_10k_dataset/doc_g1480_rot90.jpg,1,90,2505287423.tif,train
1480,/kaggle/working/real_text_10k_dataset/doc_g1480_rot180.jpg,2,180,2505287423.tif,train
1480,/kaggle/working/real_text_10k_dataset/doc_g1480_rot270.jpg,3,270,2505287423.tif,train
1481,/kaggle/working/real_text_10k_dataset/doc_g1481_rot0.jpg,0,0,2086080416.tif,train
1481,/kaggle/working/real_text_10k_dataset/doc_g1481_rot90.jpg,1,90,2086080416.tif,train
1481,/kaggle/working/real_text_10k_dataset/doc_g1481_rot180.jpg,2,180,2086080416.tif,train
1481,/kaggle/working/real_text_10k_dataset/doc_g1481_rot270.jpg,3,270,2086080416.tif,train
1482,/kaggle/working/real_text_10k_dataset/doc_g1482_rot0.jpg,0,0,504310796+-0796.tif,train
1482,/kaggle/working/real_text_10k_dataset/doc_g1482_rot90.jpg,1,90,504310796+-0796.tif,train
1482,/kaggle/working/real_text_10k_dataset/doc_g1482_rot180.jpg,2,180,504310796+-0796.tif,train
1482,/kaggle/working/real_text_10k_dataset/doc_g1482_rot270.jpg,3,270,504310796+-0796.tif,train
1483,/kaggle/working/real_text_10k_dataset/doc_g1483_rot0.jpg,0,0,2031312968.tif,train
1483,/kaggle/working/real_text_10k_dataset/doc_g1483_rot90.jpg,1,90,2031312968.tif,train
1483,/kaggle/working/real_text_10k_dataset/doc_g1483_rot180.jpg,2,180,2031312968.tif,train
1483,/kaggle/working/real_text_10k_dataset/doc_g1483_rot270.jpg,3,270,2031312968.tif,train
1484,/kaggle/working/real_text_10k_dataset/doc_g1484_rot0.jpg,0,0,94008743_94008747.tif,train
1484,/kaggle/working/real_text_10k_dataset/doc_g1484_rot90.jpg,1,90,94008743_94008747.tif,train
1484,/kaggle/working/real_text_10k_dataset/doc_g1484_rot180.jpg,2,180,94008743_94008747.tif,train
1484,/kaggle/working/real_text_10k_dataset/doc_g1484_rot270.jpg,3,270,94008743_94008747.tif,train
1485,/kaggle/working/real_text_10k_dataset/doc_g1485_rot0.jpg,0,0,0000253142.tif,train
1485,/kaggle/working/real_text_10k_dataset/doc_g1485_rot90.jpg,1,90,0000253142.tif,train
1485,/kaggle/working/real_text_10k_dataset/doc_g1485_rot180.jpg,2,180,0000253142.tif,train
1485,/kaggle/working/real_text_10k_dataset/doc_g1485_rot270.jpg,3,270,0000253142.tif,train
1486,/kaggle/working/real_text_10k_dataset/doc_g1486_rot0.jpg,0,0,2073728943.tif,train
1486,/kaggle/working/real_text_10k_dataset/doc_g1486_rot90.jpg,1,90,2073728943.tif,train
1486,/kaggle/working/real_text_10k_dataset/doc_g1486_rot180.jpg,2,180,2073728943.tif,train
1486,/kaggle/working/real_text_10k_dataset/doc_g1486_rot270.jpg,3,270,2073728943.tif,train
1487,/kaggle/working/real_text_10k_dataset/doc_g1487_rot0.jpg,0,0,X51006857137.jpg,test
1487,/kaggle/working/real_text_10k_dataset/doc_g1487_rot90.jpg,1,90,X51006857137.jpg,test
1487,/kaggle/working/real_text_10k_dataset/doc_g1487_rot180.jpg,2,180,X51006857137.jpg,test
1487,/kaggle/working/real_text_10k_dataset/doc_g1487_rot270.jpg,3,270,X51006857137.jpg,test
1488,/kaggle/working/real_text_10k_dataset/doc_g1488_rot0.jpg,0,0,2069737311.tif,train
1488,/kaggle/working/real_text_10k_dataset/doc_g1488_rot90.jpg,1,90,2069737311.tif,train
1488,/kaggle/working/real_text_10k_dataset/doc_g1488_rot180.jpg,2,180,2069737311.tif,train
1488,/kaggle/working/real_text_10k_dataset/doc_g1488_rot270.jpg,3,270,2069737311.tif,train
1489,/kaggle/working/real_text_10k_dataset/doc_g1489_rot0.jpg,0,0,515559597+-9598.tif,test
1489,/kaggle/working/real_text_10k_dataset/doc_g1489_rot90.jpg,1,90,515559597+-9598.tif,test
1489,/kaggle/working/real_text_10k_dataset/doc_g1489_rot180.jpg,2,180,515559597+-9598.tif,test
1489,/kaggle/working/real_text_10k_dataset/doc_g1489_rot270.jpg,3,270,515559597+-9598.tif,test
1490,/kaggle/working/real_text_10k_dataset/doc_g1490_rot0.jpg,0,0,50216969-6977.tif,train
1490,/kaggle/working/real_text_10k_dataset/doc_g1490_rot90.jpg,1,90,50216969-6977.tif,train
1490,/kaggle/working/real_text_10k_dataset/doc_g1490_rot180.jpg,2,180,50216969-6977.tif,train
1490,/kaggle/working/real_text_10k_dataset/doc_g1490_rot270.jpg,3,270,50216969-6977.tif,train
1491,/kaggle/working/real_text_10k_dataset/doc_g1491_rot0.jpg,0,0,tob11428.79.tif,train
1491,/kaggle/working/real_text_10k_dataset/doc_g1491_rot90.jpg,1,90,tob11428.79.tif,train
1491,/kaggle/working/real_text_10k_dataset/doc_g1491_rot180.jpg,2,180,tob11428.79.tif,train
1491,/kaggle/working/real_text_10k_dataset/doc_g1491_rot270.jpg,3,270,tob11428.79.tif,train
1492,/kaggle/working/real_text_10k_dataset/doc_g1492_rot0.jpg,0,0,2041158598.tif,train
1492,/kaggle/working/real_text_10k_dataset/doc_g1492_rot90.jpg,1,90,2041158598.tif,train
1492,/kaggle/working/real_text_10k_dataset/doc_g1492_rot180.jpg,2,180,2041158598.tif,train
1492,/kaggle/working/real_text_10k_dataset/doc_g1492_rot270.jpg,3,270,2041158598.tif,train
1493,/kaggle/working/real_text_10k_dataset/doc_g1493_rot0.jpg,0,0,507562635+-2640.tif,train
1493,/kaggle/working/real_text_10k_dataset/doc_g1493_rot90.jpg,1,90,507562635+-2640.tif,train
1493,/kaggle/working/real_text_10k_dataset/doc_g1493_rot180.jpg,2,180,507562635+-2640.tif,train
1493,/kaggle/working/real_text_10k_dataset/doc_g1493_rot270.jpg,3,270,507562635+-2640.tif,train
1494,/kaggle/working/real_text_10k_dataset/doc_g1494_rot0.jpg,0,0,ti01651121_1130.tif,train
1494,/kaggle/working/real_text_10k_dataset/doc_g1494_rot90.jpg,1,90,ti01651121_1130.tif,train
1494,/kaggle/working/real_text_10k_dataset/doc_g1494_rot180.jpg,2,180,ti01651121_1130.tif,train
1494,/kaggle/working/real_text_10k_dataset/doc_g1494_rot270.jpg,3,270,ti01651121_1130.tif,train
1495,/kaggle/working/real_text_10k_dataset/doc_g1495_rot0.jpg,0,0,501484025+-4025.tif,train
1495,/kaggle/working/real_text_10k_dataset/doc_g1495_rot90.jpg,1,90,501484025+-4025.tif,train
1495,/kaggle/working/real_text_10k_dataset/doc_g1495_rot180.jpg,2,180,501484025+-4025.tif,train
1495,/kaggle/working/real_text_10k_dataset/doc_g1495_rot270.jpg,3,270,501484025+-4025.tif,train
1496,/kaggle/working/real_text_10k_dataset/doc_g1496_rot0.jpg,0,0,2062180715_2062180723.tif,train
1496,/kaggle/working/real_text_10k_dataset/doc_g1496_rot90.jpg,1,90,2062180715_2062180723.tif,train
1496,/kaggle/working/real_text_10k_dataset/doc_g1496_rot180.jpg,2,180,2062180715_2062180723.tif,train
1496,/kaggle/working/real_text_10k_dataset/doc_g1496_rot270.jpg,3,270,2062180715_2062180723.tif,train
1497,/kaggle/working/real_text_10k_dataset/doc_g1497_rot0.jpg,0,0,2063712451.tif,train
1497,/kaggle/working/real_text_10k_dataset/doc_g1497_rot90.jpg,1,90,2063712451.tif,train
1497,/kaggle/working/real_text_10k_dataset/doc_g1497_rot180.jpg,2,180,2063712451.tif,train
1497,/kaggle/working/real_text_10k_dataset/doc_g1497_rot270.jpg,3,270,2063712451.tif,train
1498,/kaggle/working/real_text_10k_dataset/doc_g1498_rot0.jpg,0,0,511639940+-9941.tif,train
1498,/kaggle/working/real_text_10k_dataset/doc_g1498_rot90.jpg,1,90,511639940+-9941.tif,train
1498,/kaggle/working/real_text_10k_dataset/doc_g1498_rot180.jpg,2,180,511639940+-9941.tif,train
1498,/kaggle/working/real_text_10k_dataset/doc_g1498_rot270.jpg,3,270,511639940+-9941.tif,train
1499,/kaggle/working/real_text_10k_dataset/doc_g1499_rot0.jpg,0,0,0060115416.tif,train
1499,/kaggle/working/real_text_10k_dataset/doc_g1499_rot90.jpg,1,90,0060115416.tif,train
1499,/kaggle/working/real_text_10k_dataset/doc_g1499_rot180.jpg,2,180,0060115416.tif,train
1499,/kaggle/working/real_text_10k_dataset/doc_g1499_rot270.jpg,3,270,0060115416.tif,train
1500,/kaggle/working/real_text_10k_dataset/doc_g1500_rot0.jpg,0,0,2083778908.tif,train
1500,/kaggle/working/real_text_10k_dataset/doc_g1500_rot90.jpg,1,90,2083778908.tif,train
1500,/kaggle/working/real_text_10k_dataset/doc_g1500_rot180.jpg,2,180,2083778908.tif,train
1500,/kaggle/working/real_text_10k_dataset/doc_g1500_rot270.jpg,3,270,2083778908.tif,train
1501,/kaggle/working/real_text_10k_dataset/doc_g1501_rot0.jpg,0,0,501840374.tif,train
1501,/kaggle/working/real_text_10k_dataset/doc_g1501_rot90.jpg,1,90,501840374.tif,train
1501,/kaggle/working/real_text_10k_dataset/doc_g1501_rot180.jpg,2,180,501840374.tif,train
1501,/kaggle/working/real_text_10k_dataset/doc_g1501_rot270.jpg,3,270,501840374.tif,train
1502,/kaggle/working/real_text_10k_dataset/doc_g1502_rot0.jpg,0,0,tibr0014876a_4892.tif,test
1502,/kaggle/working/real_text_10k_dataset/doc_g1502_rot90.jpg,1,90,tibr0014876a_4892.tif,test
1502,/kaggle/working/real_text_10k_dataset/doc_g1502_rot180.jpg,2,180,tibr0014876a_4892.tif,test
1502,/kaggle/working/real_text_10k_dataset/doc_g1502_rot270.jpg,3,270,tibr0014876a_4892.tif,test
1503,/kaggle/working/real_text_10k_dataset/doc_g1503_rot0.jpg,0,0,508505547.tif,val
1503,/kaggle/working/real_text_10k_dataset/doc_g1503_rot90.jpg,1,90,508505547.tif,val
1503,/kaggle/working/real_text_10k_dataset/doc_g1503_rot180.jpg,2,180,508505547.tif,val
1503,/kaggle/working/real_text_10k_dataset/doc_g1503_rot270.jpg,3,270,508505547.tif,val
1504,/kaggle/working/real_text_10k_dataset/doc_g1504_rot0.jpg,0,0,0001139848.tif,val
1504,/kaggle/working/real_text_10k_dataset/doc_g1504_rot90.jpg,1,90,0001139848.tif,val
1504,/kaggle/working/real_text_10k_dataset/doc_g1504_rot180.jpg,2,180,0001139848.tif,val
1504,/kaggle/working/real_text_10k_dataset/doc_g1504_rot270.jpg,3,270,0001139848.tif,val
1505,/kaggle/working/real_text_10k_dataset/doc_g1505_rot0.jpg,0,0,0060155568.tif,train
1505,/kaggle/working/real_text_10k_dataset/doc_g1505_rot90.jpg,1,90,0060155568.tif,train
1505,/kaggle/working/real_text_10k_dataset/doc_g1505_rot180.jpg,2,180,0060155568.tif,train
1505,/kaggle/working/real_text_10k_dataset/doc_g1505_rot270.jpg,3,270,0060155568.tif,train
1506,/kaggle/working/real_text_10k_dataset/doc_g1506_rot0.jpg,0,0,2078470557_0574.tif,val
1506,/kaggle/working/real_text_10k_dataset/doc_g1506_rot90.jpg,1,90,2078470557_0574.tif,val
1506,/kaggle/working/real_text_10k_dataset/doc_g1506_rot180.jpg,2,180,2078470557_0574.tif,val
1506,/kaggle/working/real_text_10k_dataset/doc_g1506_rot270.jpg,3,270,2078470557_0574.tif,val
1507,/kaggle/working/real_text_10k_dataset/doc_g1507_rot0.jpg,0,0,X51008122920.jpg,train
1507,/kaggle/working/real_text_10k_dataset/doc_g1507_rot90.jpg,1,90,X51008122920.jpg,train
1507,/kaggle/working/real_text_10k_dataset/doc_g1507_rot180.jpg,2,180,X51008122920.jpg,train
1507,/kaggle/working/real_text_10k_dataset/doc_g1507_rot270.jpg,3,270,X51008122920.jpg,train
1508,/kaggle/working/real_text_10k_dataset/doc_g1508_rot0.jpg,0,0,50565265-5267.tif,train
1508,/kaggle/working/real_text_10k_dataset/doc_g1508_rot90.jpg,1,90,50565265-5267.tif,train
1508,/kaggle/working/real_text_10k_dataset/doc_g1508_rot180.jpg,2,180,50565265-5267.tif,train
1508,/kaggle/working/real_text_10k_dataset/doc_g1508_rot270.jpg,3,270,50565265-5267.tif,train
1509,/kaggle/working/real_text_10k_dataset/doc_g1509_rot0.jpg,0,0,2078195527b_5529.tif,test
1509,/kaggle/working/real_text_10k_dataset/doc_g1509_rot90.jpg,1,90,2078195527b_5529.tif,test
1509,/kaggle/working/real_text_10k_dataset/doc_g1509_rot180.jpg,2,180,2078195527b_5529.tif,test
1509,/kaggle/working/real_text_10k_dataset/doc_g1509_rot270.jpg,3,270,2078195527b_5529.tif,test
1510,/kaggle/working/real_text_10k_dataset/doc_g1510_rot0.jpg,0,0,2063253262.tif,train
1510,/kaggle/working/real_text_10k_dataset/doc_g1510_rot90.jpg,1,90,2063253262.tif,train
1510,/kaggle/working/real_text_10k_dataset/doc_g1510_rot180.jpg,2,180,2063253262.tif,train
1510,/kaggle/working/real_text_10k_dataset/doc_g1510_rot270.jpg,3,270,2063253262.tif,train
1511,/kaggle/working/real_text_10k_dataset/doc_g1511_rot0.jpg,0,0,2057451892_2057451893.tif,test
1511,/kaggle/working/real_text_10k_dataset/doc_g1511_rot90.jpg,1,90,2057451892_2057451893.tif,test
1511,/kaggle/working/real_text_10k_dataset/doc_g1511_rot180.jpg,2,180,2057451892_2057451893.tif,test
1511,/kaggle/working/real_text_10k_dataset/doc_g1511_rot270.jpg,3,270,2057451892_2057451893.tif,test
1512,/kaggle/working/real_text_10k_dataset/doc_g1512_rot0.jpg,0,0,receipt_00135.png,train
1512,/kaggle/working/real_text_10k_dataset/doc_g1512_rot90.jpg,1,90,receipt_00135.png,train
1512,/kaggle/working/real_text_10k_dataset/doc_g1512_rot180.jpg,2,180,receipt_00135.png,train
1512,/kaggle/working/real_text_10k_dataset/doc_g1512_rot270.jpg,3,270,receipt_00135.png,train
1513,/kaggle/working/real_text_10k_dataset/doc_g1513_rot0.jpg,0,0,0001261021.tif,train
1513,/kaggle/working/real_text_10k_dataset/doc_g1513_rot90.jpg,1,90,0001261021.tif,train
1513,/kaggle/working/real_text_10k_dataset/doc_g1513_rot180.jpg,2,180,0001261021.tif,train
1513,/kaggle/working/real_text_10k_dataset/doc_g1513_rot270.jpg,3,270,0001261021.tif,train
1514,/kaggle/working/real_text_10k_dataset/doc_g1514_rot0.jpg,0,0,2505320108_0112.tif,train
1514,/kaggle/working/real_text_10k_dataset/doc_g1514_rot90.jpg,1,90,2505320108_0112.tif,train
1514,/kaggle/working/real_text_10k_dataset/doc_g1514_rot180.jpg,2,180,2505320108_0112.tif,train
1514,/kaggle/working/real_text_10k_dataset/doc_g1514_rot270.jpg,3,270,2505320108_0112.tif,train
1515,/kaggle/working/real_text_10k_dataset/doc_g1515_rot0.jpg,0,0,2505414217.tif,train
1515,/kaggle/working/real_text_10k_dataset/doc_g1515_rot90.jpg,1,90,2505414217.tif,train
1515,/kaggle/working/real_text_10k_dataset/doc_g1515_rot180.jpg,2,180,2505414217.tif,train
1515,/kaggle/working/real_text_10k_dataset/doc_g1515_rot270.jpg,3,270,2505414217.tif,train
1516,/kaggle/working/real_text_10k_dataset/doc_g1516_rot0.jpg,0,0,2041373083_3084.tif,train
1516,/kaggle/working/real_text_10k_dataset/doc_g1516_rot90.jpg,1,90,2041373083_3084.tif,train
1516,/kaggle/working/real_text_10k_dataset/doc_g1516_rot180.jpg,2,180,2041373083_3084.tif,train
1516,/kaggle/working/real_text_10k_dataset/doc_g1516_rot270.jpg,3,270,2041373083_3084.tif,train
1517,/kaggle/working/real_text_10k_dataset/doc_g1517_rot0.jpg,0,0,505822346.tif,train
1517,/kaggle/working/real_text_10k_dataset/doc_g1517_rot90.jpg,1,90,505822346.tif,train
1517,/kaggle/working/real_text_10k_dataset/doc_g1517_rot180.jpg,2,180,505822346.tif,train
1517,/kaggle/working/real_text_10k_dataset/doc_g1517_rot270.jpg,3,270,505822346.tif,train
1518,/kaggle/working/real_text_10k_dataset/doc_g1518_rot0.jpg,0,0,2081387963.tif,val
1518,/kaggle/working/real_text_10k_dataset/doc_g1518_rot90.jpg,1,90,2081387963.tif,val
1518,/kaggle/working/real_text_10k_dataset/doc_g1518_rot180.jpg,2,180,2081387963.tif,val
1518,/kaggle/working/real_text_10k_dataset/doc_g1518_rot270.jpg,3,270,2081387963.tif,val
1519,/kaggle/working/real_text_10k_dataset/doc_g1519_rot0.jpg,0,0,2048633739.tif,test
1519,/kaggle/working/real_text_10k_dataset/doc_g1519_rot90.jpg,1,90,2048633739.tif,test
1519,/kaggle/working/real_text_10k_dataset/doc_g1519_rot180.jpg,2,180,2048633739.tif,test
1519,/kaggle/working/real_text_10k_dataset/doc_g1519_rot270.jpg,3,270,2048633739.tif,test
1520,/kaggle/working/real_text_10k_dataset/doc_g1520_rot0.jpg,0,0,0012195577.tif,train
1520,/kaggle/working/real_text_10k_dataset/doc_g1520_rot90.jpg,1,90,0012195577.tif,train
1520,/kaggle/working/real_text_10k_dataset/doc_g1520_rot180.jpg,2,180,0012195577.tif,train
1520,/kaggle/working/real_text_10k_dataset/doc_g1520_rot270.jpg,3,270,0012195577.tif,train
1521,/kaggle/working/real_text_10k_dataset/doc_g1521_rot0.jpg,0,0,receipt_00458.png,train
1521,/kaggle/working/real_text_10k_dataset/doc_g1521_rot90.jpg,1,90,receipt_00458.png,train
1521,/kaggle/working/real_text_10k_dataset/doc_g1521_rot180.jpg,2,180,receipt_00458.png,train
1521,/kaggle/working/real_text_10k_dataset/doc_g1521_rot270.jpg,3,270,receipt_00458.png,train
1522,/kaggle/working/real_text_10k_dataset/doc_g1522_rot0.jpg,0,0,0001144333.tif,train
1522,/kaggle/working/real_text_10k_dataset/doc_g1522_rot90.jpg,1,90,0001144333.tif,train
1522,/kaggle/working/real_text_10k_dataset/doc_g1522_rot180.jpg,2,180,0001144333.tif,train
1522,/kaggle/working/real_text_10k_dataset/doc_g1522_rot270.jpg,3,270,0001144333.tif,train
1523,/kaggle/working/real_text_10k_dataset/doc_g1523_rot0.jpg,0,0,50552819-2820.tif,train
1523,/kaggle/working/real_text_10k_dataset/doc_g1523_rot90.jpg,1,90,50552819-2820.tif,train
1523,/kaggle/working/real_text_10k_dataset/doc_g1523_rot180.jpg,2,180,50552819-2820.tif,train
1523,/kaggle/working/real_text_10k_dataset/doc_g1523_rot270.jpg,3,270,50552819-2820.tif,train
1524,/kaggle/working/real_text_10k_dataset/doc_g1524_rot0.jpg,0,0,0060358139.tif,val
1524,/kaggle/working/real_text_10k_dataset/doc_g1524_rot90.jpg,1,90,0060358139.tif,val
1524,/kaggle/working/real_text_10k_dataset/doc_g1524_rot180.jpg,2,180,0060358139.tif,val
1524,/kaggle/working/real_text_10k_dataset/doc_g1524_rot270.jpg,3,270,0060358139.tif,val
1525,/kaggle/working/real_text_10k_dataset/doc_g1525_rot0.jpg,0,0,tcal0414225.tif,train
1525,/kaggle/working/real_text_10k_dataset/doc_g1525_rot90.jpg,1,90,tcal0414225.tif,train
1525,/kaggle/working/real_text_10k_dataset/doc_g1525_rot180.jpg,2,180,tcal0414225.tif,train
1525,/kaggle/working/real_text_10k_dataset/doc_g1525_rot270.jpg,3,270,tcal0414225.tif,train
1526,/kaggle/working/real_text_10k_dataset/doc_g1526_rot0.jpg,0,0,2501057577.tif,train
1526,/kaggle/working/real_text_10k_dataset/doc_g1526_rot90.jpg,1,90,2501057577.tif,train
1526,/kaggle/working/real_text_10k_dataset/doc_g1526_rot180.jpg,2,180,2501057577.tif,train
1526,/kaggle/working/real_text_10k_dataset/doc_g1526_rot270.jpg,3,270,2501057577.tif,train
1527,/kaggle/working/real_text_10k_dataset/doc_g1527_rot0.jpg,0,0,2023484135.tif,train
1527,/kaggle/working/real_text_10k_dataset/doc_g1527_rot90.jpg,1,90,2023484135.tif,train
1527,/kaggle/working/real_text_10k_dataset/doc_g1527_rot180.jpg,2,180,2023484135.tif,train
1527,/kaggle/working/real_text_10k_dataset/doc_g1527_rot270.jpg,3,270,2023484135.tif,train
1528,/kaggle/working/real_text_10k_dataset/doc_g1528_rot0.jpg,0,0,83096200.tif,train
1528,/kaggle/working/real_text_10k_dataset/doc_g1528_rot90.jpg,1,90,83096200.tif,train
1528,/kaggle/working/real_text_10k_dataset/doc_g1528_rot180.jpg,2,180,83096200.tif,train
1528,/kaggle/working/real_text_10k_dataset/doc_g1528_rot270.jpg,3,270,83096200.tif,train
1529,/kaggle/working/real_text_10k_dataset/doc_g1529_rot0.jpg,0,0,2085763732c.tif,train
1529,/kaggle/working/real_text_10k_dataset/doc_g1529_rot90.jpg,1,90,2085763732c.tif,train
1529,/kaggle/working/real_text_10k_dataset/doc_g1529_rot180.jpg,2,180,2085763732c.tif,train
1529,/kaggle/working/real_text_10k_dataset/doc_g1529_rot270.jpg,3,270,2085763732c.tif,train
1530,/kaggle/working/real_text_10k_dataset/doc_g1530_rot0.jpg,0,0,2047977578_2047977579.tif,train
1530,/kaggle/working/real_text_10k_dataset/doc_g1530_rot90.jpg,1,90,2047977578_2047977579.tif,train
1530,/kaggle/working/real_text_10k_dataset/doc_g1530_rot180.jpg,2,180,2047977578_2047977579.tif,train
1530,/kaggle/working/real_text_10k_dataset/doc_g1530_rot270.jpg,3,270,2047977578_2047977579.tif,train
1531,/kaggle/working/real_text_10k_dataset/doc_g1531_rot0.jpg,0,0,2057673379.tif,test
1531,/kaggle/working/real_text_10k_dataset/doc_g1531_rot90.jpg,1,90,2057673379.tif,test
1531,/kaggle/working/real_text_10k_dataset/doc_g1531_rot180.jpg,2,180,2057673379.tif,test
1531,/kaggle/working/real_text_10k_dataset/doc_g1531_rot270.jpg,3,270,2057673379.tif,test
1532,/kaggle/working/real_text_10k_dataset/doc_g1532_rot0.jpg,0,0,tob12316.66_tob12316.68.tif,train
1532,/kaggle/working/real_text_10k_dataset/doc_g1532_rot90.jpg,1,90,tob12316.66_tob12316.68.tif,train
1532,/kaggle/working/real_text_10k_dataset/doc_g1532_rot180.jpg,2,180,tob12316.66_tob12316.68.tif,train
1532,/kaggle/working/real_text_10k_dataset/doc_g1532_rot270.jpg,3,270,tob12316.66_tob12316.68.tif,train
1533,/kaggle/working/real_text_10k_dataset/doc_g1533_rot0.jpg,0,0,X51006414677.jpg,test
1533,/kaggle/working/real_text_10k_dataset/doc_g1533_rot90.jpg,1,90,X51006414677.jpg,test
1533,/kaggle/working/real_text_10k_dataset/doc_g1533_rot180.jpg,2,180,X51006414677.jpg,test
1533,/kaggle/working/real_text_10k_dataset/doc_g1533_rot270.jpg,3,270,X51006414677.jpg,test
1534,/kaggle/working/real_text_10k_dataset/doc_g1534_rot0.jpg,0,0,50275534-5538.tif,train
1534,/kaggle/working/real_text_10k_dataset/doc_g1534_rot90.jpg,1,90,50275534-5538.tif,train
1534,/kaggle/working/real_text_10k_dataset/doc_g1534_rot180.jpg,2,180,50275534-5538.tif,train
1534,/kaggle/working/real_text_10k_dataset/doc_g1534_rot270.jpg,3,270,50275534-5538.tif,train
1535,/kaggle/working/real_text_10k_dataset/doc_g1535_rot0.jpg,0,0,receipt_00353.png,train
1535,/kaggle/working/real_text_10k_dataset/doc_g1535_rot90.jpg,1,90,receipt_00353.png,train
1535,/kaggle/working/real_text_10k_dataset/doc_g1535_rot180.jpg,2,180,receipt_00353.png,train
1535,/kaggle/working/real_text_10k_dataset/doc_g1535_rot270.jpg,3,270,receipt_00353.png,train
1536,/kaggle/working/real_text_10k_dataset/doc_g1536_rot0.jpg,0,0,50604512-4513.tif,test
1536,/kaggle/working/real_text_10k_dataset/doc_g1536_rot90.jpg,1,90,50604512-4513.tif,test
1536,/kaggle/working/real_text_10k_dataset/doc_g1536_rot180.jpg,2,180,50604512-4513.tif,test
1536,/kaggle/working/real_text_10k_dataset/doc_g1536_rot270.jpg,3,270,50604512-4513.tif,test
1537,/kaggle/working/real_text_10k_dataset/doc_g1537_rot0.jpg,0,0,2069711643.tif,train
1537,/kaggle/working/real_text_10k_dataset/doc_g1537_rot90.jpg,1,90,2069711643.tif,train
1537,/kaggle/working/real_text_10k_dataset/doc_g1537_rot180.jpg,2,180,2069711643.tif,train
1537,/kaggle/working/real_text_10k_dataset/doc_g1537_rot270.jpg,3,270,2069711643.tif,train
1538,/kaggle/working/real_text_10k_dataset/doc_g1538_rot0.jpg,0,0,2022810970_2022810977.tif,val
1538,/kaggle/working/real_text_10k_dataset/doc_g1538_rot90.jpg,1,90,2022810970_2022810977.tif,val
1538,/kaggle/working/real_text_10k_dataset/doc_g1538_rot180.jpg,2,180,2022810970_2022810977.tif,val
1538,/kaggle/working/real_text_10k_dataset/doc_g1538_rot270.jpg,3,270,2022810970_2022810977.tif,val
1539,/kaggle/working/real_text_10k_dataset/doc_g1539_rot0.jpg,0,0,2085779926a.tif,val
1539,/kaggle/working/real_text_10k_dataset/doc_g1539_rot90.jpg,1,90,2085779926a.tif,val
1539,/kaggle/working/real_text_10k_dataset/doc_g1539_rot180.jpg,2,180,2085779926a.tif,val
1539,/kaggle/working/real_text_10k_dataset/doc_g1539_rot270.jpg,3,270,2085779926a.tif,val
1540,/kaggle/working/real_text_10k_dataset/doc_g1540_rot0.jpg,0,0,tob13726.66_tob13726.69.tif,train
1540,/kaggle/working/real_text_10k_dataset/doc_g1540_rot90.jpg,1,90,tob13726.66_tob13726.69.tif,train
1540,/kaggle/working/real_text_10k_dataset/doc_g1540_rot180.jpg,2,180,tob13726.66_tob13726.69.tif,train
1540,/kaggle/working/real_text_10k_dataset/doc_g1540_rot270.jpg,3,270,tob13726.66_tob13726.69.tif,train
1541,/kaggle/working/real_text_10k_dataset/doc_g1541_rot0.jpg,0,0,2078339992.tif,train
1541,/kaggle/working/real_text_10k_dataset/doc_g1541_rot90.jpg,1,90,2078339992.tif,train
1541,/kaggle/working/real_text_10k_dataset/doc_g1541_rot180.jpg,2,180,2078339992.tif,train
1541,/kaggle/working/real_text_10k_dataset/doc_g1541_rot270.jpg,3,270,2078339992.tif,train
1542,/kaggle/working/real_text_10k_dataset/doc_g1542_rot0.jpg,0,0,tob12301.52_tob12301.53.tif,train
1542,/kaggle/working/real_text_10k_dataset/doc_g1542_rot90.jpg,1,90,tob12301.52_tob12301.53.tif,train
1542,/kaggle/working/real_text_10k_dataset/doc_g1542_rot180.jpg,2,180,tob12301.52_tob12301.53.tif,train
1542,/kaggle/working/real_text_10k_dataset/doc_g1542_rot270.jpg,3,270,tob12301.52_tob12301.53.tif,train
1543,/kaggle/working/real_text_10k_dataset/doc_g1543_rot0.jpg,0,0,10207665_10207667.tif,train
1543,/kaggle/working/real_text_10k_dataset/doc_g1543_rot90.jpg,1,90,10207665_10207667.tif,train
1543,/kaggle/working/real_text_10k_dataset/doc_g1543_rot180.jpg,2,180,10207665_10207667.tif,train
1543,/kaggle/working/real_text_10k_dataset/doc_g1543_rot270.jpg,3,270,10207665_10207667.tif,train
1544,/kaggle/working/real_text_10k_dataset/doc_g1544_rot0.jpg,0,0,tob11204.84_tob11204.99.tif,train
1544,/kaggle/working/real_text_10k_dataset/doc_g1544_rot90.jpg,1,90,tob11204.84_tob11204.99.tif,train
1544,/kaggle/working/real_text_10k_dataset/doc_g1544_rot180.jpg,2,180,tob11204.84_tob11204.99.tif,train
1544,/kaggle/working/real_text_10k_dataset/doc_g1544_rot270.jpg,3,270,tob11204.84_tob11204.99.tif,train
1545,/kaggle/working/real_text_10k_dataset/doc_g1545_rot0.jpg,0,0,2072361160_1162.tif,train
1545,/kaggle/working/real_text_10k_dataset/doc_g1545_rot90.jpg,1,90,2072361160_1162.tif,train
1545,/kaggle/working/real_text_10k_dataset/doc_g1545_rot180.jpg,2,180,2072361160_1162.tif,train
1545,/kaggle/working/real_text_10k_dataset/doc_g1545_rot270.jpg,3,270,2072361160_1162.tif,train
1546,/kaggle/working/real_text_10k_dataset/doc_g1546_rot0.jpg,0,0,01332201_01332202.tif,test
1546,/kaggle/working/real_text_10k_dataset/doc_g1546_rot90.jpg,1,90,01332201_01332202.tif,test
1546,/kaggle/working/real_text_10k_dataset/doc_g1546_rot180.jpg,2,180,01332201_01332202.tif,test
1546,/kaggle/working/real_text_10k_dataset/doc_g1546_rot270.jpg,3,270,01332201_01332202.tif,test
1547,/kaggle/working/real_text_10k_dataset/doc_g1547_rot0.jpg,0,0,corti0015567.tif,train
1547,/kaggle/working/real_text_10k_dataset/doc_g1547_rot90.jpg,1,90,corti0015567.tif,train
1547,/kaggle/working/real_text_10k_dataset/doc_g1547_rot180.jpg,2,180,corti0015567.tif,train
1547,/kaggle/working/real_text_10k_dataset/doc_g1547_rot270.jpg,3,270,corti0015567.tif,train
1548,/kaggle/working/real_text_10k_dataset/doc_g1548_rot0.jpg,0,0,receipt_00073.png,test
1548,/kaggle/working/real_text_10k_dataset/doc_g1548_rot90.jpg,1,90,receipt_00073.png,test
1548,/kaggle/working/real_text_10k_dataset/doc_g1548_rot180.jpg,2,180,receipt_00073.png,test
1548,/kaggle/working/real_text_10k_dataset/doc_g1548_rot270.jpg,3,270,receipt_00073.png,test
1549,/kaggle/working/real_text_10k_dataset/doc_g1549_rot0.jpg,0,0,505398802_505398810.tif,train
1549,/kaggle/working/real_text_10k_dataset/doc_g1549_rot90.jpg,1,90,505398802_505398810.tif,train
1549,/kaggle/working/real_text_10k_dataset/doc_g1549_rot180.jpg,2,180,505398802_505398810.tif,train
1549,/kaggle/working/real_text_10k_dataset/doc_g1549_rot270.jpg,3,270,505398802_505398810.tif,train
1550,/kaggle/working/real_text_10k_dataset/doc_g1550_rot0.jpg,0,0,0000211046.tif,train
1550,/kaggle/working/real_text_10k_dataset/doc_g1550_rot90.jpg,1,90,0000211046.tif,train
1550,/kaggle/working/real_text_10k_dataset/doc_g1550_rot180.jpg,2,180,0000211046.tif,train
1550,/kaggle/working/real_text_10k_dataset/doc_g1550_rot270.jpg,3,270,0000211046.tif,train
1551,/kaggle/working/real_text_10k_dataset/doc_g1551_rot0.jpg,0,0,2062490622.tif,train
1551,/kaggle/working/real_text_10k_dataset/doc_g1551_rot90.jpg,1,90,2062490622.tif,train
1551,/kaggle/working/real_text_10k_dataset/doc_g1551_rot180.jpg,2,180,2062490622.tif,train
1551,/kaggle/working/real_text_10k_dataset/doc_g1551_rot270.jpg,3,270,2062490622.tif,train
1552,/kaggle/working/real_text_10k_dataset/doc_g1552_rot0.jpg,0,0,50496153-6154.tif,train
1552,/kaggle/working/real_text_10k_dataset/doc_g1552_rot90.jpg,1,90,50496153-6154.tif,train
1552,/kaggle/working/real_text_10k_dataset/doc_g1552_rot180.jpg,2,180,50496153-6154.tif,train
1552,/kaggle/working/real_text_10k_dataset/doc_g1552_rot270.jpg,3,270,50496153-6154.tif,train
1553,/kaggle/working/real_text_10k_dataset/doc_g1553_rot0.jpg,0,0,2061002278.tif,test
1553,/kaggle/working/real_text_10k_dataset/doc_g1553_rot90.jpg,1,90,2061002278.tif,test
1553,/kaggle/working/real_text_10k_dataset/doc_g1553_rot180.jpg,2,180,2061002278.tif,test
1553,/kaggle/working/real_text_10k_dataset/doc_g1553_rot270.jpg,3,270,2061002278.tif,test
1554,/kaggle/working/real_text_10k_dataset/doc_g1554_rot0.jpg,0,0,2048885972_2048885977.tif,test
1554,/kaggle/working/real_text_10k_dataset/doc_g1554_rot90.jpg,1,90,2048885972_2048885977.tif,test
1554,/kaggle/working/real_text_10k_dataset/doc_g1554_rot180.jpg,2,180,2048885972_2048885977.tif,test
1554,/kaggle/working/real_text_10k_dataset/doc_g1554_rot270.jpg,3,270,2048885972_2048885977.tif,test
1555,/kaggle/working/real_text_10k_dataset/doc_g1555_rot0.jpg,0,0,2044454801_2044454808.tif,train
1555,/kaggle/working/real_text_10k_dataset/doc_g1555_rot90.jpg,1,90,2044454801_2044454808.tif,train
1555,/kaggle/working/real_text_10k_dataset/doc_g1555_rot180.jpg,2,180,2044454801_2044454808.tif,train
1555,/kaggle/working/real_text_10k_dataset/doc_g1555_rot270.jpg,3,270,2044454801_2044454808.tif,train
1556,/kaggle/working/real_text_10k_dataset/doc_g1556_rot0.jpg,0,0,507109012_507109013.tif,train
1556,/kaggle/working/real_text_10k_dataset/doc_g1556_rot90.jpg,1,90,507109012_507109013.tif,train
1556,/kaggle/working/real_text_10k_dataset/doc_g1556_rot180.jpg,2,180,507109012_507109013.tif,train
1556,/kaggle/working/real_text_10k_dataset/doc_g1556_rot270.jpg,3,270,507109012_507109013.tif,train
1557,/kaggle/working/real_text_10k_dataset/doc_g1557_rot0.jpg,0,0,50229719-9720.tif,train
1557,/kaggle/working/real_text_10k_dataset/doc_g1557_rot90.jpg,1,90,50229719-9720.tif,train
1557,/kaggle/working/real_text_10k_dataset/doc_g1557_rot180.jpg,2,180,50229719-9720.tif,train
1557,/kaggle/working/real_text_10k_dataset/doc_g1557_rot270.jpg,3,270,50229719-9720.tif,train
1558,/kaggle/working/real_text_10k_dataset/doc_g1558_rot0.jpg,0,0,2064784757.tif,train
1558,/kaggle/working/real_text_10k_dataset/doc_g1558_rot90.jpg,1,90,2064784757.tif,train
1558,/kaggle/working/real_text_10k_dataset/doc_g1558_rot180.jpg,2,180,2064784757.tif,train
1558,/kaggle/working/real_text_10k_dataset/doc_g1558_rot270.jpg,3,270,2064784757.tif,train
1559,/kaggle/working/real_text_10k_dataset/doc_g1559_rot0.jpg,0,0,2072043690.tif,train
1559,/kaggle/working/real_text_10k_dataset/doc_g1559_rot90.jpg,1,90,2072043690.tif,train
1559,/kaggle/working/real_text_10k_dataset/doc_g1559_rot180.jpg,2,180,2072043690.tif,train
1559,/kaggle/working/real_text_10k_dataset/doc_g1559_rot270.jpg,3,270,2072043690.tif,train
1560,/kaggle/working/real_text_10k_dataset/doc_g1560_rot0.jpg,0,0,87020642.tif,train
1560,/kaggle/working/real_text_10k_dataset/doc_g1560_rot90.jpg,1,90,87020642.tif,train
1560,/kaggle/working/real_text_10k_dataset/doc_g1560_rot180.jpg,2,180,87020642.tif,train
1560,/kaggle/working/real_text_10k_dataset/doc_g1560_rot270.jpg,3,270,87020642.tif,train
1561,/kaggle/working/real_text_10k_dataset/doc_g1561_rot0.jpg,0,0,512924074_512924096.tif,train
1561,/kaggle/working/real_text_10k_dataset/doc_g1561_rot90.jpg,1,90,512924074_512924096.tif,train
1561,/kaggle/working/real_text_10k_dataset/doc_g1561_rot180.jpg,2,180,512924074_512924096.tif,train
1561,/kaggle/working/real_text_10k_dataset/doc_g1561_rot270.jpg,3,270,512924074_512924096.tif,train
1562,/kaggle/working/real_text_10k_dataset/doc_g1562_rot0.jpg,0,0,2047832332.tif,train
1562,/kaggle/working/real_text_10k_dataset/doc_g1562_rot90.jpg,1,90,2047832332.tif,train
1562,/kaggle/working/real_text_10k_dataset/doc_g1562_rot180.jpg,2,180,2047832332.tif,train
1562,/kaggle/working/real_text_10k_dataset/doc_g1562_rot270.jpg,3,270,2047832332.tif,train
1563,/kaggle/working/real_text_10k_dataset/doc_g1563_rot0.jpg,0,0,2025989014_2025989054.tif,test
1563,/kaggle/working/real_text_10k_dataset/doc_g1563_rot90.jpg,1,90,2025989014_2025989054.tif,test
1563,/kaggle/working/real_text_10k_dataset/doc_g1563_rot180.jpg,2,180,2025989014_2025989054.tif,test
1563,/kaggle/working/real_text_10k_dataset/doc_g1563_rot270.jpg,3,270,2025989014_2025989054.tif,test
1564,/kaggle/working/real_text_10k_dataset/doc_g1564_rot0.jpg,0,0,2073171695_1698.tif,val
1564,/kaggle/working/real_text_10k_dataset/doc_g1564_rot90.jpg,1,90,2073171695_1698.tif,val
1564,/kaggle/working/real_text_10k_dataset/doc_g1564_rot180.jpg,2,180,2073171695_1698.tif,val
1564,/kaggle/working/real_text_10k_dataset/doc_g1564_rot270.jpg,3,270,2073171695_1698.tif,val
1565,/kaggle/working/real_text_10k_dataset/doc_g1565_rot0.jpg,0,0,98703307.tif,train
1565,/kaggle/working/real_text_10k_dataset/doc_g1565_rot90.jpg,1,90,98703307.tif,train
1565,/kaggle/working/real_text_10k_dataset/doc_g1565_rot180.jpg,2,180,98703307.tif,train
1565,/kaggle/working/real_text_10k_dataset/doc_g1565_rot270.jpg,3,270,98703307.tif,train
1566,/kaggle/working/real_text_10k_dataset/doc_g1566_rot0.jpg,0,0,507074658+-4660.tif,val
1566,/kaggle/working/real_text_10k_dataset/doc_g1566_rot90.jpg,1,90,507074658+-4660.tif,val
1566,/kaggle/working/real_text_10k_dataset/doc_g1566_rot180.jpg,2,180,507074658+-4660.tif,val
1566,/kaggle/working/real_text_10k_dataset/doc_g1566_rot270.jpg,3,270,507074658+-4660.tif,val
1567,/kaggle/working/real_text_10k_dataset/doc_g1567_rot0.jpg,0,0,2065203459.tif,test
1567,/kaggle/working/real_text_10k_dataset/doc_g1567_rot90.jpg,1,90,2065203459.tif,test
1567,/kaggle/working/real_text_10k_dataset/doc_g1567_rot180.jpg,2,180,2065203459.tif,test
1567,/kaggle/working/real_text_10k_dataset/doc_g1567_rot270.jpg,3,270,2065203459.tif,test
1568,/kaggle/working/real_text_10k_dataset/doc_g1568_rot0.jpg,0,0,2057470040.tif,test
1568,/kaggle/working/real_text_10k_dataset/doc_g1568_rot90.jpg,1,90,2057470040.tif,test
1568,/kaggle/working/real_text_10k_dataset/doc_g1568_rot180.jpg,2,180,2057470040.tif,test
1568,/kaggle/working/real_text_10k_dataset/doc_g1568_rot270.jpg,3,270,2057470040.tif,test
1569,/kaggle/working/real_text_10k_dataset/doc_g1569_rot0.jpg,0,0,50697691-7691.tif,train
1569,/kaggle/working/real_text_10k_dataset/doc_g1569_rot90.jpg,1,90,50697691-7691.tif,train
1569,/kaggle/working/real_text_10k_dataset/doc_g1569_rot180.jpg,2,180,50697691-7691.tif,train
1569,/kaggle/working/real_text_10k_dataset/doc_g1569_rot270.jpg,3,270,50697691-7691.tif,train
1570,/kaggle/working/real_text_10k_dataset/doc_g1570_rot0.jpg,0,0,87248711_8723.tif,train
1570,/kaggle/working/real_text_10k_dataset/doc_g1570_rot90.jpg,1,90,87248711_8723.tif,train
1570,/kaggle/working/real_text_10k_dataset/doc_g1570_rot180.jpg,2,180,87248711_8723.tif,train
1570,/kaggle/working/real_text_10k_dataset/doc_g1570_rot270.jpg,3,270,87248711_8723.tif,train
1571,/kaggle/working/real_text_10k_dataset/doc_g1571_rot0.jpg,0,0,512560073+-0073.tif,train
1571,/kaggle/working/real_text_10k_dataset/doc_g1571_rot90.jpg,1,90,512560073+-0073.tif,train
1571,/kaggle/working/real_text_10k_dataset/doc_g1571_rot180.jpg,2,180,512560073+-0073.tif,train
1571,/kaggle/working/real_text_10k_dataset/doc_g1571_rot270.jpg,3,270,512560073+-0073.tif,train
1572,/kaggle/working/real_text_10k_dataset/doc_g1572_rot0.jpg,0,0,2041896898.tif,train
1572,/kaggle/working/real_text_10k_dataset/doc_g1572_rot90.jpg,1,90,2041896898.tif,train
1572,/kaggle/working/real_text_10k_dataset/doc_g1572_rot180.jpg,2,180,2041896898.tif,train
1572,/kaggle/working/real_text_10k_dataset/doc_g1572_rot270.jpg,3,270,2041896898.tif,train
1573,/kaggle/working/real_text_10k_dataset/doc_g1573_rot0.jpg,0,0,10122016.tif,train
1573,/kaggle/working/real_text_10k_dataset/doc_g1573_rot90.jpg,1,90,10122016.tif,train
1573,/kaggle/working/real_text_10k_dataset/doc_g1573_rot180.jpg,2,180,10122016.tif,train
1573,/kaggle/working/real_text_10k_dataset/doc_g1573_rot270.jpg,3,270,10122016.tif,train
1574,/kaggle/working/real_text_10k_dataset/doc_g1574_rot0.jpg,0,0,2073620583_0584.tif,train
1574,/kaggle/working/real_text_10k_dataset/doc_g1574_rot90.jpg,1,90,2073620583_0584.tif,train
1574,/kaggle/working/real_text_10k_dataset/doc_g1574_rot180.jpg,2,180,2073620583_0584.tif,train
1574,/kaggle/working/real_text_10k_dataset/doc_g1574_rot270.jpg,3,270,2073620583_0584.tif,train
1575,/kaggle/working/real_text_10k_dataset/doc_g1575_rot0.jpg,0,0,2040093648_2040093654.tif,train
1575,/kaggle/working/real_text_10k_dataset/doc_g1575_rot90.jpg,1,90,2040093648_2040093654.tif,train
1575,/kaggle/working/real_text_10k_dataset/doc_g1575_rot180.jpg,2,180,2040093648_2040093654.tif,train
1575,/kaggle/working/real_text_10k_dataset/doc_g1575_rot270.jpg,3,270,2040093648_2040093654.tif,train
1576,/kaggle/working/real_text_10k_dataset/doc_g1576_rot0.jpg,0,0,0011976718.tif,val
1576,/kaggle/working/real_text_10k_dataset/doc_g1576_rot90.jpg,1,90,0011976718.tif,val
1576,/kaggle/working/real_text_10k_dataset/doc_g1576_rot180.jpg,2,180,0011976718.tif,val
1576,/kaggle/working/real_text_10k_dataset/doc_g1576_rot270.jpg,3,270,0011976718.tif,val
1577,/kaggle/working/real_text_10k_dataset/doc_g1577_rot0.jpg,0,0,50582480-2480.tif,train
1577,/kaggle/working/real_text_10k_dataset/doc_g1577_rot90.jpg,1,90,50582480-2480.tif,train
1577,/kaggle/working/real_text_10k_dataset/doc_g1577_rot180.jpg,2,180,50582480-2480.tif,train
1577,/kaggle/working/real_text_10k_dataset/doc_g1577_rot270.jpg,3,270,50582480-2480.tif,train
1578,/kaggle/working/real_text_10k_dataset/doc_g1578_rot0.jpg,0,0,2043524088_2043524090.tif,train
1578,/kaggle/working/real_text_10k_dataset/doc_g1578_rot90.jpg,1,90,2043524088_2043524090.tif,train
1578,/kaggle/working/real_text_10k_dataset/doc_g1578_rot180.jpg,2,180,2043524088_2043524090.tif,train
1578,/kaggle/working/real_text_10k_dataset/doc_g1578_rot270.jpg,3,270,2043524088_2043524090.tif,train
1579,/kaggle/working/real_text_10k_dataset/doc_g1579_rot0.jpg,0,0,2025471926_1928.tif,train
1579,/kaggle/working/real_text_10k_dataset/doc_g1579_rot90.jpg,1,90,2025471926_1928.tif,train
1579,/kaggle/working/real_text_10k_dataset/doc_g1579_rot180.jpg,2,180,2025471926_1928.tif,train
1579,/kaggle/working/real_text_10k_dataset/doc_g1579_rot270.jpg,3,270,2025471926_1928.tif,train
1580,/kaggle/working/real_text_10k_dataset/doc_g1580_rot0.jpg,0,0,0000143781.tif,train
1580,/kaggle/working/real_text_10k_dataset/doc_g1580_rot90.jpg,1,90,0000143781.tif,train
1580,/kaggle/working/real_text_10k_dataset/doc_g1580_rot180.jpg,2,180,0000143781.tif,train
1580,/kaggle/working/real_text_10k_dataset/doc_g1580_rot270.jpg,3,270,0000143781.tif,train
1581,/kaggle/working/real_text_10k_dataset/doc_g1581_rot0.jpg,0,0,91078556.tif,train
1581,/kaggle/working/real_text_10k_dataset/doc_g1581_rot90.jpg,1,90,91078556.tif,train
1581,/kaggle/working/real_text_10k_dataset/doc_g1581_rot180.jpg,2,180,91078556.tif,train
1581,/kaggle/working/real_text_10k_dataset/doc_g1581_rot270.jpg,3,270,91078556.tif,train
1582,/kaggle/working/real_text_10k_dataset/doc_g1582_rot0.jpg,0,0,524122958+-2959.tif,train
1582,/kaggle/working/real_text_10k_dataset/doc_g1582_rot90.jpg,1,90,524122958+-2959.tif,train
1582,/kaggle/working/real_text_10k_dataset/doc_g1582_rot180.jpg,2,180,524122958+-2959.tif,train
1582,/kaggle/working/real_text_10k_dataset/doc_g1582_rot270.jpg,3,270,524122958+-2959.tif,train
1583,/kaggle/working/real_text_10k_dataset/doc_g1583_rot0.jpg,0,0,0060137061.tif,train
1583,/kaggle/working/real_text_10k_dataset/doc_g1583_rot90.jpg,1,90,0060137061.tif,train
1583,/kaggle/working/real_text_10k_dataset/doc_g1583_rot180.jpg,2,180,0060137061.tif,train
1583,/kaggle/working/real_text_10k_dataset/doc_g1583_rot270.jpg,3,270,0060137061.tif,train
1584,/kaggle/working/real_text_10k_dataset/doc_g1584_rot0.jpg,0,0,50250717-0717.tif,train
1584,/kaggle/working/real_text_10k_dataset/doc_g1584_rot90.jpg,1,90,50250717-0717.tif,train
1584,/kaggle/working/real_text_10k_dataset/doc_g1584_rot180.jpg,2,180,50250717-0717.tif,train
1584,/kaggle/working/real_text_10k_dataset/doc_g1584_rot270.jpg,3,270,50250717-0717.tif,train
1585,/kaggle/working/real_text_10k_dataset/doc_g1585_rot0.jpg,0,0,2082710464_0465.tif,test
1585,/kaggle/working/real_text_10k_dataset/doc_g1585_rot90.jpg,1,90,2082710464_0465.tif,test
1585,/kaggle/working/real_text_10k_dataset/doc_g1585_rot180.jpg,2,180,2082710464_0465.tif,test
1585,/kaggle/working/real_text_10k_dataset/doc_g1585_rot270.jpg,3,270,2082710464_0465.tif,test
1586,/kaggle/working/real_text_10k_dataset/doc_g1586_rot0.jpg,0,0,2042475496_2042475499.tif,train
1586,/kaggle/working/real_text_10k_dataset/doc_g1586_rot90.jpg,1,90,2042475496_2042475499.tif,train
1586,/kaggle/working/real_text_10k_dataset/doc_g1586_rot180.jpg,2,180,2042475496_2042475499.tif,train
1586,/kaggle/working/real_text_10k_dataset/doc_g1586_rot270.jpg,3,270,2042475496_2042475499.tif,train
1587,/kaggle/working/real_text_10k_dataset/doc_g1587_rot0.jpg,0,0,50210400-0406.tif,train
1587,/kaggle/working/real_text_10k_dataset/doc_g1587_rot90.jpg,1,90,50210400-0406.tif,train
1587,/kaggle/working/real_text_10k_dataset/doc_g1587_rot180.jpg,2,180,50210400-0406.tif,train
1587,/kaggle/working/real_text_10k_dataset/doc_g1587_rot270.jpg,3,270,50210400-0406.tif,train
1588,/kaggle/working/real_text_10k_dataset/doc_g1588_rot0.jpg,0,0,2057658571.tif,test
1588,/kaggle/working/real_text_10k_dataset/doc_g1588_rot90.jpg,1,90,2057658571.tif,test
1588,/kaggle/working/real_text_10k_dataset/doc_g1588_rot180.jpg,2,180,2057658571.tif,test
1588,/kaggle/working/real_text_10k_dataset/doc_g1588_rot270.jpg,3,270,2057658571.tif,test
1589,/kaggle/working/real_text_10k_dataset/doc_g1589_rot0.jpg,0,0,1003396839_1003396842.tif,train
1589,/kaggle/working/real_text_10k_dataset/doc_g1589_rot90.jpg,1,90,1003396839_1003396842.tif,train
1589,/kaggle/working/real_text_10k_dataset/doc_g1589_rot180.jpg,2,180,1003396839_1003396842.tif,train
1589,/kaggle/working/real_text_10k_dataset/doc_g1589_rot270.jpg,3,270,1003396839_1003396842.tif,train
1590,/kaggle/working/real_text_10k_dataset/doc_g1590_rot0.jpg,0,0,2023456723.tif,train
1590,/kaggle/working/real_text_10k_dataset/doc_g1590_rot90.jpg,1,90,2023456723.tif,train
1590,/kaggle/working/real_text_10k_dataset/doc_g1590_rot180.jpg,2,180,2023456723.tif,train
1590,/kaggle/working/real_text_10k_dataset/doc_g1590_rot270.jpg,3,270,2023456723.tif,train
1591,/kaggle/working/real_text_10k_dataset/doc_g1591_rot0.jpg,0,0,91507370_7371.tif,train
1591,/kaggle/working/real_text_10k_dataset/doc_g1591_rot90.jpg,1,90,91507370_7371.tif,train
1591,/kaggle/working/real_text_10k_dataset/doc_g1591_rot180.jpg,2,180,91507370_7371.tif,train
1591,/kaggle/working/real_text_10k_dataset/doc_g1591_rot270.jpg,3,270,91507370_7371.tif,train
1592,/kaggle/working/real_text_10k_dataset/doc_g1592_rot0.jpg,0,0,2023676251.tif,train
1592,/kaggle/working/real_text_10k_dataset/doc_g1592_rot90.jpg,1,90,2023676251.tif,train
1592,/kaggle/working/real_text_10k_dataset/doc_g1592_rot180.jpg,2,180,2023676251.tif,train
1592,/kaggle/working/real_text_10k_dataset/doc_g1592_rot270.jpg,3,270,2023676251.tif,train
1593,/kaggle/working/real_text_10k_dataset/doc_g1593_rot0.jpg,0,0,2085752528a.tif,train
1593,/kaggle/working/real_text_10k_dataset/doc_g1593_rot90.jpg,1,90,2085752528a.tif,train
1593,/kaggle/working/real_text_10k_dataset/doc_g1593_rot180.jpg,2,180,2085752528a.tif,train
1593,/kaggle/working/real_text_10k_dataset/doc_g1593_rot270.jpg,3,270,2085752528a.tif,train
1594,/kaggle/working/real_text_10k_dataset/doc_g1594_rot0.jpg,0,0,527814380+-4380.tif,val
1594,/kaggle/working/real_text_10k_dataset/doc_g1594_rot90.jpg,1,90,527814380+-4380.tif,val
1594,/kaggle/working/real_text_10k_dataset/doc_g1594_rot180.jpg,2,180,527814380+-4380.tif,val
1594,/kaggle/working/real_text_10k_dataset/doc_g1594_rot270.jpg,3,270,527814380+-4380.tif,val
1595,/kaggle/working/real_text_10k_dataset/doc_g1595_rot0.jpg,0,0,50346162-6162.tif,train
1595,/kaggle/working/real_text_10k_dataset/doc_g1595_rot90.jpg,1,90,50346162-6162.tif,train
1595,/kaggle/working/real_text_10k_dataset/doc_g1595_rot180.jpg,2,180,50346162-6162.tif,train
1595,/kaggle/working/real_text_10k_dataset/doc_g1595_rot270.jpg,3,270,50346162-6162.tif,train
1596,/kaggle/working/real_text_10k_dataset/doc_g1596_rot0.jpg,0,0,528860159+-0181.tif,train
1596,/kaggle/working/real_text_10k_dataset/doc_g1596_rot90.jpg,1,90,528860159+-0181.tif,train
1596,/kaggle/working/real_text_10k_dataset/doc_g1596_rot180.jpg,2,180,528860159+-0181.tif,train
1596,/kaggle/working/real_text_10k_dataset/doc_g1596_rot270.jpg,3,270,528860159+-0181.tif,train
1597,/kaggle/working/real_text_10k_dataset/doc_g1597_rot0.jpg,0,0,50603053-3053.tif,train
1597,/kaggle/working/real_text_10k_dataset/doc_g1597_rot90.jpg,1,90,50603053-3053.tif,train
1597,/kaggle/working/real_text_10k_dataset/doc_g1597_rot180.jpg,2,180,50603053-3053.tif,train
1597,/kaggle/working/real_text_10k_dataset/doc_g1597_rot270.jpg,3,270,50603053-3053.tif,train
1598,/kaggle/working/real_text_10k_dataset/doc_g1598_rot0.jpg,0,0,10342505_10342506.tif,train
1598,/kaggle/working/real_text_10k_dataset/doc_g1598_rot90.jpg,1,90,10342505_10342506.tif,train
1598,/kaggle/working/real_text_10k_dataset/doc_g1598_rot180.jpg,2,180,10342505_10342506.tif,train
1598,/kaggle/working/real_text_10k_dataset/doc_g1598_rot270.jpg,3,270,10342505_10342506.tif,train
1599,/kaggle/working/real_text_10k_dataset/doc_g1599_rot0.jpg,0,0,2501732674_2681.tif,test
1599,/kaggle/working/real_text_10k_dataset/doc_g1599_rot90.jpg,1,90,2501732674_2681.tif,test
1599,/kaggle/working/real_text_10k_dataset/doc_g1599_rot180.jpg,2,180,2501732674_2681.tif,test
1599,/kaggle/working/real_text_10k_dataset/doc_g1599_rot270.jpg,3,270,2501732674_2681.tif,test
1600,/kaggle/working/real_text_10k_dataset/doc_g1600_rot0.jpg,0,0,89583564_89583573.tif,train
1600,/kaggle/working/real_text_10k_dataset/doc_g1600_rot90.jpg,1,90,89583564_89583573.tif,train
1600,/kaggle/working/real_text_10k_dataset/doc_g1600_rot180.jpg,2,180,89583564_89583573.tif,train
1600,/kaggle/working/real_text_10k_dataset/doc_g1600_rot270.jpg,3,270,89583564_89583573.tif,train
1601,/kaggle/working/real_text_10k_dataset/doc_g1601_rot0.jpg,0,0,50376491-6498.tif,val
1601,/kaggle/working/real_text_10k_dataset/doc_g1601_rot90.jpg,1,90,50376491-6498.tif,val
1601,/kaggle/working/real_text_10k_dataset/doc_g1601_rot180.jpg,2,180,50376491-6498.tif,val
1601,/kaggle/working/real_text_10k_dataset/doc_g1601_rot270.jpg,3,270,50376491-6498.tif,val
1602,/kaggle/working/real_text_10k_dataset/doc_g1602_rot0.jpg,0,0,2073761596_1598.tif,train
1602,/kaggle/working/real_text_10k_dataset/doc_g1602_rot90.jpg,1,90,2073761596_1598.tif,train
1602,/kaggle/working/real_text_10k_dataset/doc_g1602_rot180.jpg,2,180,2073761596_1598.tif,train
1602,/kaggle/working/real_text_10k_dataset/doc_g1602_rot270.jpg,3,270,2073761596_1598.tif,train
1603,/kaggle/working/real_text_10k_dataset/doc_g1603_rot0.jpg,0,0,96653181_3182.tif,train
1603,/kaggle/working/real_text_10k_dataset/doc_g1603_rot90.jpg,1,90,96653181_3182.tif,train
1603,/kaggle/working/real_text_10k_dataset/doc_g1603_rot180.jpg,2,180,96653181_3182.tif,train
1603,/kaggle/working/real_text_10k_dataset/doc_g1603_rot270.jpg,3,270,96653181_3182.tif,train
1604,/kaggle/working/real_text_10k_dataset/doc_g1604_rot0.jpg,0,0,50445722-5723.tif,train
1604,/kaggle/working/real_text_10k_dataset/doc_g1604_rot90.jpg,1,90,50445722-5723.tif,train
1604,/kaggle/working/real_text_10k_dataset/doc_g1604_rot180.jpg,2,180,50445722-5723.tif,train
1604,/kaggle/working/real_text_10k_dataset/doc_g1604_rot270.jpg,3,270,50445722-5723.tif,train
1605,/kaggle/working/real_text_10k_dataset/doc_g1605_rot0.jpg,0,0,2069713934.tif,train
1605,/kaggle/working/real_text_10k_dataset/doc_g1605_rot90.jpg,1,90,2069713934.tif,train
1605,/kaggle/working/real_text_10k_dataset/doc_g1605_rot180.jpg,2,180,2069713934.tif,train
1605,/kaggle/working/real_text_10k_dataset/doc_g1605_rot270.jpg,3,270,2069713934.tif,train
1606,/kaggle/working/real_text_10k_dataset/doc_g1606_rot0.jpg,0,0,2028743482_2028743483.tif,train
1606,/kaggle/working/real_text_10k_dataset/doc_g1606_rot90.jpg,1,90,2028743482_2028743483.tif,train
1606,/kaggle/working/real_text_10k_dataset/doc_g1606_rot180.jpg,2,180,2028743482_2028743483.tif,train
1606,/kaggle/working/real_text_10k_dataset/doc_g1606_rot270.jpg,3,270,2028743482_2028743483.tif,train
1607,/kaggle/working/real_text_10k_dataset/doc_g1607_rot0.jpg,0,0,0011983695.tif,val
1607,/kaggle/working/real_text_10k_dataset/doc_g1607_rot90.jpg,1,90,0011983695.tif,val
1607,/kaggle/working/real_text_10k_dataset/doc_g1607_rot180.jpg,2,180,0011983695.tif,val
1607,/kaggle/working/real_text_10k_dataset/doc_g1607_rot270.jpg,3,270,0011983695.tif,val
1608,/kaggle/working/real_text_10k_dataset/doc_g1608_rot0.jpg,0,0,2063904553_4556.tif,val
1608,/kaggle/working/real_text_10k_dataset/doc_g1608_rot90.jpg,1,90,2063904553_4556.tif,val
1608,/kaggle/working/real_text_10k_dataset/doc_g1608_rot180.jpg,2,180,2063904553_4556.tif,val
1608,/kaggle/working/real_text_10k_dataset/doc_g1608_rot270.jpg,3,270,2063904553_4556.tif,val
1609,/kaggle/working/real_text_10k_dataset/doc_g1609_rot0.jpg,0,0,2030707460_2030707468.tif,train
1609,/kaggle/working/real_text_10k_dataset/doc_g1609_rot90.jpg,1,90,2030707460_2030707468.tif,train
1609,/kaggle/working/real_text_10k_dataset/doc_g1609_rot180.jpg,2,180,2030707460_2030707468.tif,train
1609,/kaggle/working/real_text_10k_dataset/doc_g1609_rot270.jpg,3,270,2030707460_2030707468.tif,train
1610,/kaggle/working/real_text_10k_dataset/doc_g1610_rot0.jpg,0,0,507726611+-6613.tif,train
1610,/kaggle/working/real_text_10k_dataset/doc_g1610_rot90.jpg,1,90,507726611+-6613.tif,train
1610,/kaggle/working/real_text_10k_dataset/doc_g1610_rot180.jpg,2,180,507726611+-6613.tif,train
1610,/kaggle/working/real_text_10k_dataset/doc_g1610_rot270.jpg,3,270,507726611+-6613.tif,train
1611,/kaggle/working/real_text_10k_dataset/doc_g1611_rot0.jpg,0,0,2054517452.tif,test
1611,/kaggle/working/real_text_10k_dataset/doc_g1611_rot90.jpg,1,90,2054517452.tif,test
1611,/kaggle/working/real_text_10k_dataset/doc_g1611_rot180.jpg,2,180,2054517452.tif,test
1611,/kaggle/working/real_text_10k_dataset/doc_g1611_rot270.jpg,3,270,2054517452.tif,test
1612,/kaggle/working/real_text_10k_dataset/doc_g1612_rot0.jpg,0,0,2028668326_2028668327.tif,train
1612,/kaggle/working/real_text_10k_dataset/doc_g1612_rot90.jpg,1,90,2028668326_2028668327.tif,train
1612,/kaggle/working/real_text_10k_dataset/doc_g1612_rot180.jpg,2,180,2028668326_2028668327.tif,train
1612,/kaggle/working/real_text_10k_dataset/doc_g1612_rot270.jpg,3,270,2028668326_2028668327.tif,train
1613,/kaggle/working/real_text_10k_dataset/doc_g1613_rot0.jpg,0,0,0001476191.tif,val
1613,/kaggle/working/real_text_10k_dataset/doc_g1613_rot90.jpg,1,90,0001476191.tif,val
1613,/kaggle/working/real_text_10k_dataset/doc_g1613_rot180.jpg,2,180,0001476191.tif,val
1613,/kaggle/working/real_text_10k_dataset/doc_g1613_rot270.jpg,3,270,0001476191.tif,val
1614,/kaggle/working/real_text_10k_dataset/doc_g1614_rot0.jpg,0,0,0060131516.tif,train
1614,/kaggle/working/real_text_10k_dataset/doc_g1614_rot90.jpg,1,90,0060131516.tif,train
1614,/kaggle/working/real_text_10k_dataset/doc_g1614_rot180.jpg,2,180,0060131516.tif,train
1614,/kaggle/working/real_text_10k_dataset/doc_g1614_rot270.jpg,3,270,0060131516.tif,train
1615,/kaggle/working/real_text_10k_dataset/doc_g1615_rot0.jpg,0,0,2051519898_2051519901.tif,train
1615,/kaggle/working/real_text_10k_dataset/doc_g1615_rot90.jpg,1,90,2051519898_2051519901.tif,train
1615,/kaggle/working/real_text_10k_dataset/doc_g1615_rot180.jpg,2,180,2051519898_2051519901.tif,train
1615,/kaggle/working/real_text_10k_dataset/doc_g1615_rot270.jpg,3,270,2051519898_2051519901.tif,train
1616,/kaggle/working/real_text_10k_dataset/doc_g1616_rot0.jpg,0,0,2072948858_8866.tif,test
1616,/kaggle/working/real_text_10k_dataset/doc_g1616_rot90.jpg,1,90,2072948858_8866.tif,test
1616,/kaggle/working/real_text_10k_dataset/doc_g1616_rot180.jpg,2,180,2072948858_8866.tif,test
1616,/kaggle/working/real_text_10k_dataset/doc_g1616_rot270.jpg,3,270,2072948858_8866.tif,test
1617,/kaggle/working/real_text_10k_dataset/doc_g1617_rot0.jpg,0,0,50583444-3445.tif,train
1617,/kaggle/working/real_text_10k_dataset/doc_g1617_rot90.jpg,1,90,50583444-3445.tif,train
1617,/kaggle/working/real_text_10k_dataset/doc_g1617_rot180.jpg,2,180,50583444-3445.tif,train
1617,/kaggle/working/real_text_10k_dataset/doc_g1617_rot270.jpg,3,270,50583444-3445.tif,train
1618,/kaggle/working/real_text_10k_dataset/doc_g1618_rot0.jpg,0,0,50582087-2088.tif,train
1618,/kaggle/working/real_text_10k_dataset/doc_g1618_rot90.jpg,1,90,50582087-2088.tif,train
1618,/kaggle/working/real_text_10k_dataset/doc_g1618_rot180.jpg,2,180,50582087-2088.tif,train
1618,/kaggle/working/real_text_10k_dataset/doc_g1618_rot270.jpg,3,270,50582087-2088.tif,train
1619,/kaggle/working/real_text_10k_dataset/doc_g1619_rot0.jpg,0,0,X51006414718.jpg,train
1619,/kaggle/working/real_text_10k_dataset/doc_g1619_rot90.jpg,1,90,X51006414718.jpg,train
1619,/kaggle/working/real_text_10k_dataset/doc_g1619_rot180.jpg,2,180,X51006414718.jpg,train
1619,/kaggle/working/real_text_10k_dataset/doc_g1619_rot270.jpg,3,270,X51006414718.jpg,train
1620,/kaggle/working/real_text_10k_dataset/doc_g1620_rot0.jpg,0,0,508011295.tif,train
1620,/kaggle/working/real_text_10k_dataset/doc_g1620_rot90.jpg,1,90,508011295.tif,train
1620,/kaggle/working/real_text_10k_dataset/doc_g1620_rot180.jpg,2,180,508011295.tif,train
1620,/kaggle/working/real_text_10k_dataset/doc_g1620_rot270.jpg,3,270,508011295.tif,train
1621,/kaggle/working/real_text_10k_dataset/doc_g1621_rot0.jpg,0,0,12956479.tif,train
1621,/kaggle/working/real_text_10k_dataset/doc_g1621_rot90.jpg,1,90,12956479.tif,train
1621,/kaggle/working/real_text_10k_dataset/doc_g1621_rot180.jpg,2,180,12956479.tif,train
1621,/kaggle/working/real_text_10k_dataset/doc_g1621_rot270.jpg,3,270,12956479.tif,train
1622,/kaggle/working/real_text_10k_dataset/doc_g1622_rot0.jpg,0,0,2056122950_2056122958.tif,train
1622,/kaggle/working/real_text_10k_dataset/doc_g1622_rot90.jpg,1,90,2056122950_2056122958.tif,train
1622,/kaggle/working/real_text_10k_dataset/doc_g1622_rot180.jpg,2,180,2056122950_2056122958.tif,train
1622,/kaggle/working/real_text_10k_dataset/doc_g1622_rot270.jpg,3,270,2056122950_2056122958.tif,train
1623,/kaggle/working/real_text_10k_dataset/doc_g1623_rot0.jpg,0,0,2031300653.tif,train
1623,/kaggle/working/real_text_10k_dataset/doc_g1623_rot90.jpg,1,90,2031300653.tif,train
1623,/kaggle/working/real_text_10k_dataset/doc_g1623_rot180.jpg,2,180,2031300653.tif,train
1623,/kaggle/working/real_text_10k_dataset/doc_g1623_rot270.jpg,3,270,2031300653.tif,train
1624,/kaggle/working/real_text_10k_dataset/doc_g1624_rot0.jpg,0,0,1000211102_1000211103.tif,train
1624,/kaggle/working/real_text_10k_dataset/doc_g1624_rot90.jpg,1,90,1000211102_1000211103.tif,train
1624,/kaggle/working/real_text_10k_dataset/doc_g1624_rot180.jpg,2,180,1000211102_1000211103.tif,train
1624,/kaggle/working/real_text_10k_dataset/doc_g1624_rot270.jpg,3,270,1000211102_1000211103.tif,train
1625,/kaggle/working/real_text_10k_dataset/doc_g1625_rot0.jpg,0,0,506773592+-3593.tif,train
1625,/kaggle/working/real_text_10k_dataset/doc_g1625_rot90.jpg,1,90,506773592+-3593.tif,train
1625,/kaggle/working/real_text_10k_dataset/doc_g1625_rot180.jpg,2,180,506773592+-3593.tif,train
1625,/kaggle/working/real_text_10k_dataset/doc_g1625_rot270.jpg,3,270,506773592+-3593.tif,train
1626,/kaggle/working/real_text_10k_dataset/doc_g1626_rot0.jpg,0,0,1003181580.tif,train
1626,/kaggle/working/real_text_10k_dataset/doc_g1626_rot90.jpg,1,90,1003181580.tif,train
1626,/kaggle/working/real_text_10k_dataset/doc_g1626_rot180.jpg,2,180,1003181580.tif,train
1626,/kaggle/working/real_text_10k_dataset/doc_g1626_rot270.jpg,3,270,1003181580.tif,train
1627,/kaggle/working/real_text_10k_dataset/doc_g1627_rot0.jpg,0,0,2040000668.tif,train
1627,/kaggle/working/real_text_10k_dataset/doc_g1627_rot90.jpg,1,90,2040000668.tif,train
1627,/kaggle/working/real_text_10k_dataset/doc_g1627_rot180.jpg,2,180,2040000668.tif,train
1627,/kaggle/working/real_text_10k_dataset/doc_g1627_rot270.jpg,3,270,2040000668.tif,train
1628,/kaggle/working/real_text_10k_dataset/doc_g1628_rot0.jpg,0,0,0060179743.tif,test
1628,/kaggle/working/real_text_10k_dataset/doc_g1628_rot90.jpg,1,90,0060179743.tif,test
1628,/kaggle/working/real_text_10k_dataset/doc_g1628_rot180.jpg,2,180,0060179743.tif,test
1628,/kaggle/working/real_text_10k_dataset/doc_g1628_rot270.jpg,3,270,0060179743.tif,test
1629,/kaggle/working/real_text_10k_dataset/doc_g1629_rot0.jpg,0,0,502610116+-0116.tif,train
1629,/kaggle/working/real_text_10k_dataset/doc_g1629_rot90.jpg,1,90,502610116+-0116.tif,train
1629,/kaggle/working/real_text_10k_dataset/doc_g1629_rot180.jpg,2,180,502610116+-0116.tif,train
1629,/kaggle/working/real_text_10k_dataset/doc_g1629_rot270.jpg,3,270,502610116+-0116.tif,train
1630,/kaggle/working/real_text_10k_dataset/doc_g1630_rot0.jpg,0,0,50442882-2882.tif,train
1630,/kaggle/working/real_text_10k_dataset/doc_g1630_rot90.jpg,1,90,50442882-2882.tif,train
1630,/kaggle/working/real_text_10k_dataset/doc_g1630_rot180.jpg,2,180,50442882-2882.tif,train
1630,/kaggle/working/real_text_10k_dataset/doc_g1630_rot270.jpg,3,270,50442882-2882.tif,train
1631,/kaggle/working/real_text_10k_dataset/doc_g1631_rot0.jpg,0,0,2071171648_1649.tif,train
1631,/kaggle/working/real_text_10k_dataset/doc_g1631_rot90.jpg,1,90,2071171648_1649.tif,train
1631,/kaggle/working/real_text_10k_dataset/doc_g1631_rot180.jpg,2,180,2071171648_1649.tif,train
1631,/kaggle/working/real_text_10k_dataset/doc_g1631_rot270.jpg,3,270,2071171648_1649.tif,train
1632,/kaggle/working/real_text_10k_dataset/doc_g1632_rot0.jpg,0,0,2085115905c_5906.tif,train
1632,/kaggle/working/real_text_10k_dataset/doc_g1632_rot90.jpg,1,90,2085115905c_5906.tif,train
1632,/kaggle/working/real_text_10k_dataset/doc_g1632_rot180.jpg,2,180,2085115905c_5906.tif,train
1632,/kaggle/working/real_text_10k_dataset/doc_g1632_rot270.jpg,3,270,2085115905c_5906.tif,train
1633,/kaggle/working/real_text_10k_dataset/doc_g1633_rot0.jpg,0,0,X51008099081.jpg,train
1633,/kaggle/working/real_text_10k_dataset/doc_g1633_rot90.jpg,1,90,X51008099081.jpg,train
1633,/kaggle/working/real_text_10k_dataset/doc_g1633_rot180.jpg,2,180,X51008099081.jpg,train
1633,/kaggle/working/real_text_10k_dataset/doc_g1633_rot270.jpg,3,270,X51008099081.jpg,train
1634,/kaggle/working/real_text_10k_dataset/doc_g1634_rot0.jpg,0,0,50241663-1664.tif,train
1634,/kaggle/working/real_text_10k_dataset/doc_g1634_rot90.jpg,1,90,50241663-1664.tif,train
1634,/kaggle/working/real_text_10k_dataset/doc_g1634_rot180.jpg,2,180,50241663-1664.tif,train
1634,/kaggle/working/real_text_10k_dataset/doc_g1634_rot270.jpg,3,270,50241663-1664.tif,train
1635,/kaggle/working/real_text_10k_dataset/doc_g1635_rot0.jpg,0,0,2085161311b.tif,train
1635,/kaggle/working/real_text_10k_dataset/doc_g1635_rot90.jpg,1,90,2085161311b.tif,train
1635,/kaggle/working/real_text_10k_dataset/doc_g1635_rot180.jpg,2,180,2085161311b.tif,train
1635,/kaggle/working/real_text_10k_dataset/doc_g1635_rot270.jpg,3,270,2085161311b.tif,train
1636,/kaggle/working/real_text_10k_dataset/doc_g1636_rot0.jpg,0,0,PUBLICATIONS006019-6.tif,train
1636,/kaggle/working/real_text_10k_dataset/doc_g1636_rot90.jpg,1,90,PUBLICATIONS006019-6.tif,train
1636,/kaggle/working/real_text_10k_dataset/doc_g1636_rot180.jpg,2,180,PUBLICATIONS006019-6.tif,train
1636,/kaggle/working/real_text_10k_dataset/doc_g1636_rot270.jpg,3,270,PUBLICATIONS006019-6.tif,train
1637,/kaggle/working/real_text_10k_dataset/doc_g1637_rot0.jpg,0,0,2082867458.tif,train
1637,/kaggle/working/real_text_10k_dataset/doc_g1637_rot90.jpg,1,90,2082867458.tif,train
1637,/kaggle/working/real_text_10k_dataset/doc_g1637_rot180.jpg,2,180,2082867458.tif,train
1637,/kaggle/working/real_text_10k_dataset/doc_g1637_rot270.jpg,3,270,2082867458.tif,train
1638,/kaggle/working/real_text_10k_dataset/doc_g1638_rot0.jpg,0,0,2040734541.tif,train
1638,/kaggle/working/real_text_10k_dataset/doc_g1638_rot90.jpg,1,90,2040734541.tif,train
1638,/kaggle/working/real_text_10k_dataset/doc_g1638_rot180.jpg,2,180,2040734541.tif,train
1638,/kaggle/working/real_text_10k_dataset/doc_g1638_rot270.jpg,3,270,2040734541.tif,train
1639,/kaggle/working/real_text_10k_dataset/doc_g1639_rot0.jpg,0,0,2064847064.tif,train
1639,/kaggle/working/real_text_10k_dataset/doc_g1639_rot90.jpg,1,90,2064847064.tif,train
1639,/kaggle/working/real_text_10k_dataset/doc_g1639_rot180.jpg,2,180,2064847064.tif,train
1639,/kaggle/working/real_text_10k_dataset/doc_g1639_rot270.jpg,3,270,2064847064.tif,train
1640,/kaggle/working/real_text_10k_dataset/doc_g1640_rot0.jpg,0,0,91581414.tif,train
1640,/kaggle/working/real_text_10k_dataset/doc_g1640_rot90.jpg,1,90,91581414.tif,train
1640,/kaggle/working/real_text_10k_dataset/doc_g1640_rot180.jpg,2,180,91581414.tif,train
1640,/kaggle/working/real_text_10k_dataset/doc_g1640_rot270.jpg,3,270,91581414.tif,train
1641,/kaggle/working/real_text_10k_dataset/doc_g1641_rot0.jpg,0,0,2085538754.tif,train
1641,/kaggle/working/real_text_10k_dataset/doc_g1641_rot90.jpg,1,90,2085538754.tif,train
1641,/kaggle/working/real_text_10k_dataset/doc_g1641_rot180.jpg,2,180,2085538754.tif,train
1641,/kaggle/working/real_text_10k_dataset/doc_g1641_rot270.jpg,3,270,2085538754.tif,train
1642,/kaggle/working/real_text_10k_dataset/doc_g1642_rot0.jpg,0,0,tob13617.02.tif,train
1642,/kaggle/working/real_text_10k_dataset/doc_g1642_rot90.jpg,1,90,tob13617.02.tif,train
1642,/kaggle/working/real_text_10k_dataset/doc_g1642_rot180.jpg,2,180,tob13617.02.tif,train
1642,/kaggle/working/real_text_10k_dataset/doc_g1642_rot270.jpg,3,270,tob13617.02.tif,train
1643,/kaggle/working/real_text_10k_dataset/doc_g1643_rot0.jpg,0,0,504542517+-2517.tif,train
1643,/kaggle/working/real_text_10k_dataset/doc_g1643_rot90.jpg,1,90,504542517+-2517.tif,train
1643,/kaggle/working/real_text_10k_dataset/doc_g1643_rot180.jpg,2,180,504542517+-2517.tif,train
1643,/kaggle/working/real_text_10k_dataset/doc_g1643_rot270.jpg,3,270,504542517+-2517.tif,train
1644,/kaggle/working/real_text_10k_dataset/doc_g1644_rot0.jpg,0,0,50588856-8857.tif,train
1644,/kaggle/working/real_text_10k_dataset/doc_g1644_rot90.jpg,1,90,50588856-8857.tif,train
1644,/kaggle/working/real_text_10k_dataset/doc_g1644_rot180.jpg,2,180,50588856-8857.tif,train
1644,/kaggle/working/real_text_10k_dataset/doc_g1644_rot270.jpg,3,270,50588856-8857.tif,train
1645,/kaggle/working/real_text_10k_dataset/doc_g1645_rot0.jpg,0,0,518681922+-1922.tif,train
1645,/kaggle/working/real_text_10k_dataset/doc_g1645_rot90.jpg,1,90,518681922+-1922.tif,train
1645,/kaggle/working/real_text_10k_dataset/doc_g1645_rot180.jpg,2,180,518681922+-1922.tif,train
1645,/kaggle/working/real_text_10k_dataset/doc_g1645_rot270.jpg,3,270,518681922+-1922.tif,train
1646,/kaggle/working/real_text_10k_dataset/doc_g1646_rot0.jpg,0,0,10374458_10374461.tif,train
1646,/kaggle/working/real_text_10k_dataset/doc_g1646_rot90.jpg,1,90,10374458_10374461.tif,train
1646,/kaggle/working/real_text_10k_dataset/doc_g1646_rot180.jpg,2,180,10374458_10374461.tif,train
1646,/kaggle/working/real_text_10k_dataset/doc_g1646_rot270.jpg,3,270,10374458_10374461.tif,train
1647,/kaggle/working/real_text_10k_dataset/doc_g1647_rot0.jpg,0,0,2069736480.tif,train
1647,/kaggle/working/real_text_10k_dataset/doc_g1647_rot90.jpg,1,90,2069736480.tif,train
1647,/kaggle/working/real_text_10k_dataset/doc_g1647_rot180.jpg,2,180,2069736480.tif,train
1647,/kaggle/working/real_text_10k_dataset/doc_g1647_rot270.jpg,3,270,2069736480.tif,train
1648,/kaggle/working/real_text_10k_dataset/doc_g1648_rot0.jpg,0,0,87064946.tif,train
1648,/kaggle/working/real_text_10k_dataset/doc_g1648_rot90.jpg,1,90,87064946.tif,train
1648,/kaggle/working/real_text_10k_dataset/doc_g1648_rot180.jpg,2,180,87064946.tif,train
1648,/kaggle/working/real_text_10k_dataset/doc_g1648_rot270.jpg,3,270,87064946.tif,train
1649,/kaggle/working/real_text_10k_dataset/doc_g1649_rot0.jpg,0,0,2025991441.tif,train
1649,/kaggle/working/real_text_10k_dataset/doc_g1649_rot90.jpg,1,90,2025991441.tif,train
1649,/kaggle/working/real_text_10k_dataset/doc_g1649_rot180.jpg,2,180,2025991441.tif,train
1649,/kaggle/working/real_text_10k_dataset/doc_g1649_rot270.jpg,3,270,2025991441.tif,train
1650,/kaggle/working/real_text_10k_dataset/doc_g1650_rot0.jpg,0,0,82569960_9967.tif,train
1650,/kaggle/working/real_text_10k_dataset/doc_g1650_rot90.jpg,1,90,82569960_9967.tif,train
1650,/kaggle/working/real_text_10k_dataset/doc_g1650_rot180.jpg,2,180,82569960_9967.tif,train
1650,/kaggle/working/real_text_10k_dataset/doc_g1650_rot270.jpg,3,270,82569960_9967.tif,train
1651,/kaggle/working/real_text_10k_dataset/doc_g1651_rot0.jpg,0,0,X51006414631.jpg,val
1651,/kaggle/working/real_text_10k_dataset/doc_g1651_rot90.jpg,1,90,X51006414631.jpg,val
1651,/kaggle/working/real_text_10k_dataset/doc_g1651_rot180.jpg,2,180,X51006414631.jpg,val
1651,/kaggle/working/real_text_10k_dataset/doc_g1651_rot270.jpg,3,270,X51006414631.jpg,val
1652,/kaggle/working/real_text_10k_dataset/doc_g1652_rot0.jpg,0,0,505033445.tif,val
1652,/kaggle/working/real_text_10k_dataset/doc_g1652_rot90.jpg,1,90,505033445.tif,val
1652,/kaggle/working/real_text_10k_dataset/doc_g1652_rot180.jpg,2,180,505033445.tif,val
1652,/kaggle/working/real_text_10k_dataset/doc_g1652_rot270.jpg,3,270,505033445.tif,val
1653,/kaggle/working/real_text_10k_dataset/doc_g1653_rot0.jpg,0,0,50619650-9651.tif,train
1653,/kaggle/working/real_text_10k_dataset/doc_g1653_rot90.jpg,1,90,50619650-9651.tif,train
1653,/kaggle/working/real_text_10k_dataset/doc_g1653_rot180.jpg,2,180,50619650-9651.tif,train
1653,/kaggle/working/real_text_10k_dataset/doc_g1653_rot270.jpg,3,270,50619650-9651.tif,train
1654,/kaggle/working/real_text_10k_dataset/doc_g1654_rot0.jpg,0,0,10400349.tif,test
1654,/kaggle/working/real_text_10k_dataset/doc_g1654_rot90.jpg,1,90,10400349.tif,test
1654,/kaggle/working/real_text_10k_dataset/doc_g1654_rot180.jpg,2,180,10400349.tif,test
1654,/kaggle/working/real_text_10k_dataset/doc_g1654_rot270.jpg,3,270,10400349.tif,test
1655,/kaggle/working/real_text_10k_dataset/doc_g1655_rot0.jpg,0,0,87262103.tif,train
1655,/kaggle/working/real_text_10k_dataset/doc_g1655_rot90.jpg,1,90,87262103.tif,train
1655,/kaggle/working/real_text_10k_dataset/doc_g1655_rot180.jpg,2,180,87262103.tif,train
1655,/kaggle/working/real_text_10k_dataset/doc_g1655_rot270.jpg,3,270,87262103.tif,train
1656,/kaggle/working/real_text_10k_dataset/doc_g1656_rot0.jpg,0,0,2030580866.tif,train
1656,/kaggle/working/real_text_10k_dataset/doc_g1656_rot90.jpg,1,90,2030580866.tif,train
1656,/kaggle/working/real_text_10k_dataset/doc_g1656_rot180.jpg,2,180,2030580866.tif,train
1656,/kaggle/working/real_text_10k_dataset/doc_g1656_rot270.jpg,3,270,2030580866.tif,train
1657,/kaggle/working/real_text_10k_dataset/doc_g1657_rot0.jpg,0,0,0000238898.tif,train
1657,/kaggle/working/real_text_10k_dataset/doc_g1657_rot90.jpg,1,90,0000238898.tif,train
1657,/kaggle/working/real_text_10k_dataset/doc_g1657_rot180.jpg,2,180,0000238898.tif,train
1657,/kaggle/working/real_text_10k_dataset/doc_g1657_rot270.jpg,3,270,0000238898.tif,train
1658,/kaggle/working/real_text_10k_dataset/doc_g1658_rot0.jpg,0,0,2080281236.tif,train
1658,/kaggle/working/real_text_10k_dataset/doc_g1658_rot90.jpg,1,90,2080281236.tif,train
1658,/kaggle/working/real_text_10k_dataset/doc_g1658_rot180.jpg,2,180,2080281236.tif,train
1658,/kaggle/working/real_text_10k_dataset/doc_g1658_rot270.jpg,3,270,2080281236.tif,train
1659,/kaggle/working/real_text_10k_dataset/doc_g1659_rot0.jpg,0,0,1001533461.tif,train
1659,/kaggle/working/real_text_10k_dataset/doc_g1659_rot90.jpg,1,90,1001533461.tif,train
1659,/kaggle/working/real_text_10k_dataset/doc_g1659_rot180.jpg,2,180,1001533461.tif,train
1659,/kaggle/working/real_text_10k_dataset/doc_g1659_rot270.jpg,3,270,1001533461.tif,train
1660,/kaggle/working/real_text_10k_dataset/doc_g1660_rot0.jpg,0,0,2043043103.tif,val
1660,/kaggle/working/real_text_10k_dataset/doc_g1660_rot90.jpg,1,90,2043043103.tif,val
1660,/kaggle/working/real_text_10k_dataset/doc_g1660_rot180.jpg,2,180,2043043103.tif,val
1660,/kaggle/working/real_text_10k_dataset/doc_g1660_rot270.jpg,3,270,2043043103.tif,val
1661,/kaggle/working/real_text_10k_dataset/doc_g1661_rot0.jpg,0,0,91574380_4381.tif,val
1661,/kaggle/working/real_text_10k_dataset/doc_g1661_rot90.jpg,1,90,91574380_4381.tif,val
1661,/kaggle/working/real_text_10k_dataset/doc_g1661_rot180.jpg,2,180,91574380_4381.tif,val
1661,/kaggle/working/real_text_10k_dataset/doc_g1661_rot270.jpg,3,270,91574380_4381.tif,val
1662,/kaggle/working/real_text_10k_dataset/doc_g1662_rot0.jpg,0,0,2040683298_3301.tif,train
1662,/kaggle/working/real_text_10k_dataset/doc_g1662_rot90.jpg,1,90,2040683298_3301.tif,train
1662,/kaggle/working/real_text_10k_dataset/doc_g1662_rot180.jpg,2,180,2040683298_3301.tif,train
1662,/kaggle/working/real_text_10k_dataset/doc_g1662_rot270.jpg,3,270,2040683298_3301.tif,train
1663,/kaggle/working/real_text_10k_dataset/doc_g1663_rot0.jpg,0,0,524923780+-3800.tif,train
1663,/kaggle/working/real_text_10k_dataset/doc_g1663_rot90.jpg,1,90,524923780+-3800.tif,train
1663,/kaggle/working/real_text_10k_dataset/doc_g1663_rot180.jpg,2,180,524923780+-3800.tif,train
1663,/kaggle/working/real_text_10k_dataset/doc_g1663_rot270.jpg,3,270,524923780+-3800.tif,train
1664,/kaggle/working/real_text_10k_dataset/doc_g1664_rot0.jpg,0,0,94586428.tif,train
1664,/kaggle/working/real_text_10k_dataset/doc_g1664_rot90.jpg,1,90,94586428.tif,train
1664,/kaggle/working/real_text_10k_dataset/doc_g1664_rot180.jpg,2,180,94586428.tif,train
1664,/kaggle/working/real_text_10k_dataset/doc_g1664_rot270.jpg,3,270,94586428.tif,train
1665,/kaggle/working/real_text_10k_dataset/doc_g1665_rot0.jpg,0,0,2051509157_2051509159.tif,train
1665,/kaggle/working/real_text_10k_dataset/doc_g1665_rot90.jpg,1,90,2051509157_2051509159.tif,train
1665,/kaggle/working/real_text_10k_dataset/doc_g1665_rot180.jpg,2,180,2051509157_2051509159.tif,train
1665,/kaggle/working/real_text_10k_dataset/doc_g1665_rot270.jpg,3,270,2051509157_2051509159.tif,train
1666,/kaggle/working/real_text_10k_dataset/doc_g1666_rot0.jpg,0,0,11295764.tif,train
1666,/kaggle/working/real_text_10k_dataset/doc_g1666_rot90.jpg,1,90,11295764.tif,train
1666,/kaggle/working/real_text_10k_dataset/doc_g1666_rot180.jpg,2,180,11295764.tif,train
1666,/kaggle/working/real_text_10k_dataset/doc_g1666_rot270.jpg,3,270,11295764.tif,train
1667,/kaggle/working/real_text_10k_dataset/doc_g1667_rot0.jpg,0,0,50495088-5088.tif,train
1667,/kaggle/working/real_text_10k_dataset/doc_g1667_rot90.jpg,1,90,50495088-5088.tif,train
1667,/kaggle/working/real_text_10k_dataset/doc_g1667_rot180.jpg,2,180,50495088-5088.tif,train
1667,/kaggle/working/real_text_10k_dataset/doc_g1667_rot270.jpg,3,270,50495088-5088.tif,train
1668,/kaggle/working/real_text_10k_dataset/doc_g1668_rot0.jpg,0,0,506049935+-9941.tif,train
1668,/kaggle/working/real_text_10k_dataset/doc_g1668_rot90.jpg,1,90,506049935+-9941.tif,train
1668,/kaggle/working/real_text_10k_dataset/doc_g1668_rot180.jpg,2,180,506049935+-9941.tif,train
1668,/kaggle/working/real_text_10k_dataset/doc_g1668_rot270.jpg,3,270,506049935+-9941.tif,train
1669,/kaggle/working/real_text_10k_dataset/doc_g1669_rot0.jpg,0,0,2057486202_2057486203.tif,train
1669,/kaggle/working/real_text_10k_dataset/doc_g1669_rot90.jpg,1,90,2057486202_2057486203.tif,train
1669,/kaggle/working/real_text_10k_dataset/doc_g1669_rot180.jpg,2,180,2057486202_2057486203.tif,train
1669,/kaggle/working/real_text_10k_dataset/doc_g1669_rot270.jpg,3,270,2057486202_2057486203.tif,train
1670,/kaggle/working/real_text_10k_dataset/doc_g1670_rot0.jpg,0,0,2049318261_2049318263.tif,train
1670,/kaggle/working/real_text_10k_dataset/doc_g1670_rot90.jpg,1,90,2049318261_2049318263.tif,train
1670,/kaggle/working/real_text_10k_dataset/doc_g1670_rot180.jpg,2,180,2049318261_2049318263.tif,train
1670,/kaggle/working/real_text_10k_dataset/doc_g1670_rot270.jpg,3,270,2049318261_2049318263.tif,train
1671,/kaggle/working/real_text_10k_dataset/doc_g1671_rot0.jpg,0,0,2071341381_1383.tif,train
1671,/kaggle/working/real_text_10k_dataset/doc_g1671_rot90.jpg,1,90,2071341381_1383.tif,train
1671,/kaggle/working/real_text_10k_dataset/doc_g1671_rot180.jpg,2,180,2071341381_1383.tif,train
1671,/kaggle/working/real_text_10k_dataset/doc_g1671_rot270.jpg,3,270,2071341381_1383.tif,train
1672,/kaggle/working/real_text_10k_dataset/doc_g1672_rot0.jpg,0,0,2078733020_3022.tif,train
1672,/kaggle/working/real_text_10k_dataset/doc_g1672_rot90.jpg,1,90,2078733020_3022.tif,train
1672,/kaggle/working/real_text_10k_dataset/doc_g1672_rot180.jpg,2,180,2078733020_3022.tif,train
1672,/kaggle/working/real_text_10k_dataset/doc_g1672_rot270.jpg,3,270,2078733020_3022.tif,train
1673,/kaggle/working/real_text_10k_dataset/doc_g1673_rot0.jpg,0,0,03367231.tif,train
1673,/kaggle/working/real_text_10k_dataset/doc_g1673_rot90.jpg,1,90,03367231.tif,train
1673,/kaggle/working/real_text_10k_dataset/doc_g1673_rot180.jpg,2,180,03367231.tif,train
1673,/kaggle/working/real_text_10k_dataset/doc_g1673_rot270.jpg,3,270,03367231.tif,train
1674,/kaggle/working/real_text_10k_dataset/doc_g1674_rot0.jpg,0,0,2023270351.tif,train
1674,/kaggle/working/real_text_10k_dataset/doc_g1674_rot90.jpg,1,90,2023270351.tif,train
1674,/kaggle/working/real_text_10k_dataset/doc_g1674_rot180.jpg,2,180,2023270351.tif,train
1674,/kaggle/working/real_text_10k_dataset/doc_g1674_rot270.jpg,3,270,2023270351.tif,train
1675,/kaggle/working/real_text_10k_dataset/doc_g1675_rot0.jpg,0,0,506762215+-2218.tif,val
1675,/kaggle/working/real_text_10k_dataset/doc_g1675_rot90.jpg,1,90,506762215+-2218.tif,val
1675,/kaggle/working/real_text_10k_dataset/doc_g1675_rot180.jpg,2,180,506762215+-2218.tif,val
1675,/kaggle/working/real_text_10k_dataset/doc_g1675_rot270.jpg,3,270,506762215+-2218.tif,val
1676,/kaggle/working/real_text_10k_dataset/doc_g1676_rot0.jpg,0,0,PUBLICATIONS00059014.tif,train
1676,/kaggle/working/real_text_10k_dataset/doc_g1676_rot90.jpg,1,90,PUBLICATIONS00059014.tif,train
1676,/kaggle/working/real_text_10k_dataset/doc_g1676_rot180.jpg,2,180,PUBLICATIONS00059014.tif,train
1676,/kaggle/working/real_text_10k_dataset/doc_g1676_rot270.jpg,3,270,PUBLICATIONS00059014.tif,train
1677,/kaggle/working/real_text_10k_dataset/doc_g1677_rot0.jpg,0,0,505996544.tif,train
1677,/kaggle/working/real_text_10k_dataset/doc_g1677_rot90.jpg,1,90,505996544.tif,train
1677,/kaggle/working/real_text_10k_dataset/doc_g1677_rot180.jpg,2,180,505996544.tif,train
1677,/kaggle/working/real_text_10k_dataset/doc_g1677_rot270.jpg,3,270,505996544.tif,train
1678,/kaggle/working/real_text_10k_dataset/doc_g1678_rot0.jpg,0,0,83657051.tif,train
1678,/kaggle/working/real_text_10k_dataset/doc_g1678_rot90.jpg,1,90,83657051.tif,train
1678,/kaggle/working/real_text_10k_dataset/doc_g1678_rot180.jpg,2,180,83657051.tif,train
1678,/kaggle/working/real_text_10k_dataset/doc_g1678_rot270.jpg,3,270,83657051.tif,train
1679,/kaggle/working/real_text_10k_dataset/doc_g1679_rot0.jpg,0,0,506902351.tif,train
1679,/kaggle/working/real_text_10k_dataset/doc_g1679_rot90.jpg,1,90,506902351.tif,train
1679,/kaggle/working/real_text_10k_dataset/doc_g1679_rot180.jpg,2,180,506902351.tif,train
1679,/kaggle/working/real_text_10k_dataset/doc_g1679_rot270.jpg,3,270,506902351.tif,train
1680,/kaggle/working/real_text_10k_dataset/doc_g1680_rot0.jpg,0,0,2059125590.tif,train
1680,/kaggle/working/real_text_10k_dataset/doc_g1680_rot90.jpg,1,90,2059125590.tif,train
1680,/kaggle/working/real_text_10k_dataset/doc_g1680_rot180.jpg,2,180,2059125590.tif,train
1680,/kaggle/working/real_text_10k_dataset/doc_g1680_rot270.jpg,3,270,2059125590.tif,train
1681,/kaggle/working/real_text_10k_dataset/doc_g1681_rot0.jpg,0,0,527929946+-9947.tif,train
1681,/kaggle/working/real_text_10k_dataset/doc_g1681_rot90.jpg,1,90,527929946+-9947.tif,train
1681,/kaggle/working/real_text_10k_dataset/doc_g1681_rot180.jpg,2,180,527929946+-9947.tif,train
1681,/kaggle/working/real_text_10k_dataset/doc_g1681_rot270.jpg,3,270,527929946+-9947.tif,train
1682,/kaggle/working/real_text_10k_dataset/doc_g1682_rot0.jpg,0,0,2041378993_2041378997.tif,test
1682,/kaggle/working/real_text_10k_dataset/doc_g1682_rot90.jpg,1,90,2041378993_2041378997.tif,test
1682,/kaggle/working/real_text_10k_dataset/doc_g1682_rot180.jpg,2,180,2041378993_2041378997.tif,test
1682,/kaggle/working/real_text_10k_dataset/doc_g1682_rot270.jpg,3,270,2041378993_2041378997.tif,test
1683,/kaggle/working/real_text_10k_dataset/doc_g1683_rot0.jpg,0,0,522493657+-3671.tif,train
1683,/kaggle/working/real_text_10k_dataset/doc_g1683_rot90.jpg,1,90,522493657+-3671.tif,train
1683,/kaggle/working/real_text_10k_dataset/doc_g1683_rot180.jpg,2,180,522493657+-3671.tif,train
1683,/kaggle/working/real_text_10k_dataset/doc_g1683_rot270.jpg,3,270,522493657+-3671.tif,train
1684,/kaggle/working/real_text_10k_dataset/doc_g1684_rot0.jpg,0,0,2028992724_2028992730.tif,train
1684,/kaggle/working/real_text_10k_dataset/doc_g1684_rot90.jpg,1,90,2028992724_2028992730.tif,train
1684,/kaggle/working/real_text_10k_dataset/doc_g1684_rot180.jpg,2,180,2028992724_2028992730.tif,train
1684,/kaggle/working/real_text_10k_dataset/doc_g1684_rot270.jpg,3,270,2028992724_2028992730.tif,train
1685,/kaggle/working/real_text_10k_dataset/doc_g1685_rot0.jpg,0,0,2049168812.tif,train
1685,/kaggle/working/real_text_10k_dataset/doc_g1685_rot90.jpg,1,90,2049168812.tif,train
1685,/kaggle/working/real_text_10k_dataset/doc_g1685_rot180.jpg,2,180,2049168812.tif,train
1685,/kaggle/working/real_text_10k_dataset/doc_g1685_rot270.jpg,3,270,2049168812.tif,train
1686,/kaggle/working/real_text_10k_dataset/doc_g1686_rot0.jpg,0,0,2040160186.tif,train
1686,/kaggle/working/real_text_10k_dataset/doc_g1686_rot90.jpg,1,90,2040160186.tif,train
1686,/kaggle/working/real_text_10k_dataset/doc_g1686_rot180.jpg,2,180,2040160186.tif,train
1686,/kaggle/working/real_text_10k_dataset/doc_g1686_rot270.jpg,3,270,2040160186.tif,train
1687,/kaggle/working/real_text_10k_dataset/doc_g1687_rot0.jpg,0,0,2057639945.tif,train
1687,/kaggle/working/real_text_10k_dataset/doc_g1687_rot90.jpg,1,90,2057639945.tif,train
1687,/kaggle/working/real_text_10k_dataset/doc_g1687_rot180.jpg,2,180,2057639945.tif,train
1687,/kaggle/working/real_text_10k_dataset/doc_g1687_rot270.jpg,3,270,2057639945.tif,train
1688,/kaggle/working/real_text_10k_dataset/doc_g1688_rot0.jpg,0,0,91928667_8681.tif,train
1688,/kaggle/working/real_text_10k_dataset/doc_g1688_rot90.jpg,1,90,91928667_8681.tif,train
1688,/kaggle/working/real_text_10k_dataset/doc_g1688_rot180.jpg,2,180,91928667_8681.tif,train
1688,/kaggle/working/real_text_10k_dataset/doc_g1688_rot270.jpg,3,270,91928667_8681.tif,train
1689,/kaggle/working/real_text_10k_dataset/doc_g1689_rot0.jpg,0,0,509170668.tif,val
1689,/kaggle/working/real_text_10k_dataset/doc_g1689_rot90.jpg,1,90,509170668.tif,val
1689,/kaggle/working/real_text_10k_dataset/doc_g1689_rot180.jpg,2,180,509170668.tif,val
1689,/kaggle/working/real_text_10k_dataset/doc_g1689_rot270.jpg,3,270,509170668.tif,val
1690,/kaggle/working/real_text_10k_dataset/doc_g1690_rot0.jpg,0,0,50228651-8658.tif,train
1690,/kaggle/working/real_text_10k_dataset/doc_g1690_rot90.jpg,1,90,50228651-8658.tif,train
1690,/kaggle/working/real_text_10k_dataset/doc_g1690_rot180.jpg,2,180,50228651-8658.tif,train
1690,/kaggle/working/real_text_10k_dataset/doc_g1690_rot270.jpg,3,270,50228651-8658.tif,train
1691,/kaggle/working/real_text_10k_dataset/doc_g1691_rot0.jpg,0,0,507335578+-5580.tif,train
1691,/kaggle/working/real_text_10k_dataset/doc_g1691_rot90.jpg,1,90,507335578+-5580.tif,train
1691,/kaggle/working/real_text_10k_dataset/doc_g1691_rot180.jpg,2,180,507335578+-5580.tif,train
1691,/kaggle/working/real_text_10k_dataset/doc_g1691_rot270.jpg,3,270,507335578+-5580.tif,train
1692,/kaggle/working/real_text_10k_dataset/doc_g1692_rot0.jpg,0,0,2024161365.tif,train
1692,/kaggle/working/real_text_10k_dataset/doc_g1692_rot90.jpg,1,90,2024161365.tif,train
1692,/kaggle/working/real_text_10k_dataset/doc_g1692_rot180.jpg,2,180,2024161365.tif,train
1692,/kaggle/working/real_text_10k_dataset/doc_g1692_rot270.jpg,3,270,2024161365.tif,train
1693,/kaggle/working/real_text_10k_dataset/doc_g1693_rot0.jpg,0,0,0060101380.tif,test
1693,/kaggle/working/real_text_10k_dataset/doc_g1693_rot90.jpg,1,90,0060101380.tif,test
1693,/kaggle/working/real_text_10k_dataset/doc_g1693_rot180.jpg,2,180,0060101380.tif,test
1693,/kaggle/working/real_text_10k_dataset/doc_g1693_rot270.jpg,3,270,0060101380.tif,test
1694,/kaggle/working/real_text_10k_dataset/doc_g1694_rot0.jpg,0,0,50033143.tif,train
1694,/kaggle/working/real_text_10k_dataset/doc_g1694_rot90.jpg,1,90,50033143.tif,train
1694,/kaggle/working/real_text_10k_dataset/doc_g1694_rot180.jpg,2,180,50033143.tif,train
1694,/kaggle/working/real_text_10k_dataset/doc_g1694_rot270.jpg,3,270,50033143.tif,train
1695,/kaggle/working/real_text_10k_dataset/doc_g1695_rot0.jpg,0,0,2050236044_2050236045.tif,test
1695,/kaggle/working/real_text_10k_dataset/doc_g1695_rot90.jpg,1,90,2050236044_2050236045.tif,test
1695,/kaggle/working/real_text_10k_dataset/doc_g1695_rot180.jpg,2,180,2050236044_2050236045.tif,test
1695,/kaggle/working/real_text_10k_dataset/doc_g1695_rot270.jpg,3,270,2050236044_2050236045.tif,test
1696,/kaggle/working/real_text_10k_dataset/doc_g1696_rot0.jpg,0,0,1003044181-a.tif,train
1696,/kaggle/working/real_text_10k_dataset/doc_g1696_rot90.jpg,1,90,1003044181-a.tif,train
1696,/kaggle/working/real_text_10k_dataset/doc_g1696_rot180.jpg,2,180,1003044181-a.tif,train
1696,/kaggle/working/real_text_10k_dataset/doc_g1696_rot270.jpg,3,270,1003044181-a.tif,train
1697,/kaggle/working/real_text_10k_dataset/doc_g1697_rot0.jpg,0,0,0060109548.tif,train
1697,/kaggle/working/real_text_10k_dataset/doc_g1697_rot90.jpg,1,90,0060109548.tif,train
1697,/kaggle/working/real_text_10k_dataset/doc_g1697_rot180.jpg,2,180,0060109548.tif,train
1697,/kaggle/working/real_text_10k_dataset/doc_g1697_rot270.jpg,3,270,0060109548.tif,train
1698,/kaggle/working/real_text_10k_dataset/doc_g1698_rot0.jpg,0,0,82904741.tif,train
1698,/kaggle/working/real_text_10k_dataset/doc_g1698_rot90.jpg,1,90,82904741.tif,train
1698,/kaggle/working/real_text_10k_dataset/doc_g1698_rot180.jpg,2,180,82904741.tif,train
1698,/kaggle/working/real_text_10k_dataset/doc_g1698_rot270.jpg,3,270,82904741.tif,train
1699,/kaggle/working/real_text_10k_dataset/doc_g1699_rot0.jpg,0,0,receipt_00293.png,train
1699,/kaggle/working/real_text_10k_dataset/doc_g1699_rot90.jpg,1,90,receipt_00293.png,train
1699,/kaggle/working/real_text_10k_dataset/doc_g1699_rot180.jpg,2,180,receipt_00293.png,train
1699,/kaggle/working/real_text_10k_dataset/doc_g1699_rot270.jpg,3,270,receipt_00293.png,train
1700,/kaggle/working/real_text_10k_dataset/doc_g1700_rot0.jpg,0,0,2058504018.tif,train
1700,/kaggle/working/real_text_10k_dataset/doc_g1700_rot90.jpg,1,90,2058504018.tif,train
1700,/kaggle/working/real_text_10k_dataset/doc_g1700_rot180.jpg,2,180,2058504018.tif,train
1700,/kaggle/working/real_text_10k_dataset/doc_g1700_rot270.jpg,3,270,2058504018.tif,train
1701,/kaggle/working/real_text_10k_dataset/doc_g1701_rot0.jpg,0,0,2082451814_1816.tif,train
1701,/kaggle/working/real_text_10k_dataset/doc_g1701_rot90.jpg,1,90,2082451814_1816.tif,train
1701,/kaggle/working/real_text_10k_dataset/doc_g1701_rot180.jpg,2,180,2082451814_1816.tif,train
1701,/kaggle/working/real_text_10k_dataset/doc_g1701_rot270.jpg,3,270,2082451814_1816.tif,train
1702,/kaggle/working/real_text_10k_dataset/doc_g1702_rot0.jpg,0,0,1000006595.tif,test
1702,/kaggle/working/real_text_10k_dataset/doc_g1702_rot90.jpg,1,90,1000006595.tif,test
1702,/kaggle/working/real_text_10k_dataset/doc_g1702_rot180.jpg,2,180,1000006595.tif,test
1702,/kaggle/working/real_text_10k_dataset/doc_g1702_rot270.jpg,3,270,1000006595.tif,test
1703,/kaggle/working/real_text_10k_dataset/doc_g1703_rot0.jpg,0,0,50727325-7351.tif,train
1703,/kaggle/working/real_text_10k_dataset/doc_g1703_rot90.jpg,1,90,50727325-7351.tif,train
1703,/kaggle/working/real_text_10k_dataset/doc_g1703_rot180.jpg,2,180,50727325-7351.tif,train
1703,/kaggle/working/real_text_10k_dataset/doc_g1703_rot270.jpg,3,270,50727325-7351.tif,train
1704,/kaggle/working/real_text_10k_dataset/doc_g1704_rot0.jpg,0,0,0000085548.tif,train
1704,/kaggle/working/real_text_10k_dataset/doc_g1704_rot90.jpg,1,90,0000085548.tif,train
1704,/kaggle/working/real_text_10k_dataset/doc_g1704_rot180.jpg,2,180,0000085548.tif,train
1704,/kaggle/working/real_text_10k_dataset/doc_g1704_rot270.jpg,3,270,0000085548.tif,train
1705,/kaggle/working/real_text_10k_dataset/doc_g1705_rot0.jpg,0,0,83095878.tif,train
1705,/kaggle/working/real_text_10k_dataset/doc_g1705_rot90.jpg,1,90,83095878.tif,train
1705,/kaggle/working/real_text_10k_dataset/doc_g1705_rot180.jpg,2,180,83095878.tif,train
1705,/kaggle/working/real_text_10k_dataset/doc_g1705_rot270.jpg,3,270,83095878.tif,train
1706,/kaggle/working/real_text_10k_dataset/doc_g1706_rot0.jpg,0,0,1002400425.tif,train
1706,/kaggle/working/real_text_10k_dataset/doc_g1706_rot90.jpg,1,90,1002400425.tif,train
1706,/kaggle/working/real_text_10k_dataset/doc_g1706_rot180.jpg,2,180,1002400425.tif,train
1706,/kaggle/working/real_text_10k_dataset/doc_g1706_rot270.jpg,3,270,1002400425.tif,train
1707,/kaggle/working/real_text_10k_dataset/doc_g1707_rot0.jpg,0,0,40009477-9482.tif,val
1707,/kaggle/working/real_text_10k_dataset/doc_g1707_rot90.jpg,1,90,40009477-9482.tif,val
1707,/kaggle/working/real_text_10k_dataset/doc_g1707_rot180.jpg,2,180,40009477-9482.tif,val
1707,/kaggle/working/real_text_10k_dataset/doc_g1707_rot270.jpg,3,270,40009477-9482.tif,val
1708,/kaggle/working/real_text_10k_dataset/doc_g1708_rot0.jpg,0,0,2015021543_2015021545.tif,train
1708,/kaggle/working/real_text_10k_dataset/doc_g1708_rot90.jpg,1,90,2015021543_2015021545.tif,train
1708,/kaggle/working/real_text_10k_dataset/doc_g1708_rot180.jpg,2,180,2015021543_2015021545.tif,train
1708,/kaggle/working/real_text_10k_dataset/doc_g1708_rot270.jpg,3,270,2015021543_2015021545.tif,train
1709,/kaggle/working/real_text_10k_dataset/doc_g1709_rot0.jpg,0,0,2046553856_2046553872.tif,train
1709,/kaggle/working/real_text_10k_dataset/doc_g1709_rot90.jpg,1,90,2046553856_2046553872.tif,train
1709,/kaggle/working/real_text_10k_dataset/doc_g1709_rot180.jpg,2,180,2046553856_2046553872.tif,train
1709,/kaggle/working/real_text_10k_dataset/doc_g1709_rot270.jpg,3,270,2046553856_2046553872.tif,train
1710,/kaggle/working/real_text_10k_dataset/doc_g1710_rot0.jpg,0,0,2057439466_2057439470.tif,train
1710,/kaggle/working/real_text_10k_dataset/doc_g1710_rot90.jpg,1,90,2057439466_2057439470.tif,train
1710,/kaggle/working/real_text_10k_dataset/doc_g1710_rot180.jpg,2,180,2057439466_2057439470.tif,train
1710,/kaggle/working/real_text_10k_dataset/doc_g1710_rot270.jpg,3,270,2057439466_2057439470.tif,train
1711,/kaggle/working/real_text_10k_dataset/doc_g1711_rot0.jpg,0,0,2064515198_5212.tif,test
1711,/kaggle/working/real_text_10k_dataset/doc_g1711_rot90.jpg,1,90,2064515198_5212.tif,test
1711,/kaggle/working/real_text_10k_dataset/doc_g1711_rot180.jpg,2,180,2064515198_5212.tif,test
1711,/kaggle/working/real_text_10k_dataset/doc_g1711_rot270.jpg,3,270,2064515198_5212.tif,test
1712,/kaggle/working/real_text_10k_dataset/doc_g1712_rot0.jpg,0,0,1000252370.tif,train
1712,/kaggle/working/real_text_10k_dataset/doc_g1712_rot90.jpg,1,90,1000252370.tif,train
1712,/kaggle/working/real_text_10k_dataset/doc_g1712_rot180.jpg,2,180,1000252370.tif,train
1712,/kaggle/working/real_text_10k_dataset/doc_g1712_rot270.jpg,3,270,1000252370.tif,train
1713,/kaggle/working/real_text_10k_dataset/doc_g1713_rot0.jpg,0,0,2063744093.tif,train
1713,/kaggle/working/real_text_10k_dataset/doc_g1713_rot90.jpg,1,90,2063744093.tif,train
1713,/kaggle/working/real_text_10k_dataset/doc_g1713_rot180.jpg,2,180,2063744093.tif,train
1713,/kaggle/working/real_text_10k_dataset/doc_g1713_rot270.jpg,3,270,2063744093.tif,train
1714,/kaggle/working/real_text_10k_dataset/doc_g1714_rot0.jpg,0,0,0060123509.tif,train
1714,/kaggle/working/real_text_10k_dataset/doc_g1714_rot90.jpg,1,90,0060123509.tif,train
1714,/kaggle/working/real_text_10k_dataset/doc_g1714_rot180.jpg,2,180,0060123509.tif,train
1714,/kaggle/working/real_text_10k_dataset/doc_g1714_rot270.jpg,3,270,0060123509.tif,train
1715,/kaggle/working/real_text_10k_dataset/doc_g1715_rot0.jpg,0,0,X51006502529.jpg,train
1715,/kaggle/working/real_text_10k_dataset/doc_g1715_rot90.jpg,1,90,X51006502529.jpg,train
1715,/kaggle/working/real_text_10k_dataset/doc_g1715_rot180.jpg,2,180,X51006502529.jpg,train
1715,/kaggle/working/real_text_10k_dataset/doc_g1715_rot270.jpg,3,270,X51006502529.jpg,train
1716,/kaggle/working/real_text_10k_dataset/doc_g1716_rot0.jpg,0,0,2070313940.tif,train
1716,/kaggle/working/real_text_10k_dataset/doc_g1716_rot90.jpg,1,90,2070313940.tif,train
1716,/kaggle/working/real_text_10k_dataset/doc_g1716_rot180.jpg,2,180,2070313940.tif,train
1716,/kaggle/working/real_text_10k_dataset/doc_g1716_rot270.jpg,3,270,2070313940.tif,train
1717,/kaggle/working/real_text_10k_dataset/doc_g1717_rot0.jpg,0,0,513595968.tif,train
1717,/kaggle/working/real_text_10k_dataset/doc_g1717_rot90.jpg,1,90,513595968.tif,train
1717,/kaggle/working/real_text_10k_dataset/doc_g1717_rot180.jpg,2,180,513595968.tif,train
1717,/kaggle/working/real_text_10k_dataset/doc_g1717_rot270.jpg,3,270,513595968.tif,train
1718,/kaggle/working/real_text_10k_dataset/doc_g1718_rot0.jpg,0,0,0000167242.tif,val
1718,/kaggle/working/real_text_10k_dataset/doc_g1718_rot90.jpg,1,90,0000167242.tif,val
1718,/kaggle/working/real_text_10k_dataset/doc_g1718_rot180.jpg,2,180,0000167242.tif,val
1718,/kaggle/working/real_text_10k_dataset/doc_g1718_rot270.jpg,3,270,0000167242.tif,val
1719,/kaggle/working/real_text_10k_dataset/doc_g1719_rot0.jpg,0,0,2050662661_2050662665.tif,train
1719,/kaggle/working/real_text_10k_dataset/doc_g1719_rot90.jpg,1,90,2050662661_2050662665.tif,train
1719,/kaggle/working/real_text_10k_dataset/doc_g1719_rot180.jpg,2,180,2050662661_2050662665.tif,train
1719,/kaggle/working/real_text_10k_dataset/doc_g1719_rot270.jpg,3,270,2050662661_2050662665.tif,train
1720,/kaggle/working/real_text_10k_dataset/doc_g1720_rot0.jpg,0,0,2061013565.tif,train
1720,/kaggle/working/real_text_10k_dataset/doc_g1720_rot90.jpg,1,90,2061013565.tif,train
1720,/kaggle/working/real_text_10k_dataset/doc_g1720_rot180.jpg,2,180,2061013565.tif,train
1720,/kaggle/working/real_text_10k_dataset/doc_g1720_rot270.jpg,3,270,2061013565.tif,train
1721,/kaggle/working/real_text_10k_dataset/doc_g1721_rot0.jpg,0,0,80306818_6819.tif,val
1721,/kaggle/working/real_text_10k_dataset/doc_g1721_rot90.jpg,1,90,80306818_6819.tif,val
1721,/kaggle/working/real_text_10k_dataset/doc_g1721_rot180.jpg,2,180,80306818_6819.tif,val
1721,/kaggle/working/real_text_10k_dataset/doc_g1721_rot270.jpg,3,270,80306818_6819.tif,val
1722,/kaggle/working/real_text_10k_dataset/doc_g1722_rot0.jpg,0,0,91587521.tif,train
1722,/kaggle/working/real_text_10k_dataset/doc_g1722_rot90.jpg,1,90,91587521.tif,train
1722,/kaggle/working/real_text_10k_dataset/doc_g1722_rot180.jpg,2,180,91587521.tif,train
1722,/kaggle/working/real_text_10k_dataset/doc_g1722_rot270.jpg,3,270,91587521.tif,train
1723,/kaggle/working/real_text_10k_dataset/doc_g1723_rot0.jpg,0,0,2040697774.tif,train
1723,/kaggle/working/real_text_10k_dataset/doc_g1723_rot90.jpg,1,90,2040697774.tif,train
1723,/kaggle/working/real_text_10k_dataset/doc_g1723_rot180.jpg,2,180,2040697774.tif,train
1723,/kaggle/working/real_text_10k_dataset/doc_g1723_rot270.jpg,3,270,2040697774.tif,train
1724,/kaggle/working/real_text_10k_dataset/doc_g1724_rot0.jpg,0,0,2029239165.tif,train
1724,/kaggle/working/real_text_10k_dataset/doc_g1724_rot90.jpg,1,90,2029239165.tif,train
1724,/kaggle/working/real_text_10k_dataset/doc_g1724_rot180.jpg,2,180,2029239165.tif,train
1724,/kaggle/working/real_text_10k_dataset/doc_g1724_rot270.jpg,3,270,2029239165.tif,train
1725,/kaggle/working/real_text_10k_dataset/doc_g1725_rot0.jpg,0,0,2044843255.tif,test
1725,/kaggle/working/real_text_10k_dataset/doc_g1725_rot90.jpg,1,90,2044843255.tif,test
1725,/kaggle/working/real_text_10k_dataset/doc_g1725_rot180.jpg,2,180,2044843255.tif,test
1725,/kaggle/working/real_text_10k_dataset/doc_g1725_rot270.jpg,3,270,2044843255.tif,test
1726,/kaggle/working/real_text_10k_dataset/doc_g1726_rot0.jpg,0,0,50643671-3672.tif,test
1726,/kaggle/working/real_text_10k_dataset/doc_g1726_rot90.jpg,1,90,50643671-3672.tif,test
1726,/kaggle/working/real_text_10k_dataset/doc_g1726_rot180.jpg,2,180,50643671-3672.tif,test
1726,/kaggle/working/real_text_10k_dataset/doc_g1726_rot270.jpg,3,270,50643671-3672.tif,test
1727,/kaggle/working/real_text_10k_dataset/doc_g1727_rot0.jpg,0,0,X51007262328.jpg,train
1727,/kaggle/working/real_text_10k_dataset/doc_g1727_rot90.jpg,1,90,X51007262328.jpg,train
1727,/kaggle/working/real_text_10k_dataset/doc_g1727_rot180.jpg,2,180,X51007262328.jpg,train
1727,/kaggle/working/real_text_10k_dataset/doc_g1727_rot270.jpg,3,270,X51007262328.jpg,train
1728,/kaggle/working/real_text_10k_dataset/doc_g1728_rot0.jpg,0,0,2024206242_2024206243.tif,train
1728,/kaggle/working/real_text_10k_dataset/doc_g1728_rot90.jpg,1,90,2024206242_2024206243.tif,train
1728,/kaggle/working/real_text_10k_dataset/doc_g1728_rot180.jpg,2,180,2024206242_2024206243.tif,train
1728,/kaggle/working/real_text_10k_dataset/doc_g1728_rot270.jpg,3,270,2024206242_2024206243.tif,train
1729,/kaggle/working/real_text_10k_dataset/doc_g1729_rot0.jpg,0,0,82404192.tif,train
1729,/kaggle/working/real_text_10k_dataset/doc_g1729_rot90.jpg,1,90,82404192.tif,train
1729,/kaggle/working/real_text_10k_dataset/doc_g1729_rot180.jpg,2,180,82404192.tif,train
1729,/kaggle/working/real_text_10k_dataset/doc_g1729_rot270.jpg,3,270,82404192.tif,train
1730,/kaggle/working/real_text_10k_dataset/doc_g1730_rot0.jpg,0,0,1001845176_5188.tif,train
1730,/kaggle/working/real_text_10k_dataset/doc_g1730_rot90.jpg,1,90,1001845176_5188.tif,train
1730,/kaggle/working/real_text_10k_dataset/doc_g1730_rot180.jpg,2,180,1001845176_5188.tif,train
1730,/kaggle/working/real_text_10k_dataset/doc_g1730_rot270.jpg,3,270,1001845176_5188.tif,train
1731,/kaggle/working/real_text_10k_dataset/doc_g1731_rot0.jpg,0,0,50688978-8978.tif,train
1731,/kaggle/working/real_text_10k_dataset/doc_g1731_rot90.jpg,1,90,50688978-8978.tif,train
1731,/kaggle/working/real_text_10k_dataset/doc_g1731_rot180.jpg,2,180,50688978-8978.tif,train
1731,/kaggle/working/real_text_10k_dataset/doc_g1731_rot270.jpg,3,270,50688978-8978.tif,train
1732,/kaggle/working/real_text_10k_dataset/doc_g1732_rot0.jpg,0,0,518446049+-6049.tif,train
1732,/kaggle/working/real_text_10k_dataset/doc_g1732_rot90.jpg,1,90,518446049+-6049.tif,train
1732,/kaggle/working/real_text_10k_dataset/doc_g1732_rot180.jpg,2,180,518446049+-6049.tif,train
1732,/kaggle/working/real_text_10k_dataset/doc_g1732_rot270.jpg,3,270,518446049+-6049.tif,train
1733,/kaggle/working/real_text_10k_dataset/doc_g1733_rot0.jpg,0,0,2044793429_2044793431.tif,val
1733,/kaggle/working/real_text_10k_dataset/doc_g1733_rot90.jpg,1,90,2044793429_2044793431.tif,val
1733,/kaggle/working/real_text_10k_dataset/doc_g1733_rot180.jpg,2,180,2044793429_2044793431.tif,val
1733,/kaggle/working/real_text_10k_dataset/doc_g1733_rot270.jpg,3,270,2044793429_2044793431.tif,val
1734,/kaggle/working/real_text_10k_dataset/doc_g1734_rot0.jpg,0,0,50335393-5394.tif,train
1734,/kaggle/working/real_text_10k_dataset/doc_g1734_rot90.jpg,1,90,50335393-5394.tif,train
1734,/kaggle/working/real_text_10k_dataset/doc_g1734_rot180.jpg,2,180,50335393-5394.tif,train
1734,/kaggle/working/real_text_10k_dataset/doc_g1734_rot270.jpg,3,270,50335393-5394.tif,train
1735,/kaggle/working/real_text_10k_dataset/doc_g1735_rot0.jpg,0,0,2000511906.tif,train
1735,/kaggle/working/real_text_10k_dataset/doc_g1735_rot90.jpg,1,90,2000511906.tif,train
1735,/kaggle/working/real_text_10k_dataset/doc_g1735_rot180.jpg,2,180,2000511906.tif,train
1735,/kaggle/working/real_text_10k_dataset/doc_g1735_rot270.jpg,3,270,2000511906.tif,train
1736,/kaggle/working/real_text_10k_dataset/doc_g1736_rot0.jpg,0,0,2030169155.tif,val
1736,/kaggle/working/real_text_10k_dataset/doc_g1736_rot90.jpg,1,90,2030169155.tif,val
1736,/kaggle/working/real_text_10k_dataset/doc_g1736_rot180.jpg,2,180,2030169155.tif,val
1736,/kaggle/working/real_text_10k_dataset/doc_g1736_rot270.jpg,3,270,2030169155.tif,val
1737,/kaggle/working/real_text_10k_dataset/doc_g1737_rot0.jpg,0,0,2022160648.tif,train
1737,/kaggle/working/real_text_10k_dataset/doc_g1737_rot90.jpg,1,90,2022160648.tif,train
1737,/kaggle/working/real_text_10k_dataset/doc_g1737_rot180.jpg,2,180,2022160648.tif,train
1737,/kaggle/working/real_text_10k_dataset/doc_g1737_rot270.jpg,3,270,2022160648.tif,train
1738,/kaggle/working/real_text_10k_dataset/doc_g1738_rot0.jpg,0,0,2080731438_1439.tif,train
1738,/kaggle/working/real_text_10k_dataset/doc_g1738_rot90.jpg,1,90,2080731438_1439.tif,train
1738,/kaggle/working/real_text_10k_dataset/doc_g1738_rot180.jpg,2,180,2080731438_1439.tif,train
1738,/kaggle/working/real_text_10k_dataset/doc_g1738_rot270.jpg,3,270,2080731438_1439.tif,train
1739,/kaggle/working/real_text_10k_dataset/doc_g1739_rot0.jpg,0,0,2056975657.tif,train
1739,/kaggle/working/real_text_10k_dataset/doc_g1739_rot90.jpg,1,90,2056975657.tif,train
1739,/kaggle/working/real_text_10k_dataset/doc_g1739_rot180.jpg,2,180,2056975657.tif,train
1739,/kaggle/working/real_text_10k_dataset/doc_g1739_rot270.jpg,3,270,2056975657.tif,train
1740,/kaggle/working/real_text_10k_dataset/doc_g1740_rot0.jpg,0,0,0000945035.tif,train
1740,/kaggle/working/real_text_10k_dataset/doc_g1740_rot90.jpg,1,90,0000945035.tif,train
1740,/kaggle/working/real_text_10k_dataset/doc_g1740_rot180.jpg,2,180,0000945035.tif,train
1740,/kaggle/working/real_text_10k_dataset/doc_g1740_rot270.jpg,3,270,0000945035.tif,train
1741,/kaggle/working/real_text_10k_dataset/doc_g1741_rot0.jpg,0,0,2045316134.tif,train
1741,/kaggle/working/real_text_10k_dataset/doc_g1741_rot90.jpg,1,90,2045316134.tif,train
1741,/kaggle/working/real_text_10k_dataset/doc_g1741_rot180.jpg,2,180,2045316134.tif,train
1741,/kaggle/working/real_text_10k_dataset/doc_g1741_rot270.jpg,3,270,2045316134.tif,train
1742,/kaggle/working/real_text_10k_dataset/doc_g1742_rot0.jpg,0,0,2084392321.tif,train
1742,/kaggle/working/real_text_10k_dataset/doc_g1742_rot90.jpg,1,90,2084392321.tif,train
1742,/kaggle/working/real_text_10k_dataset/doc_g1742_rot180.jpg,2,180,2084392321.tif,train
1742,/kaggle/working/real_text_10k_dataset/doc_g1742_rot270.jpg,3,270,2084392321.tif,train
1743,/kaggle/working/real_text_10k_dataset/doc_g1743_rot0.jpg,0,0,50391062-1063.tif,val
1743,/kaggle/working/real_text_10k_dataset/doc_g1743_rot90.jpg,1,90,50391062-1063.tif,val
1743,/kaggle/working/real_text_10k_dataset/doc_g1743_rot180.jpg,2,180,50391062-1063.tif,val
1743,/kaggle/working/real_text_10k_dataset/doc_g1743_rot270.jpg,3,270,50391062-1063.tif,val
1744,/kaggle/working/real_text_10k_dataset/doc_g1744_rot0.jpg,0,0,40035628-5629.tif,train
1744,/kaggle/working/real_text_10k_dataset/doc_g1744_rot90.jpg,1,90,40035628-5629.tif,train
1744,/kaggle/working/real_text_10k_dataset/doc_g1744_rot180.jpg,2,180,40035628-5629.tif,train
1744,/kaggle/working/real_text_10k_dataset/doc_g1744_rot270.jpg,3,270,40035628-5629.tif,train
1745,/kaggle/working/real_text_10k_dataset/doc_g1745_rot0.jpg,0,0,2078709440_9454.tif,train
1745,/kaggle/working/real_text_10k_dataset/doc_g1745_rot90.jpg,1,90,2078709440_9454.tif,train
1745,/kaggle/working/real_text_10k_dataset/doc_g1745_rot180.jpg,2,180,2078709440_9454.tif,train
1745,/kaggle/working/real_text_10k_dataset/doc_g1745_rot270.jpg,3,270,2078709440_9454.tif,train
1746,/kaggle/working/real_text_10k_dataset/doc_g1746_rot0.jpg,0,0,517508432+-8432.tif,test
1746,/kaggle/working/real_text_10k_dataset/doc_g1746_rot90.jpg,1,90,517508432+-8432.tif,test
1746,/kaggle/working/real_text_10k_dataset/doc_g1746_rot180.jpg,2,180,517508432+-8432.tif,test
1746,/kaggle/working/real_text_10k_dataset/doc_g1746_rot270.jpg,3,270,517508432+-8432.tif,test
1747,/kaggle/working/real_text_10k_dataset/doc_g1747_rot0.jpg,0,0,2024525670.tif,train
1747,/kaggle/working/real_text_10k_dataset/doc_g1747_rot90.jpg,1,90,2024525670.tif,train
1747,/kaggle/working/real_text_10k_dataset/doc_g1747_rot180.jpg,2,180,2024525670.tif,train
1747,/kaggle/working/real_text_10k_dataset/doc_g1747_rot270.jpg,3,270,2024525670.tif,train
1748,/kaggle/working/real_text_10k_dataset/doc_g1748_rot0.jpg,0,0,2071718378.tif,train
1748,/kaggle/working/real_text_10k_dataset/doc_g1748_rot90.jpg,1,90,2071718378.tif,train
1748,/kaggle/working/real_text_10k_dataset/doc_g1748_rot180.jpg,2,180,2071718378.tif,train
1748,/kaggle/working/real_text_10k_dataset/doc_g1748_rot270.jpg,3,270,2071718378.tif,train
1749,/kaggle/working/real_text_10k_dataset/doc_g1749_rot0.jpg,0,0,2045994777.tif,train
1749,/kaggle/working/real_text_10k_dataset/doc_g1749_rot90.jpg,1,90,2045994777.tif,train
1749,/kaggle/working/real_text_10k_dataset/doc_g1749_rot180.jpg,2,180,2045994777.tif,train
1749,/kaggle/working/real_text_10k_dataset/doc_g1749_rot270.jpg,3,270,2045994777.tif,train
1750,/kaggle/working/real_text_10k_dataset/doc_g1750_rot0.jpg,0,0,tob07003.13.tif,val
1750,/kaggle/working/real_text_10k_dataset/doc_g1750_rot90.jpg,1,90,tob07003.13.tif,val
1750,/kaggle/working/real_text_10k_dataset/doc_g1750_rot180.jpg,2,180,tob07003.13.tif,val
1750,/kaggle/working/real_text_10k_dataset/doc_g1750_rot270.jpg,3,270,tob07003.13.tif,val
1751,/kaggle/working/real_text_10k_dataset/doc_g1751_rot0.jpg,0,0,1003728820_1003728822.tif,val
1751,/kaggle/working/real_text_10k_dataset/doc_g1751_rot90.jpg,1,90,1003728820_1003728822.tif,val
1751,/kaggle/working/real_text_10k_dataset/doc_g1751_rot180.jpg,2,180,1003728820_1003728822.tif,val
1751,/kaggle/working/real_text_10k_dataset/doc_g1751_rot270.jpg,3,270,1003728820_1003728822.tif,val
1752,/kaggle/working/real_text_10k_dataset/doc_g1752_rot0.jpg,0,0,82243723.tif,train
1752,/kaggle/working/real_text_10k_dataset/doc_g1752_rot90.jpg,1,90,82243723.tif,train
1752,/kaggle/working/real_text_10k_dataset/doc_g1752_rot180.jpg,2,180,82243723.tif,train
1752,/kaggle/working/real_text_10k_dataset/doc_g1752_rot270.jpg,3,270,82243723.tif,train
1753,/kaggle/working/real_text_10k_dataset/doc_g1753_rot0.jpg,0,0,0000452892.tif,train
1753,/kaggle/working/real_text_10k_dataset/doc_g1753_rot90.jpg,1,90,0000452892.tif,train
1753,/kaggle/working/real_text_10k_dataset/doc_g1753_rot180.jpg,2,180,0000452892.tif,train
1753,/kaggle/working/real_text_10k_dataset/doc_g1753_rot270.jpg,3,270,0000452892.tif,train
1754,/kaggle/working/real_text_10k_dataset/doc_g1754_rot0.jpg,0,0,507173492_507173497.tif,test
1754,/kaggle/working/real_text_10k_dataset/doc_g1754_rot90.jpg,1,90,507173492_507173497.tif,test
1754,/kaggle/working/real_text_10k_dataset/doc_g1754_rot180.jpg,2,180,507173492_507173497.tif,test
1754,/kaggle/working/real_text_10k_dataset/doc_g1754_rot270.jpg,3,270,507173492_507173497.tif,test
1755,/kaggle/working/real_text_10k_dataset/doc_g1755_rot0.jpg,0,0,2031294503.tif,train
1755,/kaggle/working/real_text_10k_dataset/doc_g1755_rot90.jpg,1,90,2031294503.tif,train
1755,/kaggle/working/real_text_10k_dataset/doc_g1755_rot180.jpg,2,180,2031294503.tif,train
1755,/kaggle/working/real_text_10k_dataset/doc_g1755_rot270.jpg,3,270,2031294503.tif,train
1756,/kaggle/working/real_text_10k_dataset/doc_g1756_rot0.jpg,0,0,91017483_91017490.tif,train
1756,/kaggle/working/real_text_10k_dataset/doc_g1756_rot90.jpg,1,90,91017483_91017490.tif,train
1756,/kaggle/working/real_text_10k_dataset/doc_g1756_rot180.jpg,2,180,91017483_91017490.tif,train
1756,/kaggle/working/real_text_10k_dataset/doc_g1756_rot270.jpg,3,270,91017483_91017490.tif,train
1757,/kaggle/working/real_text_10k_dataset/doc_g1757_rot0.jpg,0,0,520761472+-1478.tif,train
1757,/kaggle/working/real_text_10k_dataset/doc_g1757_rot90.jpg,1,90,520761472+-1478.tif,train
1757,/kaggle/working/real_text_10k_dataset/doc_g1757_rot180.jpg,2,180,520761472+-1478.tif,train
1757,/kaggle/working/real_text_10k_dataset/doc_g1757_rot270.jpg,3,270,520761472+-1478.tif,train
1758,/kaggle/working/real_text_10k_dataset/doc_g1758_rot0.jpg,0,0,1002762097.tif,train
1758,/kaggle/working/real_text_10k_dataset/doc_g1758_rot90.jpg,1,90,1002762097.tif,train
1758,/kaggle/working/real_text_10k_dataset/doc_g1758_rot180.jpg,2,180,1002762097.tif,train
1758,/kaggle/working/real_text_10k_dataset/doc_g1758_rot270.jpg,3,270,1002762097.tif,train
1759,/kaggle/working/real_text_10k_dataset/doc_g1759_rot0.jpg,0,0,528853598+-3598.tif,train
1759,/kaggle/working/real_text_10k_dataset/doc_g1759_rot90.jpg,1,90,528853598+-3598.tif,train
1759,/kaggle/working/real_text_10k_dataset/doc_g1759_rot180.jpg,2,180,528853598+-3598.tif,train
1759,/kaggle/working/real_text_10k_dataset/doc_g1759_rot270.jpg,3,270,528853598+-3598.tif,train
1760,/kaggle/working/real_text_10k_dataset/doc_g1760_rot0.jpg,0,0,87901263.tif,train
1760,/kaggle/working/real_text_10k_dataset/doc_g1760_rot90.jpg,1,90,87901263.tif,train
1760,/kaggle/working/real_text_10k_dataset/doc_g1760_rot180.jpg,2,180,87901263.tif,train
1760,/kaggle/working/real_text_10k_dataset/doc_g1760_rot270.jpg,3,270,87901263.tif,train
1761,/kaggle/working/real_text_10k_dataset/doc_g1761_rot0.jpg,0,0,508452624.tif,test
1761,/kaggle/working/real_text_10k_dataset/doc_g1761_rot90.jpg,1,90,508452624.tif,test
1761,/kaggle/working/real_text_10k_dataset/doc_g1761_rot180.jpg,2,180,508452624.tif,test
1761,/kaggle/working/real_text_10k_dataset/doc_g1761_rot270.jpg,3,270,508452624.tif,test
1762,/kaggle/working/real_text_10k_dataset/doc_g1762_rot0.jpg,0,0,2073345152_5153.tif,test
1762,/kaggle/working/real_text_10k_dataset/doc_g1762_rot90.jpg,1,90,2073345152_5153.tif,test
1762,/kaggle/working/real_text_10k_dataset/doc_g1762_rot180.jpg,2,180,2073345152_5153.tif,test
1762,/kaggle/working/real_text_10k_dataset/doc_g1762_rot270.jpg,3,270,2073345152_5153.tif,test
1763,/kaggle/working/real_text_10k_dataset/doc_g1763_rot0.jpg,0,0,2057443198_2057443199.tif,train
1763,/kaggle/working/real_text_10k_dataset/doc_g1763_rot90.jpg,1,90,2057443198_2057443199.tif,train
1763,/kaggle/working/real_text_10k_dataset/doc_g1763_rot180.jpg,2,180,2057443198_2057443199.tif,train
1763,/kaggle/working/real_text_10k_dataset/doc_g1763_rot270.jpg,3,270,2057443198_2057443199.tif,train
1764,/kaggle/working/real_text_10k_dataset/doc_g1764_rot0.jpg,0,0,ti16351598_1599.tif,train
1764,/kaggle/working/real_text_10k_dataset/doc_g1764_rot90.jpg,1,90,ti16351598_1599.tif,train
1764,/kaggle/working/real_text_10k_dataset/doc_g1764_rot180.jpg,2,180,ti16351598_1599.tif,train
1764,/kaggle/working/real_text_10k_dataset/doc_g1764_rot270.jpg,3,270,ti16351598_1599.tif,train
1765,/kaggle/working/real_text_10k_dataset/doc_g1765_rot0.jpg,0,0,501651941_501651942.tif,train
1765,/kaggle/working/real_text_10k_dataset/doc_g1765_rot90.jpg,1,90,501651941_501651942.tif,train
1765,/kaggle/working/real_text_10k_dataset/doc_g1765_rot180.jpg,2,180,501651941_501651942.tif,train
1765,/kaggle/working/real_text_10k_dataset/doc_g1765_rot270.jpg,3,270,501651941_501651942.tif,train
1766,/kaggle/working/real_text_10k_dataset/doc_g1766_rot0.jpg,0,0,50401639-1640.tif,train
1766,/kaggle/working/real_text_10k_dataset/doc_g1766_rot90.jpg,1,90,50401639-1640.tif,train
1766,/kaggle/working/real_text_10k_dataset/doc_g1766_rot180.jpg,2,180,50401639-1640.tif,train
1766,/kaggle/working/real_text_10k_dataset/doc_g1766_rot270.jpg,3,270,50401639-1640.tif,train
1767,/kaggle/working/real_text_10k_dataset/doc_g1767_rot0.jpg,0,0,2082631920.tif,train
1767,/kaggle/working/real_text_10k_dataset/doc_g1767_rot90.jpg,1,90,2082631920.tif,train
1767,/kaggle/working/real_text_10k_dataset/doc_g1767_rot180.jpg,2,180,2082631920.tif,train
1767,/kaggle/working/real_text_10k_dataset/doc_g1767_rot270.jpg,3,270,2082631920.tif,train
1768,/kaggle/working/real_text_10k_dataset/doc_g1768_rot0.jpg,0,0,50361915-1916.tif,train
1768,/kaggle/working/real_text_10k_dataset/doc_g1768_rot90.jpg,1,90,50361915-1916.tif,train
1768,/kaggle/working/real_text_10k_dataset/doc_g1768_rot180.jpg,2,180,50361915-1916.tif,train
1768,/kaggle/working/real_text_10k_dataset/doc_g1768_rot270.jpg,3,270,50361915-1916.tif,train
1769,/kaggle/working/real_text_10k_dataset/doc_g1769_rot0.jpg,0,0,10175066_10175068.tif,train
1769,/kaggle/working/real_text_10k_dataset/doc_g1769_rot90.jpg,1,90,10175066_10175068.tif,train
1769,/kaggle/working/real_text_10k_dataset/doc_g1769_rot180.jpg,2,180,10175066_10175068.tif,train
1769,/kaggle/working/real_text_10k_dataset/doc_g1769_rot270.jpg,3,270,10175066_10175068.tif,train
1770,/kaggle/working/real_text_10k_dataset/doc_g1770_rot0.jpg,0,0,2029242890_2029242894.tif,train
1770,/kaggle/working/real_text_10k_dataset/doc_g1770_rot90.jpg,1,90,2029242890_2029242894.tif,train
1770,/kaggle/working/real_text_10k_dataset/doc_g1770_rot180.jpg,2,180,2029242890_2029242894.tif,train
1770,/kaggle/working/real_text_10k_dataset/doc_g1770_rot270.jpg,3,270,2029242890_2029242894.tif,train
1771,/kaggle/working/real_text_10k_dataset/doc_g1771_rot0.jpg,0,0,50288843-8844.tif,train
1771,/kaggle/working/real_text_10k_dataset/doc_g1771_rot90.jpg,1,90,50288843-8844.tif,train
1771,/kaggle/working/real_text_10k_dataset/doc_g1771_rot180.jpg,2,180,50288843-8844.tif,train
1771,/kaggle/working/real_text_10k_dataset/doc_g1771_rot270.jpg,3,270,50288843-8844.tif,train
1772,/kaggle/working/real_text_10k_dataset/doc_g1772_rot0.jpg,0,0,522743940+-3941.tif,train
1772,/kaggle/working/real_text_10k_dataset/doc_g1772_rot90.jpg,1,90,522743940+-3941.tif,train
1772,/kaggle/working/real_text_10k_dataset/doc_g1772_rot180.jpg,2,180,522743940+-3941.tif,train
1772,/kaggle/working/real_text_10k_dataset/doc_g1772_rot270.jpg,3,270,522743940+-3941.tif,train
1773,/kaggle/working/real_text_10k_dataset/doc_g1773_rot0.jpg,0,0,502.jpg,train
1773,/kaggle/working/real_text_10k_dataset/doc_g1773_rot90.jpg,1,90,502.jpg,train
1773,/kaggle/working/real_text_10k_dataset/doc_g1773_rot180.jpg,2,180,502.jpg,train
1773,/kaggle/working/real_text_10k_dataset/doc_g1773_rot270.jpg,3,270,502.jpg,train
1774,/kaggle/working/real_text_10k_dataset/doc_g1774_rot0.jpg,0,0,2075164682.tif,train
1774,/kaggle/working/real_text_10k_dataset/doc_g1774_rot90.jpg,1,90,2075164682.tif,train
1774,/kaggle/working/real_text_10k_dataset/doc_g1774_rot180.jpg,2,180,2075164682.tif,train
1774,/kaggle/working/real_text_10k_dataset/doc_g1774_rot270.jpg,3,270,2075164682.tif,train
1775,/kaggle/working/real_text_10k_dataset/doc_g1775_rot0.jpg,0,0,0001482830.tif,train
1775,/kaggle/working/real_text_10k_dataset/doc_g1775_rot90.jpg,1,90,0001482830.tif,train
1775,/kaggle/working/real_text_10k_dataset/doc_g1775_rot180.jpg,2,180,0001482830.tif,train
1775,/kaggle/working/real_text_10k_dataset/doc_g1775_rot270.jpg,3,270,0001482830.tif,train
1776,/kaggle/working/real_text_10k_dataset/doc_g1776_rot0.jpg,0,0,2029189444-a_2029189446.tif,train
1776,/kaggle/working/real_text_10k_dataset/doc_g1776_rot90.jpg,1,90,2029189444-a_2029189446.tif,train
1776,/kaggle/working/real_text_10k_dataset/doc_g1776_rot180.jpg,2,180,2029189444-a_2029189446.tif,train
1776,/kaggle/working/real_text_10k_dataset/doc_g1776_rot270.jpg,3,270,2029189444-a_2029189446.tif,train
1777,/kaggle/working/real_text_10k_dataset/doc_g1777_rot0.jpg,0,0,2084022733.tif,train
1777,/kaggle/working/real_text_10k_dataset/doc_g1777_rot90.jpg,1,90,2084022733.tif,train
1777,/kaggle/working/real_text_10k_dataset/doc_g1777_rot180.jpg,2,180,2084022733.tif,train
1777,/kaggle/working/real_text_10k_dataset/doc_g1777_rot270.jpg,3,270,2084022733.tif,train
1778,/kaggle/working/real_text_10k_dataset/doc_g1778_rot0.jpg,0,0,2044258236.tif,val
1778,/kaggle/working/real_text_10k_dataset/doc_g1778_rot90.jpg,1,90,2044258236.tif,val
1778,/kaggle/working/real_text_10k_dataset/doc_g1778_rot180.jpg,2,180,2044258236.tif,val
1778,/kaggle/working/real_text_10k_dataset/doc_g1778_rot270.jpg,3,270,2044258236.tif,val
1779,/kaggle/working/real_text_10k_dataset/doc_g1779_rot0.jpg,0,0,01337877_01337909.tif,train
1779,/kaggle/working/real_text_10k_dataset/doc_g1779_rot90.jpg,1,90,01337877_01337909.tif,train
1779,/kaggle/working/real_text_10k_dataset/doc_g1779_rot180.jpg,2,180,01337877_01337909.tif,train
1779,/kaggle/working/real_text_10k_dataset/doc_g1779_rot270.jpg,3,270,01337877_01337909.tif,train
1780,/kaggle/working/real_text_10k_dataset/doc_g1780_rot0.jpg,0,0,2042523350.tif,train
1780,/kaggle/working/real_text_10k_dataset/doc_g1780_rot90.jpg,1,90,2042523350.tif,train
1780,/kaggle/working/real_text_10k_dataset/doc_g1780_rot180.jpg,2,180,2042523350.tif,train
1780,/kaggle/working/real_text_10k_dataset/doc_g1780_rot270.jpg,3,270,2042523350.tif,train
1781,/kaggle/working/real_text_10k_dataset/doc_g1781_rot0.jpg,0,0,506508742_506508744.tif,train
1781,/kaggle/working/real_text_10k_dataset/doc_g1781_rot90.jpg,1,90,506508742_506508744.tif,train
1781,/kaggle/working/real_text_10k_dataset/doc_g1781_rot180.jpg,2,180,506508742_506508744.tif,train
1781,/kaggle/working/real_text_10k_dataset/doc_g1781_rot270.jpg,3,270,506508742_506508744.tif,train
1782,/kaggle/working/real_text_10k_dataset/doc_g1782_rot0.jpg,0,0,2061190073.tif,train
1782,/kaggle/working/real_text_10k_dataset/doc_g1782_rot90.jpg,1,90,2061190073.tif,train
1782,/kaggle/working/real_text_10k_dataset/doc_g1782_rot180.jpg,2,180,2061190073.tif,train
1782,/kaggle/working/real_text_10k_dataset/doc_g1782_rot270.jpg,3,270,2061190073.tif,train
1783,/kaggle/working/real_text_10k_dataset/doc_g1783_rot0.jpg,0,0,2502061953_1989.tif,train
1783,/kaggle/working/real_text_10k_dataset/doc_g1783_rot90.jpg,1,90,2502061953_1989.tif,train
1783,/kaggle/working/real_text_10k_dataset/doc_g1783_rot180.jpg,2,180,2502061953_1989.tif,train
1783,/kaggle/working/real_text_10k_dataset/doc_g1783_rot270.jpg,3,270,2502061953_1989.tif,train
1784,/kaggle/working/real_text_10k_dataset/doc_g1784_rot0.jpg,0,0,947.jpg,train
1784,/kaggle/working/real_text_10k_dataset/doc_g1784_rot90.jpg,1,90,947.jpg,train
1784,/kaggle/working/real_text_10k_dataset/doc_g1784_rot180.jpg,2,180,947.jpg,train
1784,/kaggle/working/real_text_10k_dataset/doc_g1784_rot270.jpg,3,270,947.jpg,train
1785,/kaggle/working/real_text_10k_dataset/doc_g1785_rot0.jpg,0,0,84458851_8857.tif,train
1785,/kaggle/working/real_text_10k_dataset/doc_g1785_rot90.jpg,1,90,84458851_8857.tif,train
1785,/kaggle/working/real_text_10k_dataset/doc_g1785_rot180.jpg,2,180,84458851_8857.tif,train
1785,/kaggle/working/real_text_10k_dataset/doc_g1785_rot270.jpg,3,270,84458851_8857.tif,train
1786,/kaggle/working/real_text_10k_dataset/doc_g1786_rot0.jpg,0,0,50382927-2928.tif,train
1786,/kaggle/working/real_text_10k_dataset/doc_g1786_rot90.jpg,1,90,50382927-2928.tif,train
1786,/kaggle/working/real_text_10k_dataset/doc_g1786_rot180.jpg,2,180,50382927-2928.tif,train
1786,/kaggle/working/real_text_10k_dataset/doc_g1786_rot270.jpg,3,270,50382927-2928.tif,train
1787,/kaggle/working/real_text_10k_dataset/doc_g1787_rot0.jpg,0,0,85876127_85876155.tif,train
1787,/kaggle/working/real_text_10k_dataset/doc_g1787_rot90.jpg,1,90,85876127_85876155.tif,train
1787,/kaggle/working/real_text_10k_dataset/doc_g1787_rot180.jpg,2,180,85876127_85876155.tif,train
1787,/kaggle/working/real_text_10k_dataset/doc_g1787_rot270.jpg,3,270,85876127_85876155.tif,train
1788,/kaggle/working/real_text_10k_dataset/doc_g1788_rot0.jpg,0,0,1000354906.tif,train
1788,/kaggle/working/real_text_10k_dataset/doc_g1788_rot90.jpg,1,90,1000354906.tif,train
1788,/kaggle/working/real_text_10k_dataset/doc_g1788_rot180.jpg,2,180,1000354906.tif,train
1788,/kaggle/working/real_text_10k_dataset/doc_g1788_rot270.jpg,3,270,1000354906.tif,train
1789,/kaggle/working/real_text_10k_dataset/doc_g1789_rot0.jpg,0,0,2047700144.tif,train
1789,/kaggle/working/real_text_10k_dataset/doc_g1789_rot90.jpg,1,90,2047700144.tif,train
1789,/kaggle/working/real_text_10k_dataset/doc_g1789_rot180.jpg,2,180,2047700144.tif,train
1789,/kaggle/working/real_text_10k_dataset/doc_g1789_rot270.jpg,3,270,2047700144.tif,train
1790,/kaggle/working/real_text_10k_dataset/doc_g1790_rot0.jpg,0,0,96632116_2127.tif,train
1790,/kaggle/working/real_text_10k_dataset/doc_g1790_rot90.jpg,1,90,96632116_2127.tif,train
1790,/kaggle/working/real_text_10k_dataset/doc_g1790_rot180.jpg,2,180,96632116_2127.tif,train
1790,/kaggle/working/real_text_10k_dataset/doc_g1790_rot270.jpg,3,270,96632116_2127.tif,train
1791,/kaggle/working/real_text_10k_dataset/doc_g1791_rot0.jpg,0,0,X51007339156.jpg,train
1791,/kaggle/working/real_text_10k_dataset/doc_g1791_rot90.jpg,1,90,X51007339156.jpg,train
1791,/kaggle/working/real_text_10k_dataset/doc_g1791_rot180.jpg,2,180,X51007339156.jpg,train
1791,/kaggle/working/real_text_10k_dataset/doc_g1791_rot270.jpg,3,270,X51007339156.jpg,train
1792,/kaggle/working/real_text_10k_dataset/doc_g1792_rot0.jpg,0,0,2080131989.tif,train
1792,/kaggle/working/real_text_10k_dataset/doc_g1792_rot90.jpg,1,90,2080131989.tif,train
1792,/kaggle/working/real_text_10k_dataset/doc_g1792_rot180.jpg,2,180,2080131989.tif,train
1792,/kaggle/working/real_text_10k_dataset/doc_g1792_rot270.jpg,3,270,2080131989.tif,train
1793,/kaggle/working/real_text_10k_dataset/doc_g1793_rot0.jpg,0,0,85702090.tif,train
1793,/kaggle/working/real_text_10k_dataset/doc_g1793_rot90.jpg,1,90,85702090.tif,train
1793,/kaggle/working/real_text_10k_dataset/doc_g1793_rot180.jpg,2,180,85702090.tif,train
1793,/kaggle/working/real_text_10k_dataset/doc_g1793_rot270.jpg,3,270,85702090.tif,train
1794,/kaggle/working/real_text_10k_dataset/doc_g1794_rot0.jpg,0,0,94580210_94580241.tif,test
1794,/kaggle/working/real_text_10k_dataset/doc_g1794_rot90.jpg,1,90,94580210_94580241.tif,test
1794,/kaggle/working/real_text_10k_dataset/doc_g1794_rot180.jpg,2,180,94580210_94580241.tif,test
1794,/kaggle/working/real_text_10k_dataset/doc_g1794_rot270.jpg,3,270,94580210_94580241.tif,test
1795,/kaggle/working/real_text_10k_dataset/doc_g1795_rot0.jpg,0,0,2028718757.tif,train
1795,/kaggle/working/real_text_10k_dataset/doc_g1795_rot90.jpg,1,90,2028718757.tif,train
1795,/kaggle/working/real_text_10k_dataset/doc_g1795_rot180.jpg,2,180,2028718757.tif,train
1795,/kaggle/working/real_text_10k_dataset/doc_g1795_rot270.jpg,3,270,2028718757.tif,train
1796,/kaggle/working/real_text_10k_dataset/doc_g1796_rot0.jpg,0,0,50570560-0563.tif,train
1796,/kaggle/working/real_text_10k_dataset/doc_g1796_rot90.jpg,1,90,50570560-0563.tif,train
1796,/kaggle/working/real_text_10k_dataset/doc_g1796_rot180.jpg,2,180,50570560-0563.tif,train
1796,/kaggle/working/real_text_10k_dataset/doc_g1796_rot270.jpg,3,270,50570560-0563.tif,train
1797,/kaggle/working/real_text_10k_dataset/doc_g1797_rot0.jpg,0,0,01127362_01127366.tif,train
1797,/kaggle/working/real_text_10k_dataset/doc_g1797_rot90.jpg,1,90,01127362_01127366.tif,train
1797,/kaggle/working/real_text_10k_dataset/doc_g1797_rot180.jpg,2,180,01127362_01127366.tif,train
1797,/kaggle/working/real_text_10k_dataset/doc_g1797_rot270.jpg,3,270,01127362_01127366.tif,train
1798,/kaggle/working/real_text_10k_dataset/doc_g1798_rot0.jpg,0,0,receipt_00337.png,train
1798,/kaggle/working/real_text_10k_dataset/doc_g1798_rot90.jpg,1,90,receipt_00337.png,train
1798,/kaggle/working/real_text_10k_dataset/doc_g1798_rot180.jpg,2,180,receipt_00337.png,train
1798,/kaggle/working/real_text_10k_dataset/doc_g1798_rot270.jpg,3,270,receipt_00337.png,train
1799,/kaggle/working/real_text_10k_dataset/doc_g1799_rot0.jpg,0,0,504528331.tif,train
1799,/kaggle/working/real_text_10k_dataset/doc_g1799_rot90.jpg,1,90,504528331.tif,train
1799,/kaggle/working/real_text_10k_dataset/doc_g1799_rot180.jpg,2,180,504528331.tif,train
1799,/kaggle/working/real_text_10k_dataset/doc_g1799_rot270.jpg,3,270,504528331.tif,train
1800,/kaggle/working/real_text_10k_dataset/doc_g1800_rot0.jpg,0,0,receipt_00221.png,train
1800,/kaggle/working/real_text_10k_dataset/doc_g1800_rot90.jpg,1,90,receipt_00221.png,train
1800,/kaggle/working/real_text_10k_dataset/doc_g1800_rot180.jpg,2,180,receipt_00221.png,train
1800,/kaggle/working/real_text_10k_dataset/doc_g1800_rot270.jpg,3,270,receipt_00221.png,train
1801,/kaggle/working/real_text_10k_dataset/doc_g1801_rot0.jpg,0,0,501695098.tif,train
1801,/kaggle/working/real_text_10k_dataset/doc_g1801_rot90.jpg,1,90,501695098.tif,train
1801,/kaggle/working/real_text_10k_dataset/doc_g1801_rot180.jpg,2,180,501695098.tif,train
1801,/kaggle/working/real_text_10k_dataset/doc_g1801_rot270.jpg,3,270,501695098.tif,train
1802,/kaggle/working/real_text_10k_dataset/doc_g1802_rot0.jpg,0,0,2071868695.tif,train
1802,/kaggle/working/real_text_10k_dataset/doc_g1802_rot90.jpg,1,90,2071868695.tif,train
1802,/kaggle/working/real_text_10k_dataset/doc_g1802_rot180.jpg,2,180,2071868695.tif,train
1802,/kaggle/working/real_text_10k_dataset/doc_g1802_rot270.jpg,3,270,2071868695.tif,train
1803,/kaggle/working/real_text_10k_dataset/doc_g1803_rot0.jpg,0,0,2070621935_1944.tif,train
1803,/kaggle/working/real_text_10k_dataset/doc_g1803_rot90.jpg,1,90,2070621935_1944.tif,train
1803,/kaggle/working/real_text_10k_dataset/doc_g1803_rot180.jpg,2,180,2070621935_1944.tif,train
1803,/kaggle/working/real_text_10k_dataset/doc_g1803_rot270.jpg,3,270,2070621935_1944.tif,train
1804,/kaggle/working/real_text_10k_dataset/doc_g1804_rot0.jpg,0,0,2085792920.tif,train
1804,/kaggle/working/real_text_10k_dataset/doc_g1804_rot90.jpg,1,90,2085792920.tif,train
1804,/kaggle/working/real_text_10k_dataset/doc_g1804_rot180.jpg,2,180,2085792920.tif,train
1804,/kaggle/working/real_text_10k_dataset/doc_g1804_rot270.jpg,3,270,2085792920.tif,train
1805,/kaggle/working/real_text_10k_dataset/doc_g1805_rot0.jpg,0,0,2051111140.tif,test
1805,/kaggle/working/real_text_10k_dataset/doc_g1805_rot90.jpg,1,90,2051111140.tif,test
1805,/kaggle/working/real_text_10k_dataset/doc_g1805_rot180.jpg,2,180,2051111140.tif,test
1805,/kaggle/working/real_text_10k_dataset/doc_g1805_rot270.jpg,3,270,2051111140.tif,test
1806,/kaggle/working/real_text_10k_dataset/doc_g1806_rot0.jpg,0,0,89237705_7706.tif,train
1806,/kaggle/working/real_text_10k_dataset/doc_g1806_rot90.jpg,1,90,89237705_7706.tif,train
1806,/kaggle/working/real_text_10k_dataset/doc_g1806_rot180.jpg,2,180,89237705_7706.tif,train
1806,/kaggle/working/real_text_10k_dataset/doc_g1806_rot270.jpg,3,270,89237705_7706.tif,train
1807,/kaggle/working/real_text_10k_dataset/doc_g1807_rot0.jpg,0,0,2024976331_2024976332.tif,train
1807,/kaggle/working/real_text_10k_dataset/doc_g1807_rot90.jpg,1,90,2024976331_2024976332.tif,train
1807,/kaggle/working/real_text_10k_dataset/doc_g1807_rot180.jpg,2,180,2024976331_2024976332.tif,train
1807,/kaggle/working/real_text_10k_dataset/doc_g1807_rot270.jpg,3,270,2024976331_2024976332.tif,train
1808,/kaggle/working/real_text_10k_dataset/doc_g1808_rot0.jpg,0,0,89402598_89402605.tif,train
1808,/kaggle/working/real_text_10k_dataset/doc_g1808_rot90.jpg,1,90,89402598_89402605.tif,train
1808,/kaggle/working/real_text_10k_dataset/doc_g1808_rot180.jpg,2,180,89402598_89402605.tif,train
1808,/kaggle/working/real_text_10k_dataset/doc_g1808_rot270.jpg,3,270,89402598_89402605.tif,train
1809,/kaggle/working/real_text_10k_dataset/doc_g1809_rot0.jpg,0,0,0011837064.tif,val
1809,/kaggle/working/real_text_10k_dataset/doc_g1809_rot90.jpg,1,90,0011837064.tif,val
1809,/kaggle/working/real_text_10k_dataset/doc_g1809_rot180.jpg,2,180,0011837064.tif,val
1809,/kaggle/working/real_text_10k_dataset/doc_g1809_rot270.jpg,3,270,0011837064.tif,val
1810,/kaggle/working/real_text_10k_dataset/doc_g1810_rot0.jpg,0,0,2075240417.tif,train
1810,/kaggle/working/real_text_10k_dataset/doc_g1810_rot90.jpg,1,90,2075240417.tif,train
1810,/kaggle/working/real_text_10k_dataset/doc_g1810_rot180.jpg,2,180,2075240417.tif,train
1810,/kaggle/working/real_text_10k_dataset/doc_g1810_rot270.jpg,3,270,2075240417.tif,train
1811,/kaggle/working/real_text_10k_dataset/doc_g1811_rot0.jpg,0,0,X51006619869.jpg,train
1811,/kaggle/working/real_text_10k_dataset/doc_g1811_rot90.jpg,1,90,X51006619869.jpg,train
1811,/kaggle/working/real_text_10k_dataset/doc_g1811_rot180.jpg,2,180,X51006619869.jpg,train
1811,/kaggle/working/real_text_10k_dataset/doc_g1811_rot270.jpg,3,270,X51006619869.jpg,train
1812,/kaggle/working/real_text_10k_dataset/doc_g1812_rot0.jpg,0,0,2028719986_2028719988.tif,train
1812,/kaggle/working/real_text_10k_dataset/doc_g1812_rot90.jpg,1,90,2028719986_2028719988.tif,train
1812,/kaggle/working/real_text_10k_dataset/doc_g1812_rot180.jpg,2,180,2028719986_2028719988.tif,train
1812,/kaggle/working/real_text_10k_dataset/doc_g1812_rot270.jpg,3,270,2028719986_2028719988.tif,train
1813,/kaggle/working/real_text_10k_dataset/doc_g1813_rot0.jpg,0,0,1003537779-a.tif,train
1813,/kaggle/working/real_text_10k_dataset/doc_g1813_rot90.jpg,1,90,1003537779-a.tif,train
1813,/kaggle/working/real_text_10k_dataset/doc_g1813_rot180.jpg,2,180,1003537779-a.tif,train
1813,/kaggle/working/real_text_10k_dataset/doc_g1813_rot270.jpg,3,270,1003537779-a.tif,train
1814,/kaggle/working/real_text_10k_dataset/doc_g1814_rot0.jpg,0,0,PUBLICATIONS042251A-.tif,test
1814,/kaggle/working/real_text_10k_dataset/doc_g1814_rot90.jpg,1,90,PUBLICATIONS042251A-.tif,test
1814,/kaggle/working/real_text_10k_dataset/doc_g1814_rot180.jpg,2,180,PUBLICATIONS042251A-.tif,test
1814,/kaggle/working/real_text_10k_dataset/doc_g1814_rot270.jpg,3,270,PUBLICATIONS042251A-.tif,test
1815,/kaggle/working/real_text_10k_dataset/doc_g1815_rot0.jpg,0,0,86034290.tif,train
1815,/kaggle/working/real_text_10k_dataset/doc_g1815_rot90.jpg,1,90,86034290.tif,train
1815,/kaggle/working/real_text_10k_dataset/doc_g1815_rot180.jpg,2,180,86034290.tif,train
1815,/kaggle/working/real_text_10k_dataset/doc_g1815_rot270.jpg,3,270,86034290.tif,train
1816,/kaggle/working/real_text_10k_dataset/doc_g1816_rot0.jpg,0,0,0011844046.tif,train
1816,/kaggle/working/real_text_10k_dataset/doc_g1816_rot90.jpg,1,90,0011844046.tif,train
1816,/kaggle/working/real_text_10k_dataset/doc_g1816_rot180.jpg,2,180,0011844046.tif,train
1816,/kaggle/working/real_text_10k_dataset/doc_g1816_rot270.jpg,3,270,0011844046.tif,train
1817,/kaggle/working/real_text_10k_dataset/doc_g1817_rot0.jpg,0,0,2075066201_6203.tif,train
1817,/kaggle/working/real_text_10k_dataset/doc_g1817_rot90.jpg,1,90,2075066201_6203.tif,train
1817,/kaggle/working/real_text_10k_dataset/doc_g1817_rot180.jpg,2,180,2075066201_6203.tif,train
1817,/kaggle/working/real_text_10k_dataset/doc_g1817_rot270.jpg,3,270,2075066201_6203.tif,train
1818,/kaggle/working/real_text_10k_dataset/doc_g1818_rot0.jpg,0,0,2073684089.tif,test
1818,/kaggle/working/real_text_10k_dataset/doc_g1818_rot90.jpg,1,90,2073684089.tif,test
1818,/kaggle/working/real_text_10k_dataset/doc_g1818_rot180.jpg,2,180,2073684089.tif,test
1818,/kaggle/working/real_text_10k_dataset/doc_g1818_rot270.jpg,3,270,2073684089.tif,test
1819,/kaggle/working/real_text_10k_dataset/doc_g1819_rot0.jpg,0,0,0060312498.tif,train
1819,/kaggle/working/real_text_10k_dataset/doc_g1819_rot90.jpg,1,90,0060312498.tif,train
1819,/kaggle/working/real_text_10k_dataset/doc_g1819_rot180.jpg,2,180,0060312498.tif,train
1819,/kaggle/working/real_text_10k_dataset/doc_g1819_rot270.jpg,3,270,0060312498.tif,train
1820,/kaggle/working/real_text_10k_dataset/doc_g1820_rot0.jpg,0,0,0060280792.tif,train
1820,/kaggle/working/real_text_10k_dataset/doc_g1820_rot90.jpg,1,90,0060280792.tif,train
1820,/kaggle/working/real_text_10k_dataset/doc_g1820_rot180.jpg,2,180,0060280792.tif,train
1820,/kaggle/working/real_text_10k_dataset/doc_g1820_rot270.jpg,3,270,0060280792.tif,train
1821,/kaggle/working/real_text_10k_dataset/doc_g1821_rot0.jpg,0,0,receipt_00204.png,val
1821,/kaggle/working/real_text_10k_dataset/doc_g1821_rot90.jpg,1,90,receipt_00204.png,val
1821,/kaggle/working/real_text_10k_dataset/doc_g1821_rot180.jpg,2,180,receipt_00204.png,val
1821,/kaggle/working/real_text_10k_dataset/doc_g1821_rot270.jpg,3,270,receipt_00204.png,val
1822,/kaggle/working/real_text_10k_dataset/doc_g1822_rot0.jpg,0,0,50712936-2938.tif,train
1822,/kaggle/working/real_text_10k_dataset/doc_g1822_rot90.jpg,1,90,50712936-2938.tif,train
1822,/kaggle/working/real_text_10k_dataset/doc_g1822_rot180.jpg,2,180,50712936-2938.tif,train
1822,/kaggle/working/real_text_10k_dataset/doc_g1822_rot270.jpg,3,270,50712936-2938.tif,train
1823,/kaggle/working/real_text_10k_dataset/doc_g1823_rot0.jpg,0,0,2040230152.tif,train
1823,/kaggle/working/real_text_10k_dataset/doc_g1823_rot90.jpg,1,90,2040230152.tif,train
1823,/kaggle/working/real_text_10k_dataset/doc_g1823_rot180.jpg,2,180,2040230152.tif,train
1823,/kaggle/working/real_text_10k_dataset/doc_g1823_rot270.jpg,3,270,2040230152.tif,train
1824,/kaggle/working/real_text_10k_dataset/doc_g1824_rot0.jpg,0,0,530909713+-9713.tif,train
1824,/kaggle/working/real_text_10k_dataset/doc_g1824_rot90.jpg,1,90,530909713+-9713.tif,train
1824,/kaggle/working/real_text_10k_dataset/doc_g1824_rot180.jpg,2,180,530909713+-9713.tif,train
1824,/kaggle/working/real_text_10k_dataset/doc_g1824_rot270.jpg,3,270,530909713+-9713.tif,train
1825,/kaggle/working/real_text_10k_dataset/doc_g1825_rot0.jpg,0,0,522713454+-3455.tif,train
1825,/kaggle/working/real_text_10k_dataset/doc_g1825_rot90.jpg,1,90,522713454+-3455.tif,train
1825,/kaggle/working/real_text_10k_dataset/doc_g1825_rot180.jpg,2,180,522713454+-3455.tif,train
1825,/kaggle/working/real_text_10k_dataset/doc_g1825_rot270.jpg,3,270,522713454+-3455.tif,train
1826,/kaggle/working/real_text_10k_dataset/doc_g1826_rot0.jpg,0,0,94004810.tif,train
1826,/kaggle/working/real_text_10k_dataset/doc_g1826_rot90.jpg,1,90,94004810.tif,train
1826,/kaggle/working/real_text_10k_dataset/doc_g1826_rot180.jpg,2,180,94004810.tif,train
1826,/kaggle/working/real_text_10k_dataset/doc_g1826_rot270.jpg,3,270,94004810.tif,train
1827,/kaggle/working/real_text_10k_dataset/doc_g1827_rot0.jpg,0,0,2021506552_2021506565.tif,train
1827,/kaggle/working/real_text_10k_dataset/doc_g1827_rot90.jpg,1,90,2021506552_2021506565.tif,train
1827,/kaggle/working/real_text_10k_dataset/doc_g1827_rot180.jpg,2,180,2021506552_2021506565.tif,train
1827,/kaggle/working/real_text_10k_dataset/doc_g1827_rot270.jpg,3,270,2021506552_2021506565.tif,train
1828,/kaggle/working/real_text_10k_dataset/doc_g1828_rot0.jpg,0,0,2084127874.tif,train
1828,/kaggle/working/real_text_10k_dataset/doc_g1828_rot90.jpg,1,90,2084127874.tif,train
1828,/kaggle/working/real_text_10k_dataset/doc_g1828_rot180.jpg,2,180,2084127874.tif,train
1828,/kaggle/working/real_text_10k_dataset/doc_g1828_rot270.jpg,3,270,2084127874.tif,train
1829,/kaggle/working/real_text_10k_dataset/doc_g1829_rot0.jpg,0,0,receipt_00482.png,train
1829,/kaggle/working/real_text_10k_dataset/doc_g1829_rot90.jpg,1,90,receipt_00482.png,train
1829,/kaggle/working/real_text_10k_dataset/doc_g1829_rot180.jpg,2,180,receipt_00482.png,train
1829,/kaggle/working/real_text_10k_dataset/doc_g1829_rot270.jpg,3,270,receipt_00482.png,train
1830,/kaggle/working/real_text_10k_dataset/doc_g1830_rot0.jpg,0,0,2076167898.tif,test
1830,/kaggle/working/real_text_10k_dataset/doc_g1830_rot90.jpg,1,90,2076167898.tif,test
1830,/kaggle/working/real_text_10k_dataset/doc_g1830_rot180.jpg,2,180,2076167898.tif,test
1830,/kaggle/working/real_text_10k_dataset/doc_g1830_rot270.jpg,3,270,2076167898.tif,test
1831,/kaggle/working/real_text_10k_dataset/doc_g1831_rot0.jpg,0,0,514052865q-2892.tif,train
1831,/kaggle/working/real_text_10k_dataset/doc_g1831_rot90.jpg,1,90,514052865q-2892.tif,train
1831,/kaggle/working/real_text_10k_dataset/doc_g1831_rot180.jpg,2,180,514052865q-2892.tif,train
1831,/kaggle/working/real_text_10k_dataset/doc_g1831_rot270.jpg,3,270,514052865q-2892.tif,train
1832,/kaggle/working/real_text_10k_dataset/doc_g1832_rot0.jpg,0,0,514878738+-8739.tif,test
1832,/kaggle/working/real_text_10k_dataset/doc_g1832_rot90.jpg,1,90,514878738+-8739.tif,test
1832,/kaggle/working/real_text_10k_dataset/doc_g1832_rot180.jpg,2,180,514878738+-8739.tif,test
1832,/kaggle/working/real_text_10k_dataset/doc_g1832_rot270.jpg,3,270,514878738+-8739.tif,test
1833,/kaggle/working/real_text_10k_dataset/doc_g1833_rot0.jpg,0,0,531251012+-1014.tif,test
1833,/kaggle/working/real_text_10k_dataset/doc_g1833_rot90.jpg,1,90,531251012+-1014.tif,test
1833,/kaggle/working/real_text_10k_dataset/doc_g1833_rot180.jpg,2,180,531251012+-1014.tif,test
1833,/kaggle/working/real_text_10k_dataset/doc_g1833_rot270.jpg,3,270,531251012+-1014.tif,test
1834,/kaggle/working/real_text_10k_dataset/doc_g1834_rot0.jpg,0,0,2077445074.tif,train
1834,/kaggle/working/real_text_10k_dataset/doc_g1834_rot90.jpg,1,90,2077445074.tif,train
1834,/kaggle/working/real_text_10k_dataset/doc_g1834_rot180.jpg,2,180,2077445074.tif,train
1834,/kaggle/working/real_text_10k_dataset/doc_g1834_rot270.jpg,3,270,2077445074.tif,train
1835,/kaggle/working/real_text_10k_dataset/doc_g1835_rot0.jpg,0,0,2078250300.tif,train
1835,/kaggle/working/real_text_10k_dataset/doc_g1835_rot90.jpg,1,90,2078250300.tif,train
1835,/kaggle/working/real_text_10k_dataset/doc_g1835_rot180.jpg,2,180,2078250300.tif,train
1835,/kaggle/working/real_text_10k_dataset/doc_g1835_rot270.jpg,3,270,2078250300.tif,train
1836,/kaggle/working/real_text_10k_dataset/doc_g1836_rot0.jpg,0,0,0060185851.tif,val
1836,/kaggle/working/real_text_10k_dataset/doc_g1836_rot90.jpg,1,90,0060185851.tif,val
1836,/kaggle/working/real_text_10k_dataset/doc_g1836_rot180.jpg,2,180,0060185851.tif,val
1836,/kaggle/working/real_text_10k_dataset/doc_g1836_rot270.jpg,3,270,0060185851.tif,val
1837,/kaggle/working/real_text_10k_dataset/doc_g1837_rot0.jpg,0,0,505747209.tif,train
1837,/kaggle/working/real_text_10k_dataset/doc_g1837_rot90.jpg,1,90,505747209.tif,train
1837,/kaggle/working/real_text_10k_dataset/doc_g1837_rot180.jpg,2,180,505747209.tif,train
1837,/kaggle/working/real_text_10k_dataset/doc_g1837_rot270.jpg,3,270,505747209.tif,train
1838,/kaggle/working/real_text_10k_dataset/doc_g1838_rot0.jpg,0,0,508852996_508852999.tif,test
1838,/kaggle/working/real_text_10k_dataset/doc_g1838_rot90.jpg,1,90,508852996_508852999.tif,test
1838,/kaggle/working/real_text_10k_dataset/doc_g1838_rot180.jpg,2,180,508852996_508852999.tif,test
1838,/kaggle/working/real_text_10k_dataset/doc_g1838_rot270.jpg,3,270,508852996_508852999.tif,test
1839,/kaggle/working/real_text_10k_dataset/doc_g1839_rot0.jpg,0,0,50690249-0249.tif,train
1839,/kaggle/working/real_text_10k_dataset/doc_g1839_rot90.jpg,1,90,50690249-0249.tif,train
1839,/kaggle/working/real_text_10k_dataset/doc_g1839_rot180.jpg,2,180,50690249-0249.tif,train
1839,/kaggle/working/real_text_10k_dataset/doc_g1839_rot270.jpg,3,270,50690249-0249.tif,train
1840,/kaggle/working/real_text_10k_dataset/doc_g1840_rot0.jpg,0,0,2059437752.tif,test
1840,/kaggle/working/real_text_10k_dataset/doc_g1840_rot90.jpg,1,90,2059437752.tif,test
1840,/kaggle/working/real_text_10k_dataset/doc_g1840_rot180.jpg,2,180,2059437752.tif,test
1840,/kaggle/working/real_text_10k_dataset/doc_g1840_rot270.jpg,3,270,2059437752.tif,test
1841,/kaggle/working/real_text_10k_dataset/doc_g1841_rot0.jpg,0,0,2081189288.tif,train
1841,/kaggle/working/real_text_10k_dataset/doc_g1841_rot90.jpg,1,90,2081189288.tif,train
1841,/kaggle/working/real_text_10k_dataset/doc_g1841_rot180.jpg,2,180,2081189288.tif,train
1841,/kaggle/working/real_text_10k_dataset/doc_g1841_rot270.jpg,3,270,2081189288.tif,train
1842,/kaggle/working/real_text_10k_dataset/doc_g1842_rot0.jpg,0,0,2085133630b.tif,train
1842,/kaggle/working/real_text_10k_dataset/doc_g1842_rot90.jpg,1,90,2085133630b.tif,train
1842,/kaggle/working/real_text_10k_dataset/doc_g1842_rot180.jpg,2,180,2085133630b.tif,train
1842,/kaggle/working/real_text_10k_dataset/doc_g1842_rot270.jpg,3,270,2085133630b.tif,train
1843,/kaggle/working/real_text_10k_dataset/doc_g1843_rot0.jpg,0,0,receipt_00082.png,train
1843,/kaggle/working/real_text_10k_dataset/doc_g1843_rot90.jpg,1,90,receipt_00082.png,train
1843,/kaggle/working/real_text_10k_dataset/doc_g1843_rot180.jpg,2,180,receipt_00082.png,train
1843,/kaggle/working/real_text_10k_dataset/doc_g1843_rot270.jpg,3,270,receipt_00082.png,train
1844,/kaggle/working/real_text_10k_dataset/doc_g1844_rot0.jpg,0,0,502596965.tif,train
1844,/kaggle/working/real_text_10k_dataset/doc_g1844_rot90.jpg,1,90,502596965.tif,train
1844,/kaggle/working/real_text_10k_dataset/doc_g1844_rot180.jpg,2,180,502596965.tif,train
1844,/kaggle/working/real_text_10k_dataset/doc_g1844_rot270.jpg,3,270,502596965.tif,train
1845,/kaggle/working/real_text_10k_dataset/doc_g1845_rot0.jpg,0,0,91573847.tif,train
1845,/kaggle/working/real_text_10k_dataset/doc_g1845_rot90.jpg,1,90,91573847.tif,train
1845,/kaggle/working/real_text_10k_dataset/doc_g1845_rot180.jpg,2,180,91573847.tif,train
1845,/kaggle/working/real_text_10k_dataset/doc_g1845_rot270.jpg,3,270,91573847.tif,train
1846,/kaggle/working/real_text_10k_dataset/doc_g1846_rot0.jpg,0,0,X51006393376.jpg,train
1846,/kaggle/working/real_text_10k_dataset/doc_g1846_rot90.jpg,1,90,X51006393376.jpg,train
1846,/kaggle/working/real_text_10k_dataset/doc_g1846_rot180.jpg,2,180,X51006393376.jpg,train
1846,/kaggle/working/real_text_10k_dataset/doc_g1846_rot270.jpg,3,270,X51006393376.jpg,train
1847,/kaggle/working/real_text_10k_dataset/doc_g1847_rot0.jpg,0,0,99159393_9401.tif,train
1847,/kaggle/working/real_text_10k_dataset/doc_g1847_rot90.jpg,1,90,99159393_9401.tif,train
1847,/kaggle/working/real_text_10k_dataset/doc_g1847_rot180.jpg,2,180,99159393_9401.tif,train
1847,/kaggle/working/real_text_10k_dataset/doc_g1847_rot270.jpg,3,270,99159393_9401.tif,train
1848,/kaggle/working/real_text_10k_dataset/doc_g1848_rot0.jpg,0,0,502610023+-0023.tif,train
1848,/kaggle/working/real_text_10k_dataset/doc_g1848_rot90.jpg,1,90,502610023+-0023.tif,train
1848,/kaggle/working/real_text_10k_dataset/doc_g1848_rot180.jpg,2,180,502610023+-0023.tif,train
1848,/kaggle/working/real_text_10k_dataset/doc_g1848_rot270.jpg,3,270,502610023+-0023.tif,train
1849,/kaggle/working/real_text_10k_dataset/doc_g1849_rot0.jpg,0,0,501279688+-9688.tif,train
1849,/kaggle/working/real_text_10k_dataset/doc_g1849_rot90.jpg,1,90,501279688+-9688.tif,train
1849,/kaggle/working/real_text_10k_dataset/doc_g1849_rot180.jpg,2,180,501279688+-9688.tif,train
1849,/kaggle/working/real_text_10k_dataset/doc_g1849_rot270.jpg,3,270,501279688+-9688.tif,train
1850,/kaggle/working/real_text_10k_dataset/doc_g1850_rot0.jpg,0,0,509295478.tif,train
1850,/kaggle/working/real_text_10k_dataset/doc_g1850_rot90.jpg,1,90,509295478.tif,train
1850,/kaggle/working/real_text_10k_dataset/doc_g1850_rot180.jpg,2,180,509295478.tif,train
1850,/kaggle/working/real_text_10k_dataset/doc_g1850_rot270.jpg,3,270,509295478.tif,train
1851,/kaggle/working/real_text_10k_dataset/doc_g1851_rot0.jpg,0,0,receipt_00462.png,val
1851,/kaggle/working/real_text_10k_dataset/doc_g1851_rot90.jpg,1,90,receipt_00462.png,val
1851,/kaggle/working/real_text_10k_dataset/doc_g1851_rot180.jpg,2,180,receipt_00462.png,val
1851,/kaggle/working/real_text_10k_dataset/doc_g1851_rot270.jpg,3,270,receipt_00462.png,val
1852,/kaggle/working/real_text_10k_dataset/doc_g1852_rot0.jpg,0,0,502593605.tif,train
1852,/kaggle/working/real_text_10k_dataset/doc_g1852_rot90.jpg,1,90,502593605.tif,train
1852,/kaggle/working/real_text_10k_dataset/doc_g1852_rot180.jpg,2,180,502593605.tif,train
1852,/kaggle/working/real_text_10k_dataset/doc_g1852_rot270.jpg,3,270,502593605.tif,train
1853,/kaggle/working/real_text_10k_dataset/doc_g1853_rot0.jpg,0,0,2031308999.tif,train
1853,/kaggle/working/real_text_10k_dataset/doc_g1853_rot90.jpg,1,90,2031308999.tif,train
1853,/kaggle/working/real_text_10k_dataset/doc_g1853_rot180.jpg,2,180,2031308999.tif,train
1853,/kaggle/working/real_text_10k_dataset/doc_g1853_rot270.jpg,3,270,2031308999.tif,train
1854,/kaggle/working/real_text_10k_dataset/doc_g1854_rot0.jpg,0,0,522769119+-9120.tif,train
1854,/kaggle/working/real_text_10k_dataset/doc_g1854_rot90.jpg,1,90,522769119+-9120.tif,train
1854,/kaggle/working/real_text_10k_dataset/doc_g1854_rot180.jpg,2,180,522769119+-9120.tif,train
1854,/kaggle/working/real_text_10k_dataset/doc_g1854_rot270.jpg,3,270,522769119+-9120.tif,train
1855,/kaggle/working/real_text_10k_dataset/doc_g1855_rot0.jpg,0,0,517228986+-8987.tif,train
1855,/kaggle/working/real_text_10k_dataset/doc_g1855_rot90.jpg,1,90,517228986+-8987.tif,train
1855,/kaggle/working/real_text_10k_dataset/doc_g1855_rot180.jpg,2,180,517228986+-8987.tif,train
1855,/kaggle/working/real_text_10k_dataset/doc_g1855_rot270.jpg,3,270,517228986+-8987.tif,train
1856,/kaggle/working/real_text_10k_dataset/doc_g1856_rot0.jpg,0,0,00724347.tif,train
1856,/kaggle/working/real_text_10k_dataset/doc_g1856_rot90.jpg,1,90,00724347.tif,train
1856,/kaggle/working/real_text_10k_dataset/doc_g1856_rot180.jpg,2,180,00724347.tif,train
1856,/kaggle/working/real_text_10k_dataset/doc_g1856_rot270.jpg,3,270,00724347.tif,train
1857,/kaggle/working/real_text_10k_dataset/doc_g1857_rot0.jpg,0,0,2028923873.tif,train
1857,/kaggle/working/real_text_10k_dataset/doc_g1857_rot90.jpg,1,90,2028923873.tif,train
1857,/kaggle/working/real_text_10k_dataset/doc_g1857_rot180.jpg,2,180,2028923873.tif,train
1857,/kaggle/working/real_text_10k_dataset/doc_g1857_rot270.jpg,3,270,2028923873.tif,train
1858,/kaggle/working/real_text_10k_dataset/doc_g1858_rot0.jpg,0,0,92303004.tif,train
1858,/kaggle/working/real_text_10k_dataset/doc_g1858_rot90.jpg,1,90,92303004.tif,train
1858,/kaggle/working/real_text_10k_dataset/doc_g1858_rot180.jpg,2,180,92303004.tif,train
1858,/kaggle/working/real_text_10k_dataset/doc_g1858_rot270.jpg,3,270,92303004.tif,train
1859,/kaggle/working/real_text_10k_dataset/doc_g1859_rot0.jpg,0,0,2505168008a.tif,train
1859,/kaggle/working/real_text_10k_dataset/doc_g1859_rot90.jpg,1,90,2505168008a.tif,train
1859,/kaggle/working/real_text_10k_dataset/doc_g1859_rot180.jpg,2,180,2505168008a.tif,train
1859,/kaggle/working/real_text_10k_dataset/doc_g1859_rot270.jpg,3,270,2505168008a.tif,train
1860,/kaggle/working/real_text_10k_dataset/doc_g1860_rot0.jpg,0,0,1003287301_1003287305.tif,train
1860,/kaggle/working/real_text_10k_dataset/doc_g1860_rot90.jpg,1,90,1003287301_1003287305.tif,train
1860,/kaggle/working/real_text_10k_dataset/doc_g1860_rot180.jpg,2,180,1003287301_1003287305.tif,train
1860,/kaggle/working/real_text_10k_dataset/doc_g1860_rot270.jpg,3,270,1003287301_1003287305.tif,train
1861,/kaggle/working/real_text_10k_dataset/doc_g1861_rot0.jpg,0,0,tnwl0033903_3904.tif,val
1861,/kaggle/working/real_text_10k_dataset/doc_g1861_rot90.jpg,1,90,tnwl0033903_3904.tif,val
1861,/kaggle/working/real_text_10k_dataset/doc_g1861_rot180.jpg,2,180,tnwl0033903_3904.tif,val
1861,/kaggle/working/real_text_10k_dataset/doc_g1861_rot270.jpg,3,270,tnwl0033903_3904.tif,val
1862,/kaggle/working/real_text_10k_dataset/doc_g1862_rot0.jpg,0,0,X51006329399.jpg,train
1862,/kaggle/working/real_text_10k_dataset/doc_g1862_rot90.jpg,1,90,X51006329399.jpg,train
1862,/kaggle/working/real_text_10k_dataset/doc_g1862_rot180.jpg,2,180,X51006329399.jpg,train
1862,/kaggle/working/real_text_10k_dataset/doc_g1862_rot270.jpg,3,270,X51006329399.jpg,train
1863,/kaggle/working/real_text_10k_dataset/doc_g1863_rot0.jpg,0,0,88818628.tif,test
1863,/kaggle/working/real_text_10k_dataset/doc_g1863_rot90.jpg,1,90,88818628.tif,test
1863,/kaggle/working/real_text_10k_dataset/doc_g1863_rot180.jpg,2,180,88818628.tif,test
1863,/kaggle/working/real_text_10k_dataset/doc_g1863_rot270.jpg,3,270,88818628.tif,test
1864,/kaggle/working/real_text_10k_dataset/doc_g1864_rot0.jpg,0,0,2072437619.tif,train
1864,/kaggle/working/real_text_10k_dataset/doc_g1864_rot90.jpg,1,90,2072437619.tif,train
1864,/kaggle/working/real_text_10k_dataset/doc_g1864_rot180.jpg,2,180,2072437619.tif,train
1864,/kaggle/working/real_text_10k_dataset/doc_g1864_rot270.jpg,3,270,2072437619.tif,train
1865,/kaggle/working/real_text_10k_dataset/doc_g1865_rot0.jpg,0,0,2023537106_2023537114.tif,train
1865,/kaggle/working/real_text_10k_dataset/doc_g1865_rot90.jpg,1,90,2023537106_2023537114.tif,train
1865,/kaggle/working/real_text_10k_dataset/doc_g1865_rot180.jpg,2,180,2023537106_2023537114.tif,train
1865,/kaggle/working/real_text_10k_dataset/doc_g1865_rot270.jpg,3,270,2023537106_2023537114.tif,train
1866,/kaggle/working/real_text_10k_dataset/doc_g1866_rot0.jpg,0,0,03722336.tif,val
1866,/kaggle/working/real_text_10k_dataset/doc_g1866_rot90.jpg,1,90,03722336.tif,val
1866,/kaggle/working/real_text_10k_dataset/doc_g1866_rot180.jpg,2,180,03722336.tif,val
1866,/kaggle/working/real_text_10k_dataset/doc_g1866_rot270.jpg,3,270,03722336.tif,val
1867,/kaggle/working/real_text_10k_dataset/doc_g1867_rot0.jpg,0,0,50250184-0187.tif,train
1867,/kaggle/working/real_text_10k_dataset/doc_g1867_rot90.jpg,1,90,50250184-0187.tif,train
1867,/kaggle/working/real_text_10k_dataset/doc_g1867_rot180.jpg,2,180,50250184-0187.tif,train
1867,/kaggle/working/real_text_10k_dataset/doc_g1867_rot270.jpg,3,270,50250184-0187.tif,train
1868,/kaggle/working/real_text_10k_dataset/doc_g1868_rot0.jpg,0,0,92249753_92249754.tif,train
1868,/kaggle/working/real_text_10k_dataset/doc_g1868_rot90.jpg,1,90,92249753_92249754.tif,train
1868,/kaggle/working/real_text_10k_dataset/doc_g1868_rot180.jpg,2,180,92249753_92249754.tif,train
1868,/kaggle/working/real_text_10k_dataset/doc_g1868_rot270.jpg,3,270,92249753_92249754.tif,train
1869,/kaggle/working/real_text_10k_dataset/doc_g1869_rot0.jpg,0,0,PUBLICATIONS012465-2.tif,train
1869,/kaggle/working/real_text_10k_dataset/doc_g1869_rot90.jpg,1,90,PUBLICATIONS012465-2.tif,train
1869,/kaggle/working/real_text_10k_dataset/doc_g1869_rot180.jpg,2,180,PUBLICATIONS012465-2.tif,train
1869,/kaggle/working/real_text_10k_dataset/doc_g1869_rot270.jpg,3,270,PUBLICATIONS012465-2.tif,train
1870,/kaggle/working/real_text_10k_dataset/doc_g1870_rot0.jpg,0,0,0060084552.tif,train
1870,/kaggle/working/real_text_10k_dataset/doc_g1870_rot90.jpg,1,90,0060084552.tif,train
1870,/kaggle/working/real_text_10k_dataset/doc_g1870_rot180.jpg,2,180,0060084552.tif,train
1870,/kaggle/working/real_text_10k_dataset/doc_g1870_rot270.jpg,3,270,0060084552.tif,train
1871,/kaggle/working/real_text_10k_dataset/doc_g1871_rot0.jpg,0,0,2040798717_2040798718.tif,train
1871,/kaggle/working/real_text_10k_dataset/doc_g1871_rot90.jpg,1,90,2040798717_2040798718.tif,train
1871,/kaggle/working/real_text_10k_dataset/doc_g1871_rot180.jpg,2,180,2040798717_2040798718.tif,train
1871,/kaggle/working/real_text_10k_dataset/doc_g1871_rot270.jpg,3,270,2040798717_2040798718.tif,train
1872,/kaggle/working/real_text_10k_dataset/doc_g1872_rot0.jpg,0,0,2057672314.tif,test
1872,/kaggle/working/real_text_10k_dataset/doc_g1872_rot90.jpg,1,90,2057672314.tif,test
1872,/kaggle/working/real_text_10k_dataset/doc_g1872_rot180.jpg,2,180,2057672314.tif,test
1872,/kaggle/working/real_text_10k_dataset/doc_g1872_rot270.jpg,3,270,2057672314.tif,test
1873,/kaggle/working/real_text_10k_dataset/doc_g1873_rot0.jpg,0,0,50145702-5704.tif,test
1873,/kaggle/working/real_text_10k_dataset/doc_g1873_rot90.jpg,1,90,50145702-5704.tif,test
1873,/kaggle/working/real_text_10k_dataset/doc_g1873_rot180.jpg,2,180,50145702-5704.tif,test
1873,/kaggle/working/real_text_10k_dataset/doc_g1873_rot270.jpg,3,270,50145702-5704.tif,test
1874,/kaggle/working/real_text_10k_dataset/doc_g1874_rot0.jpg,0,0,X51005745296.jpg,train
1874,/kaggle/working/real_text_10k_dataset/doc_g1874_rot90.jpg,1,90,X51005745296.jpg,train
1874,/kaggle/working/real_text_10k_dataset/doc_g1874_rot180.jpg,2,180,X51005745296.jpg,train
1874,/kaggle/working/real_text_10k_dataset/doc_g1874_rot270.jpg,3,270,X51005745296.jpg,train
1875,/kaggle/working/real_text_10k_dataset/doc_g1875_rot0.jpg,0,0,0001484072.tif,val
1875,/kaggle/working/real_text_10k_dataset/doc_g1875_rot90.jpg,1,90,0001484072.tif,val
1875,/kaggle/working/real_text_10k_dataset/doc_g1875_rot180.jpg,2,180,0001484072.tif,val
1875,/kaggle/working/real_text_10k_dataset/doc_g1875_rot270.jpg,3,270,0001484072.tif,val
1876,/kaggle/working/real_text_10k_dataset/doc_g1876_rot0.jpg,0,0,2054531064.tif,test
1876,/kaggle/working/real_text_10k_dataset/doc_g1876_rot90.jpg,1,90,2054531064.tif,test
1876,/kaggle/working/real_text_10k_dataset/doc_g1876_rot180.jpg,2,180,2054531064.tif,test
1876,/kaggle/working/real_text_10k_dataset/doc_g1876_rot270.jpg,3,270,2054531064.tif,test
1877,/kaggle/working/real_text_10k_dataset/doc_g1877_rot0.jpg,0,0,X51005442383.jpg,val
1877,/kaggle/working/real_text_10k_dataset/doc_g1877_rot90.jpg,1,90,X51005442383.jpg,val
1877,/kaggle/working/real_text_10k_dataset/doc_g1877_rot180.jpg,2,180,X51005442383.jpg,val
1877,/kaggle/working/real_text_10k_dataset/doc_g1877_rot270.jpg,3,270,X51005442383.jpg,val
1878,/kaggle/working/real_text_10k_dataset/doc_g1878_rot0.jpg,0,0,1001857703.tif,train
1878,/kaggle/working/real_text_10k_dataset/doc_g1878_rot90.jpg,1,90,1001857703.tif,train
1878,/kaggle/working/real_text_10k_dataset/doc_g1878_rot180.jpg,2,180,1001857703.tif,train
1878,/kaggle/working/real_text_10k_dataset/doc_g1878_rot270.jpg,3,270,1001857703.tif,train
1879,/kaggle/working/real_text_10k_dataset/doc_g1879_rot0.jpg,0,0,X51006867436.jpg,train
1879,/kaggle/working/real_text_10k_dataset/doc_g1879_rot90.jpg,1,90,X51006867436.jpg,train
1879,/kaggle/working/real_text_10k_dataset/doc_g1879_rot180.jpg,2,180,X51006867436.jpg,train
1879,/kaggle/working/real_text_10k_dataset/doc_g1879_rot270.jpg,3,270,X51006867436.jpg,train
1880,/kaggle/working/real_text_10k_dataset/doc_g1880_rot0.jpg,0,0,tob05717.14_tob05717.17.tif,train
1880,/kaggle/working/real_text_10k_dataset/doc_g1880_rot90.jpg,1,90,tob05717.14_tob05717.17.tif,train
1880,/kaggle/working/real_text_10k_dataset/doc_g1880_rot180.jpg,2,180,tob05717.14_tob05717.17.tif,train
1880,/kaggle/working/real_text_10k_dataset/doc_g1880_rot270.jpg,3,270,tob05717.14_tob05717.17.tif,train
1881,/kaggle/working/real_text_10k_dataset/doc_g1881_rot0.jpg,0,0,2023271354.tif,train
1881,/kaggle/working/real_text_10k_dataset/doc_g1881_rot90.jpg,1,90,2023271354.tif,train
1881,/kaggle/working/real_text_10k_dataset/doc_g1881_rot180.jpg,2,180,2023271354.tif,train
1881,/kaggle/working/real_text_10k_dataset/doc_g1881_rot270.jpg,3,270,2023271354.tif,train
1882,/kaggle/working/real_text_10k_dataset/doc_g1882_rot0.jpg,0,0,2501562119.tif,train
1882,/kaggle/working/real_text_10k_dataset/doc_g1882_rot90.jpg,1,90,2501562119.tif,train
1882,/kaggle/working/real_text_10k_dataset/doc_g1882_rot180.jpg,2,180,2501562119.tif,train
1882,/kaggle/working/real_text_10k_dataset/doc_g1882_rot270.jpg,3,270,2501562119.tif,train
1883,/kaggle/working/real_text_10k_dataset/doc_g1883_rot0.jpg,0,0,2501042063.tif,train
1883,/kaggle/working/real_text_10k_dataset/doc_g1883_rot90.jpg,1,90,2501042063.tif,train
1883,/kaggle/working/real_text_10k_dataset/doc_g1883_rot180.jpg,2,180,2501042063.tif,train
1883,/kaggle/working/real_text_10k_dataset/doc_g1883_rot270.jpg,3,270,2501042063.tif,train
1884,/kaggle/working/real_text_10k_dataset/doc_g1884_rot0.jpg,0,0,50718183-8183.tif,train
1884,/kaggle/working/real_text_10k_dataset/doc_g1884_rot90.jpg,1,90,50718183-8183.tif,train
1884,/kaggle/working/real_text_10k_dataset/doc_g1884_rot180.jpg,2,180,50718183-8183.tif,train
1884,/kaggle/working/real_text_10k_dataset/doc_g1884_rot270.jpg,3,270,50718183-8183.tif,train
1885,/kaggle/working/real_text_10k_dataset/doc_g1885_rot0.jpg,0,0,89001582.tif,train
1885,/kaggle/working/real_text_10k_dataset/doc_g1885_rot90.jpg,1,90,89001582.tif,train
1885,/kaggle/working/real_text_10k_dataset/doc_g1885_rot180.jpg,2,180,89001582.tif,train
1885,/kaggle/working/real_text_10k_dataset/doc_g1885_rot270.jpg,3,270,89001582.tif,train
1886,/kaggle/working/real_text_10k_dataset/doc_g1886_rot0.jpg,0,0,524125799+-5801.tif,train
1886,/kaggle/working/real_text_10k_dataset/doc_g1886_rot90.jpg,1,90,524125799+-5801.tif,train
1886,/kaggle/working/real_text_10k_dataset/doc_g1886_rot180.jpg,2,180,524125799+-5801.tif,train
1886,/kaggle/working/real_text_10k_dataset/doc_g1886_rot270.jpg,3,270,524125799+-5801.tif,train
1887,/kaggle/working/real_text_10k_dataset/doc_g1887_rot0.jpg,0,0,X51005722699.jpg,test
1887,/kaggle/working/real_text_10k_dataset/doc_g1887_rot90.jpg,1,90,X51005722699.jpg,test
1887,/kaggle/working/real_text_10k_dataset/doc_g1887_rot180.jpg,2,180,X51005722699.jpg,test
1887,/kaggle/working/real_text_10k_dataset/doc_g1887_rot270.jpg,3,270,X51005722699.jpg,test
1888,/kaggle/working/real_text_10k_dataset/doc_g1888_rot0.jpg,0,0,2505302198.tif,train
1888,/kaggle/working/real_text_10k_dataset/doc_g1888_rot90.jpg,1,90,2505302198.tif,train
1888,/kaggle/working/real_text_10k_dataset/doc_g1888_rot180.jpg,2,180,2505302198.tif,train
1888,/kaggle/working/real_text_10k_dataset/doc_g1888_rot270.jpg,3,270,2505302198.tif,train
1889,/kaggle/working/real_text_10k_dataset/doc_g1889_rot0.jpg,0,0,2029116533.tif,test
1889,/kaggle/working/real_text_10k_dataset/doc_g1889_rot90.jpg,1,90,2029116533.tif,test
1889,/kaggle/working/real_text_10k_dataset/doc_g1889_rot180.jpg,2,180,2029116533.tif,test
1889,/kaggle/working/real_text_10k_dataset/doc_g1889_rot270.jpg,3,270,2029116533.tif,test
1890,/kaggle/working/real_text_10k_dataset/doc_g1890_rot0.jpg,0,0,0001448655.tif,train
1890,/kaggle/working/real_text_10k_dataset/doc_g1890_rot90.jpg,1,90,0001448655.tif,train
1890,/kaggle/working/real_text_10k_dataset/doc_g1890_rot180.jpg,2,180,0001448655.tif,train
1890,/kaggle/working/real_text_10k_dataset/doc_g1890_rot270.jpg,3,270,0001448655.tif,train
1891,/kaggle/working/real_text_10k_dataset/doc_g1891_rot0.jpg,0,0,505300904.tif,train
1891,/kaggle/working/real_text_10k_dataset/doc_g1891_rot90.jpg,1,90,505300904.tif,train
1891,/kaggle/working/real_text_10k_dataset/doc_g1891_rot180.jpg,2,180,505300904.tif,train
1891,/kaggle/working/real_text_10k_dataset/doc_g1891_rot270.jpg,3,270,505300904.tif,train
1892,/kaggle/working/real_text_10k_dataset/doc_g1892_rot0.jpg,0,0,X51005705784.jpg,train
1892,/kaggle/working/real_text_10k_dataset/doc_g1892_rot90.jpg,1,90,X51005705784.jpg,train
1892,/kaggle/working/real_text_10k_dataset/doc_g1892_rot180.jpg,2,180,X51005705784.jpg,train
1892,/kaggle/working/real_text_10k_dataset/doc_g1892_rot270.jpg,3,270,X51005705784.jpg,train
1893,/kaggle/working/real_text_10k_dataset/doc_g1893_rot0.jpg,0,0,60162307_60162310.tif,train
1893,/kaggle/working/real_text_10k_dataset/doc_g1893_rot90.jpg,1,90,60162307_60162310.tif,train
1893,/kaggle/working/real_text_10k_dataset/doc_g1893_rot180.jpg,2,180,60162307_60162310.tif,train
1893,/kaggle/working/real_text_10k_dataset/doc_g1893_rot270.jpg,3,270,60162307_60162310.tif,train
1894,/kaggle/working/real_text_10k_dataset/doc_g1894_rot0.jpg,0,0,2065308261_8264.tif,train
1894,/kaggle/working/real_text_10k_dataset/doc_g1894_rot90.jpg,1,90,2065308261_8264.tif,train
1894,/kaggle/working/real_text_10k_dataset/doc_g1894_rot180.jpg,2,180,2065308261_8264.tif,train
1894,/kaggle/working/real_text_10k_dataset/doc_g1894_rot270.jpg,3,270,2065308261_8264.tif,train
1895,/kaggle/working/real_text_10k_dataset/doc_g1895_rot0.jpg,0,0,522721918+-1919.tif,train
1895,/kaggle/working/real_text_10k_dataset/doc_g1895_rot90.jpg,1,90,522721918+-1919.tif,train
1895,/kaggle/working/real_text_10k_dataset/doc_g1895_rot180.jpg,2,180,522721918+-1919.tif,train
1895,/kaggle/working/real_text_10k_dataset/doc_g1895_rot270.jpg,3,270,522721918+-1919.tif,train
1896,/kaggle/working/real_text_10k_dataset/doc_g1896_rot0.jpg,0,0,50480254-0254.tif,train
1896,/kaggle/working/real_text_10k_dataset/doc_g1896_rot90.jpg,1,90,50480254-0254.tif,train
1896,/kaggle/working/real_text_10k_dataset/doc_g1896_rot180.jpg,2,180,50480254-0254.tif,train
1896,/kaggle/working/real_text_10k_dataset/doc_g1896_rot270.jpg,3,270,50480254-0254.tif,train
1897,/kaggle/working/real_text_10k_dataset/doc_g1897_rot0.jpg,0,0,502592341.tif,val
1897,/kaggle/working/real_text_10k_dataset/doc_g1897_rot90.jpg,1,90,502592341.tif,val
1897,/kaggle/working/real_text_10k_dataset/doc_g1897_rot180.jpg,2,180,502592341.tif,val
1897,/kaggle/working/real_text_10k_dataset/doc_g1897_rot270.jpg,3,270,502592341.tif,val
1898,/kaggle/working/real_text_10k_dataset/doc_g1898_rot0.jpg,0,0,50482464-2465.tif,train
1898,/kaggle/working/real_text_10k_dataset/doc_g1898_rot90.jpg,1,90,50482464-2465.tif,train
1898,/kaggle/working/real_text_10k_dataset/doc_g1898_rot180.jpg,2,180,50482464-2465.tif,train
1898,/kaggle/working/real_text_10k_dataset/doc_g1898_rot270.jpg,3,270,50482464-2465.tif,train
1899,/kaggle/working/real_text_10k_dataset/doc_g1899_rot0.jpg,0,0,2048548504.tif,val
1899,/kaggle/working/real_text_10k_dataset/doc_g1899_rot90.jpg,1,90,2048548504.tif,val
1899,/kaggle/working/real_text_10k_dataset/doc_g1899_rot180.jpg,2,180,2048548504.tif,val
1899,/kaggle/working/real_text_10k_dataset/doc_g1899_rot270.jpg,3,270,2048548504.tif,val
1900,/kaggle/working/real_text_10k_dataset/doc_g1900_rot0.jpg,0,0,60001266.tif,train
1900,/kaggle/working/real_text_10k_dataset/doc_g1900_rot90.jpg,1,90,60001266.tif,train
1900,/kaggle/working/real_text_10k_dataset/doc_g1900_rot180.jpg,2,180,60001266.tif,train
1900,/kaggle/working/real_text_10k_dataset/doc_g1900_rot270.jpg,3,270,60001266.tif,train
1901,/kaggle/working/real_text_10k_dataset/doc_g1901_rot0.jpg,0,0,2061009655.tif,train
1901,/kaggle/working/real_text_10k_dataset/doc_g1901_rot90.jpg,1,90,2061009655.tif,train
1901,/kaggle/working/real_text_10k_dataset/doc_g1901_rot180.jpg,2,180,2061009655.tif,train
1901,/kaggle/working/real_text_10k_dataset/doc_g1901_rot270.jpg,3,270,2061009655.tif,train
1902,/kaggle/working/real_text_10k_dataset/doc_g1902_rot0.jpg,0,0,503863090_503863095.tif,train
1902,/kaggle/working/real_text_10k_dataset/doc_g1902_rot90.jpg,1,90,503863090_503863095.tif,train
1902,/kaggle/working/real_text_10k_dataset/doc_g1902_rot180.jpg,2,180,503863090_503863095.tif,train
1902,/kaggle/working/real_text_10k_dataset/doc_g1902_rot270.jpg,3,270,503863090_503863095.tif,train
1903,/kaggle/working/real_text_10k_dataset/doc_g1903_rot0.jpg,0,0,0071009202.tif,train
1903,/kaggle/working/real_text_10k_dataset/doc_g1903_rot90.jpg,1,90,0071009202.tif,train
1903,/kaggle/working/real_text_10k_dataset/doc_g1903_rot180.jpg,2,180,0071009202.tif,train
1903,/kaggle/working/real_text_10k_dataset/doc_g1903_rot270.jpg,3,270,0071009202.tif,train
1904,/kaggle/working/real_text_10k_dataset/doc_g1904_rot0.jpg,0,0,2072484230.tif,train
1904,/kaggle/working/real_text_10k_dataset/doc_g1904_rot90.jpg,1,90,2072484230.tif,train
1904,/kaggle/working/real_text_10k_dataset/doc_g1904_rot180.jpg,2,180,2072484230.tif,train
1904,/kaggle/working/real_text_10k_dataset/doc_g1904_rot270.jpg,3,270,2072484230.tif,train
1905,/kaggle/working/real_text_10k_dataset/doc_g1905_rot0.jpg,0,0,0060052800.tif,val
1905,/kaggle/working/real_text_10k_dataset/doc_g1905_rot90.jpg,1,90,0060052800.tif,val
1905,/kaggle/working/real_text_10k_dataset/doc_g1905_rot180.jpg,2,180,0060052800.tif,val
1905,/kaggle/working/real_text_10k_dataset/doc_g1905_rot270.jpg,3,270,0060052800.tif,val
1906,/kaggle/working/real_text_10k_dataset/doc_g1906_rot0.jpg,0,0,2071724961.tif,train
1906,/kaggle/working/real_text_10k_dataset/doc_g1906_rot90.jpg,1,90,2071724961.tif,train
1906,/kaggle/working/real_text_10k_dataset/doc_g1906_rot180.jpg,2,180,2071724961.tif,train
1906,/kaggle/working/real_text_10k_dataset/doc_g1906_rot270.jpg,3,270,2071724961.tif,train
1907,/kaggle/working/real_text_10k_dataset/doc_g1907_rot0.jpg,0,0,2045428516.tif,train
1907,/kaggle/working/real_text_10k_dataset/doc_g1907_rot90.jpg,1,90,2045428516.tif,train
1907,/kaggle/working/real_text_10k_dataset/doc_g1907_rot180.jpg,2,180,2045428516.tif,train
1907,/kaggle/working/real_text_10k_dataset/doc_g1907_rot270.jpg,3,270,2045428516.tif,train
1908,/kaggle/working/real_text_10k_dataset/doc_g1908_rot0.jpg,0,0,502907905.tif,train
1908,/kaggle/working/real_text_10k_dataset/doc_g1908_rot90.jpg,1,90,502907905.tif,train
1908,/kaggle/working/real_text_10k_dataset/doc_g1908_rot180.jpg,2,180,502907905.tif,train
1908,/kaggle/working/real_text_10k_dataset/doc_g1908_rot270.jpg,3,270,502907905.tif,train
1909,/kaggle/working/real_text_10k_dataset/doc_g1909_rot0.jpg,0,0,0060083409.tif,train
1909,/kaggle/working/real_text_10k_dataset/doc_g1909_rot90.jpg,1,90,0060083409.tif,train
1909,/kaggle/working/real_text_10k_dataset/doc_g1909_rot180.jpg,2,180,0060083409.tif,train
1909,/kaggle/working/real_text_10k_dataset/doc_g1909_rot270.jpg,3,270,0060083409.tif,train
1910,/kaggle/working/real_text_10k_dataset/doc_g1910_rot0.jpg,0,0,1002617805.tif,train
1910,/kaggle/working/real_text_10k_dataset/doc_g1910_rot90.jpg,1,90,1002617805.tif,train
1910,/kaggle/working/real_text_10k_dataset/doc_g1910_rot180.jpg,2,180,1002617805.tif,train
1910,/kaggle/working/real_text_10k_dataset/doc_g1910_rot270.jpg,3,270,1002617805.tif,train
1911,/kaggle/working/real_text_10k_dataset/doc_g1911_rot0.jpg,0,0,2057431149_2057431152.tif,val
1911,/kaggle/working/real_text_10k_dataset/doc_g1911_rot90.jpg,1,90,2057431149_2057431152.tif,val
1911,/kaggle/working/real_text_10k_dataset/doc_g1911_rot180.jpg,2,180,2057431149_2057431152.tif,val
1911,/kaggle/working/real_text_10k_dataset/doc_g1911_rot270.jpg,3,270,2057431149_2057431152.tif,val
1912,/kaggle/working/real_text_10k_dataset/doc_g1912_rot0.jpg,0,0,50649789-9790.tif,val
1912,/kaggle/working/real_text_10k_dataset/doc_g1912_rot90.jpg,1,90,50649789-9790.tif,val
1912,/kaggle/working/real_text_10k_dataset/doc_g1912_rot180.jpg,2,180,50649789-9790.tif,val
1912,/kaggle/working/real_text_10k_dataset/doc_g1912_rot270.jpg,3,270,50649789-9790.tif,val
1913,/kaggle/working/real_text_10k_dataset/doc_g1913_rot0.jpg,0,0,2025998880.tif,train
1913,/kaggle/working/real_text_10k_dataset/doc_g1913_rot90.jpg,1,90,2025998880.tif,train
1913,/kaggle/working/real_text_10k_dataset/doc_g1913_rot180.jpg,2,180,2025998880.tif,train
1913,/kaggle/working/real_text_10k_dataset/doc_g1913_rot270.jpg,3,270,2025998880.tif,train
1914,/kaggle/working/real_text_10k_dataset/doc_g1914_rot0.jpg,0,0,tcal0448219_8220.tif,val
1914,/kaggle/working/real_text_10k_dataset/doc_g1914_rot90.jpg,1,90,tcal0448219_8220.tif,val
1914,/kaggle/working/real_text_10k_dataset/doc_g1914_rot180.jpg,2,180,tcal0448219_8220.tif,val
1914,/kaggle/working/real_text_10k_dataset/doc_g1914_rot270.jpg,3,270,tcal0448219_8220.tif,val
1915,/kaggle/working/real_text_10k_dataset/doc_g1915_rot0.jpg,0,0,2082587559a.tif,train
1915,/kaggle/working/real_text_10k_dataset/doc_g1915_rot90.jpg,1,90,2082587559a.tif,train
1915,/kaggle/working/real_text_10k_dataset/doc_g1915_rot180.jpg,2,180,2082587559a.tif,train
1915,/kaggle/working/real_text_10k_dataset/doc_g1915_rot270.jpg,3,270,2082587559a.tif,train
1916,/kaggle/working/real_text_10k_dataset/doc_g1916_rot0.jpg,0,0,2028475237_2028475240.tif,train
1916,/kaggle/working/real_text_10k_dataset/doc_g1916_rot90.jpg,1,90,2028475237_2028475240.tif,train
1916,/kaggle/working/real_text_10k_dataset/doc_g1916_rot180.jpg,2,180,2028475237_2028475240.tif,train
1916,/kaggle/working/real_text_10k_dataset/doc_g1916_rot270.jpg,3,270,2028475237_2028475240.tif,train
1917,/kaggle/working/real_text_10k_dataset/doc_g1917_rot0.jpg,0,0,2060038650_2060038664.tif,val
1917,/kaggle/working/real_text_10k_dataset/doc_g1917_rot90.jpg,1,90,2060038650_2060038664.tif,val
1917,/kaggle/working/real_text_10k_dataset/doc_g1917_rot180.jpg,2,180,2060038650_2060038664.tif,val
1917,/kaggle/working/real_text_10k_dataset/doc_g1917_rot270.jpg,3,270,2060038650_2060038664.tif,val
1918,/kaggle/working/real_text_10k_dataset/doc_g1918_rot0.jpg,0,0,2053462567.tif,train
1918,/kaggle/working/real_text_10k_dataset/doc_g1918_rot90.jpg,1,90,2053462567.tif,train
1918,/kaggle/working/real_text_10k_dataset/doc_g1918_rot180.jpg,2,180,2053462567.tif,train
1918,/kaggle/working/real_text_10k_dataset/doc_g1918_rot270.jpg,3,270,2053462567.tif,train
1919,/kaggle/working/real_text_10k_dataset/doc_g1919_rot0.jpg,0,0,81863711.tif,val
1919,/kaggle/working/real_text_10k_dataset/doc_g1919_rot90.jpg,1,90,81863711.tif,val
1919,/kaggle/working/real_text_10k_dataset/doc_g1919_rot180.jpg,2,180,81863711.tif,val
1919,/kaggle/working/real_text_10k_dataset/doc_g1919_rot270.jpg,3,270,81863711.tif,val
1920,/kaggle/working/real_text_10k_dataset/doc_g1920_rot0.jpg,0,0,11008550_11008557.tif,train
1920,/kaggle/working/real_text_10k_dataset/doc_g1920_rot90.jpg,1,90,11008550_11008557.tif,train
1920,/kaggle/working/real_text_10k_dataset/doc_g1920_rot180.jpg,2,180,11008550_11008557.tif,train
1920,/kaggle/working/real_text_10k_dataset/doc_g1920_rot270.jpg,3,270,11008550_11008557.tif,train
1921,/kaggle/working/real_text_10k_dataset/doc_g1921_rot0.jpg,0,0,2072360775_0779.tif,val
1921,/kaggle/working/real_text_10k_dataset/doc_g1921_rot90.jpg,1,90,2072360775_0779.tif,val
1921,/kaggle/working/real_text_10k_dataset/doc_g1921_rot180.jpg,2,180,2072360775_0779.tif,val
1921,/kaggle/working/real_text_10k_dataset/doc_g1921_rot270.jpg,3,270,2072360775_0779.tif,val
1922,/kaggle/working/real_text_10k_dataset/doc_g1922_rot0.jpg,0,0,2072318905_8910.tif,train
1922,/kaggle/working/real_text_10k_dataset/doc_g1922_rot90.jpg,1,90,2072318905_8910.tif,train
1922,/kaggle/working/real_text_10k_dataset/doc_g1922_rot180.jpg,2,180,2072318905_8910.tif,train
1922,/kaggle/working/real_text_10k_dataset/doc_g1922_rot270.jpg,3,270,2072318905_8910.tif,train
1923,/kaggle/working/real_text_10k_dataset/doc_g1923_rot0.jpg,0,0,2080458656.tif,test
1923,/kaggle/working/real_text_10k_dataset/doc_g1923_rot90.jpg,1,90,2080458656.tif,test
1923,/kaggle/working/real_text_10k_dataset/doc_g1923_rot180.jpg,2,180,2080458656.tif,test
1923,/kaggle/working/real_text_10k_dataset/doc_g1923_rot270.jpg,3,270,2080458656.tif,test
1924,/kaggle/working/real_text_10k_dataset/doc_g1924_rot0.jpg,0,0,2065455457.tif,train
1924,/kaggle/working/real_text_10k_dataset/doc_g1924_rot90.jpg,1,90,2065455457.tif,train
1924,/kaggle/working/real_text_10k_dataset/doc_g1924_rot180.jpg,2,180,2065455457.tif,train
1924,/kaggle/working/real_text_10k_dataset/doc_g1924_rot270.jpg,3,270,2065455457.tif,train
1925,/kaggle/working/real_text_10k_dataset/doc_g1925_rot0.jpg,0,0,2057869582.tif,train
1925,/kaggle/working/real_text_10k_dataset/doc_g1925_rot90.jpg,1,90,2057869582.tif,train
1925,/kaggle/working/real_text_10k_dataset/doc_g1925_rot180.jpg,2,180,2057869582.tif,train
1925,/kaggle/working/real_text_10k_dataset/doc_g1925_rot270.jpg,3,270,2057869582.tif,train
1926,/kaggle/working/real_text_10k_dataset/doc_g1926_rot0.jpg,0,0,40030065-0066.tif,train
1926,/kaggle/working/real_text_10k_dataset/doc_g1926_rot90.jpg,1,90,40030065-0066.tif,train
1926,/kaggle/working/real_text_10k_dataset/doc_g1926_rot180.jpg,2,180,40030065-0066.tif,train
1926,/kaggle/working/real_text_10k_dataset/doc_g1926_rot270.jpg,3,270,40030065-0066.tif,train
1927,/kaggle/working/real_text_10k_dataset/doc_g1927_rot0.jpg,0,0,2040152584.tif,val
1927,/kaggle/working/real_text_10k_dataset/doc_g1927_rot90.jpg,1,90,2040152584.tif,val
1927,/kaggle/working/real_text_10k_dataset/doc_g1927_rot180.jpg,2,180,2040152584.tif,val
1927,/kaggle/working/real_text_10k_dataset/doc_g1927_rot270.jpg,3,270,2040152584.tif,val
1928,/kaggle/working/real_text_10k_dataset/doc_g1928_rot0.jpg,0,0,40043381-3382.tif,train
1928,/kaggle/working/real_text_10k_dataset/doc_g1928_rot90.jpg,1,90,40043381-3382.tif,train
1928,/kaggle/working/real_text_10k_dataset/doc_g1928_rot180.jpg,2,180,40043381-3382.tif,train
1928,/kaggle/working/real_text_10k_dataset/doc_g1928_rot270.jpg,3,270,40043381-3382.tif,train
1929,/kaggle/working/real_text_10k_dataset/doc_g1929_rot0.jpg,0,0,X51007339648.jpg,train
1929,/kaggle/working/real_text_10k_dataset/doc_g1929_rot90.jpg,1,90,X51007339648.jpg,train
1929,/kaggle/working/real_text_10k_dataset/doc_g1929_rot180.jpg,2,180,X51007339648.jpg,train
1929,/kaggle/working/real_text_10k_dataset/doc_g1929_rot270.jpg,3,270,X51007339648.jpg,train
1930,/kaggle/working/real_text_10k_dataset/doc_g1930_rot0.jpg,0,0,0060362351.tif,train
1930,/kaggle/working/real_text_10k_dataset/doc_g1930_rot90.jpg,1,90,0060362351.tif,train
1930,/kaggle/working/real_text_10k_dataset/doc_g1930_rot180.jpg,2,180,0060362351.tif,train
1930,/kaggle/working/real_text_10k_dataset/doc_g1930_rot270.jpg,3,270,0060362351.tif,train
1931,/kaggle/working/real_text_10k_dataset/doc_g1931_rot0.jpg,0,0,2065129105.tif,train
1931,/kaggle/working/real_text_10k_dataset/doc_g1931_rot90.jpg,1,90,2065129105.tif,train
1931,/kaggle/working/real_text_10k_dataset/doc_g1931_rot180.jpg,2,180,2065129105.tif,train
1931,/kaggle/working/real_text_10k_dataset/doc_g1931_rot270.jpg,3,270,2065129105.tif,train
1932,/kaggle/working/real_text_10k_dataset/doc_g1932_rot0.jpg,0,0,50636958-6959.tif,train
1932,/kaggle/working/real_text_10k_dataset/doc_g1932_rot90.jpg,1,90,50636958-6959.tif,train
1932,/kaggle/working/real_text_10k_dataset/doc_g1932_rot180.jpg,2,180,50636958-6959.tif,train
1932,/kaggle/working/real_text_10k_dataset/doc_g1932_rot270.jpg,3,270,50636958-6959.tif,train
1933,/kaggle/working/real_text_10k_dataset/doc_g1933_rot0.jpg,0,0,513317625+-7630.tif,train
1933,/kaggle/working/real_text_10k_dataset/doc_g1933_rot90.jpg,1,90,513317625+-7630.tif,train
1933,/kaggle/working/real_text_10k_dataset/doc_g1933_rot180.jpg,2,180,513317625+-7630.tif,train
1933,/kaggle/working/real_text_10k_dataset/doc_g1933_rot270.jpg,3,270,513317625+-7630.tif,train
1934,/kaggle/working/real_text_10k_dataset/doc_g1934_rot0.jpg,0,0,2070910002_0009.tif,test
1934,/kaggle/working/real_text_10k_dataset/doc_g1934_rot90.jpg,1,90,2070910002_0009.tif,test
1934,/kaggle/working/real_text_10k_dataset/doc_g1934_rot180.jpg,2,180,2070910002_0009.tif,test
1934,/kaggle/working/real_text_10k_dataset/doc_g1934_rot270.jpg,3,270,2070910002_0009.tif,test
1935,/kaggle/working/real_text_10k_dataset/doc_g1935_rot0.jpg,0,0,504564406+-4406.tif,val
1935,/kaggle/working/real_text_10k_dataset/doc_g1935_rot90.jpg,1,90,504564406+-4406.tif,val
1935,/kaggle/working/real_text_10k_dataset/doc_g1935_rot180.jpg,2,180,504564406+-4406.tif,val
1935,/kaggle/working/real_text_10k_dataset/doc_g1935_rot270.jpg,3,270,504564406+-4406.tif,val
1936,/kaggle/working/real_text_10k_dataset/doc_g1936_rot0.jpg,0,0,2057474778_2057474779.tif,train
1936,/kaggle/working/real_text_10k_dataset/doc_g1936_rot90.jpg,1,90,2057474778_2057474779.tif,train
1936,/kaggle/working/real_text_10k_dataset/doc_g1936_rot180.jpg,2,180,2057474778_2057474779.tif,train
1936,/kaggle/working/real_text_10k_dataset/doc_g1936_rot270.jpg,3,270,2057474778_2057474779.tif,train
1937,/kaggle/working/real_text_10k_dataset/doc_g1937_rot0.jpg,0,0,PUBLICATIONS019547-9.tif,train
1937,/kaggle/working/real_text_10k_dataset/doc_g1937_rot90.jpg,1,90,PUBLICATIONS019547-9.tif,train
1937,/kaggle/working/real_text_10k_dataset/doc_g1937_rot180.jpg,2,180,PUBLICATIONS019547-9.tif,train
1937,/kaggle/working/real_text_10k_dataset/doc_g1937_rot270.jpg,3,270,PUBLICATIONS019547-9.tif,train
1938,/kaggle/working/real_text_10k_dataset/doc_g1938_rot0.jpg,0,0,2047871176.tif,train
1938,/kaggle/working/real_text_10k_dataset/doc_g1938_rot90.jpg,1,90,2047871176.tif,train
1938,/kaggle/working/real_text_10k_dataset/doc_g1938_rot180.jpg,2,180,2047871176.tif,train
1938,/kaggle/working/real_text_10k_dataset/doc_g1938_rot270.jpg,3,270,2047871176.tif,train
1939,/kaggle/working/real_text_10k_dataset/doc_g1939_rot0.jpg,0,0,2058500713.tif,train
1939,/kaggle/working/real_text_10k_dataset/doc_g1939_rot90.jpg,1,90,2058500713.tif,train
1939,/kaggle/working/real_text_10k_dataset/doc_g1939_rot180.jpg,2,180,2058500713.tif,train
1939,/kaggle/working/real_text_10k_dataset/doc_g1939_rot270.jpg,3,270,2058500713.tif,train
1940,/kaggle/working/real_text_10k_dataset/doc_g1940_rot0.jpg,0,0,0060121687.tif,train
1940,/kaggle/working/real_text_10k_dataset/doc_g1940_rot90.jpg,1,90,0060121687.tif,train
1940,/kaggle/working/real_text_10k_dataset/doc_g1940_rot180.jpg,2,180,0060121687.tif,train
1940,/kaggle/working/real_text_10k_dataset/doc_g1940_rot270.jpg,3,270,0060121687.tif,train
1941,/kaggle/working/real_text_10k_dataset/doc_g1941_rot0.jpg,0,0,100.jpg,val
1941,/kaggle/working/real_text_10k_dataset/doc_g1941_rot90.jpg,1,90,100.jpg,val
1941,/kaggle/working/real_text_10k_dataset/doc_g1941_rot180.jpg,2,180,100.jpg,val
1941,/kaggle/working/real_text_10k_dataset/doc_g1941_rot270.jpg,3,270,100.jpg,val
1942,/kaggle/working/real_text_10k_dataset/doc_g1942_rot0.jpg,0,0,2040962379.tif,val
1942,/kaggle/working/real_text_10k_dataset/doc_g1942_rot90.jpg,1,90,2040962379.tif,val
1942,/kaggle/working/real_text_10k_dataset/doc_g1942_rot180.jpg,2,180,2040962379.tif,val
1942,/kaggle/working/real_text_10k_dataset/doc_g1942_rot270.jpg,3,270,2040962379.tif,val
1943,/kaggle/working/real_text_10k_dataset/doc_g1943_rot0.jpg,0,0,2023246401.tif,val
1943,/kaggle/working/real_text_10k_dataset/doc_g1943_rot90.jpg,1,90,2023246401.tif,val
1943,/kaggle/working/real_text_10k_dataset/doc_g1943_rot180.jpg,2,180,2023246401.tif,val
1943,/kaggle/working/real_text_10k_dataset/doc_g1943_rot270.jpg,3,270,2023246401.tif,val
1944,/kaggle/working/real_text_10k_dataset/doc_g1944_rot0.jpg,0,0,881.jpg,train
1944,/kaggle/working/real_text_10k_dataset/doc_g1944_rot90.jpg,1,90,881.jpg,train
1944,/kaggle/working/real_text_10k_dataset/doc_g1944_rot180.jpg,2,180,881.jpg,train
1944,/kaggle/working/real_text_10k_dataset/doc_g1944_rot270.jpg,3,270,881.jpg,train
1945,/kaggle/working/real_text_10k_dataset/doc_g1945_rot0.jpg,0,0,2069724726.tif,train
1945,/kaggle/working/real_text_10k_dataset/doc_g1945_rot90.jpg,1,90,2069724726.tif,train
1945,/kaggle/working/real_text_10k_dataset/doc_g1945_rot180.jpg,2,180,2069724726.tif,train
1945,/kaggle/working/real_text_10k_dataset/doc_g1945_rot270.jpg,3,270,2069724726.tif,train
1946,/kaggle/working/real_text_10k_dataset/doc_g1946_rot0.jpg,0,0,2028727520.tif,train
1946,/kaggle/working/real_text_10k_dataset/doc_g1946_rot90.jpg,1,90,2028727520.tif,train
1946,/kaggle/working/real_text_10k_dataset/doc_g1946_rot180.jpg,2,180,2028727520.tif,train
1946,/kaggle/working/real_text_10k_dataset/doc_g1946_rot270.jpg,3,270,2028727520.tif,train
1947,/kaggle/working/real_text_10k_dataset/doc_g1947_rot0.jpg,0,0,PUBLICATIONS029496-9.tif,train
1947,/kaggle/working/real_text_10k_dataset/doc_g1947_rot90.jpg,1,90,PUBLICATIONS029496-9.tif,train
1947,/kaggle/working/real_text_10k_dataset/doc_g1947_rot180.jpg,2,180,PUBLICATIONS029496-9.tif,train
1947,/kaggle/working/real_text_10k_dataset/doc_g1947_rot270.jpg,3,270,PUBLICATIONS029496-9.tif,train
1948,/kaggle/working/real_text_10k_dataset/doc_g1948_rot0.jpg,0,0,91652754_2755.tif,train
1948,/kaggle/working/real_text_10k_dataset/doc_g1948_rot90.jpg,1,90,91652754_2755.tif,train
1948,/kaggle/working/real_text_10k_dataset/doc_g1948_rot180.jpg,2,180,91652754_2755.tif,train
1948,/kaggle/working/real_text_10k_dataset/doc_g1948_rot270.jpg,3,270,91652754_2755.tif,train
1949,/kaggle/working/real_text_10k_dataset/doc_g1949_rot0.jpg,0,0,1005150042.tif,train
1949,/kaggle/working/real_text_10k_dataset/doc_g1949_rot90.jpg,1,90,1005150042.tif,train
1949,/kaggle/working/real_text_10k_dataset/doc_g1949_rot180.jpg,2,180,1005150042.tif,train
1949,/kaggle/working/real_text_10k_dataset/doc_g1949_rot270.jpg,3,270,1005150042.tif,train
1950,/kaggle/working/real_text_10k_dataset/doc_g1950_rot0.jpg,0,0,2072281170.tif,train
1950,/kaggle/working/real_text_10k_dataset/doc_g1950_rot90.jpg,1,90,2072281170.tif,train
1950,/kaggle/working/real_text_10k_dataset/doc_g1950_rot180.jpg,2,180,2072281170.tif,train
1950,/kaggle/working/real_text_10k_dataset/doc_g1950_rot270.jpg,3,270,2072281170.tif,train
1951,/kaggle/working/real_text_10k_dataset/doc_g1951_rot0.jpg,0,0,2085122066a.tif,train
1951,/kaggle/working/real_text_10k_dataset/doc_g1951_rot90.jpg,1,90,2085122066a.tif,train
1951,/kaggle/working/real_text_10k_dataset/doc_g1951_rot180.jpg,2,180,2085122066a.tif,train
1951,/kaggle/working/real_text_10k_dataset/doc_g1951_rot270.jpg,3,270,2085122066a.tif,train
1952,/kaggle/working/real_text_10k_dataset/doc_g1952_rot0.jpg,0,0,176.jpg,test
1952,/kaggle/working/real_text_10k_dataset/doc_g1952_rot90.jpg,1,90,176.jpg,test
1952,/kaggle/working/real_text_10k_dataset/doc_g1952_rot180.jpg,2,180,176.jpg,test
1952,/kaggle/working/real_text_10k_dataset/doc_g1952_rot270.jpg,3,270,176.jpg,test
1953,/kaggle/working/real_text_10k_dataset/doc_g1953_rot0.jpg,0,0,506272653_506272654.tif,val
1953,/kaggle/working/real_text_10k_dataset/doc_g1953_rot90.jpg,1,90,506272653_506272654.tif,val
1953,/kaggle/working/real_text_10k_dataset/doc_g1953_rot180.jpg,2,180,506272653_506272654.tif,val
1953,/kaggle/working/real_text_10k_dataset/doc_g1953_rot270.jpg,3,270,506272653_506272654.tif,val
1954,/kaggle/working/real_text_10k_dataset/doc_g1954_rot0.jpg,0,0,tnwl0044516_4517.tif,test
1954,/kaggle/working/real_text_10k_dataset/doc_g1954_rot90.jpg,1,90,tnwl0044516_4517.tif,test
1954,/kaggle/working/real_text_10k_dataset/doc_g1954_rot180.jpg,2,180,tnwl0044516_4517.tif,test
1954,/kaggle/working/real_text_10k_dataset/doc_g1954_rot270.jpg,3,270,tnwl0044516_4517.tif,test
1955,/kaggle/working/real_text_10k_dataset/doc_g1955_rot0.jpg,0,0,50618191-8192.tif,train
1955,/kaggle/working/real_text_10k_dataset/doc_g1955_rot90.jpg,1,90,50618191-8192.tif,train
1955,/kaggle/working/real_text_10k_dataset/doc_g1955_rot180.jpg,2,180,50618191-8192.tif,train
1955,/kaggle/working/real_text_10k_dataset/doc_g1955_rot270.jpg,3,270,50618191-8192.tif,train
1956,/kaggle/working/real_text_10k_dataset/doc_g1956_rot0.jpg,0,0,85072427.tif,train
1956,/kaggle/working/real_text_10k_dataset/doc_g1956_rot90.jpg,1,90,85072427.tif,train
1956,/kaggle/working/real_text_10k_dataset/doc_g1956_rot180.jpg,2,180,85072427.tif,train
1956,/kaggle/working/real_text_10k_dataset/doc_g1956_rot270.jpg,3,270,85072427.tif,train
1957,/kaggle/working/real_text_10k_dataset/doc_g1957_rot0.jpg,0,0,0030049394.tif,train
1957,/kaggle/working/real_text_10k_dataset/doc_g1957_rot90.jpg,1,90,0030049394.tif,train
1957,/kaggle/working/real_text_10k_dataset/doc_g1957_rot180.jpg,2,180,0030049394.tif,train
1957,/kaggle/working/real_text_10k_dataset/doc_g1957_rot270.jpg,3,270,0030049394.tif,train
1958,/kaggle/working/real_text_10k_dataset/doc_g1958_rot0.jpg,0,0,50454081-4082.tif,test
1958,/kaggle/working/real_text_10k_dataset/doc_g1958_rot90.jpg,1,90,50454081-4082.tif,test
1958,/kaggle/working/real_text_10k_dataset/doc_g1958_rot180.jpg,2,180,50454081-4082.tif,test
1958,/kaggle/working/real_text_10k_dataset/doc_g1958_rot270.jpg,3,270,50454081-4082.tif,test
1959,/kaggle/working/real_text_10k_dataset/doc_g1959_rot0.jpg,0,0,2069720141.tif,val
1959,/kaggle/working/real_text_10k_dataset/doc_g1959_rot90.jpg,1,90,2069720141.tif,val
1959,/kaggle/working/real_text_10k_dataset/doc_g1959_rot180.jpg,2,180,2069720141.tif,val
1959,/kaggle/working/real_text_10k_dataset/doc_g1959_rot270.jpg,3,270,2069720141.tif,val
1960,/kaggle/working/real_text_10k_dataset/doc_g1960_rot0.jpg,0,0,2078491174.tif,train
1960,/kaggle/working/real_text_10k_dataset/doc_g1960_rot90.jpg,1,90,2078491174.tif,train
1960,/kaggle/working/real_text_10k_dataset/doc_g1960_rot180.jpg,2,180,2078491174.tif,train
1960,/kaggle/working/real_text_10k_dataset/doc_g1960_rot270.jpg,3,270,2078491174.tif,train
1961,/kaggle/working/real_text_10k_dataset/doc_g1961_rot0.jpg,0,0,88295158_5159.tif,train
1961,/kaggle/working/real_text_10k_dataset/doc_g1961_rot90.jpg,1,90,88295158_5159.tif,train
1961,/kaggle/working/real_text_10k_dataset/doc_g1961_rot180.jpg,2,180,88295158_5159.tif,train
1961,/kaggle/working/real_text_10k_dataset/doc_g1961_rot270.jpg,3,270,88295158_5159.tif,train
1962,/kaggle/working/real_text_10k_dataset/doc_g1962_rot0.jpg,0,0,2501393309.tif,val
1962,/kaggle/working/real_text_10k_dataset/doc_g1962_rot90.jpg,1,90,2501393309.tif,val
1962,/kaggle/working/real_text_10k_dataset/doc_g1962_rot180.jpg,2,180,2501393309.tif,val
1962,/kaggle/working/real_text_10k_dataset/doc_g1962_rot270.jpg,3,270,2501393309.tif,val
1963,/kaggle/working/real_text_10k_dataset/doc_g1963_rot0.jpg,0,0,1002761525.tif,test
1963,/kaggle/working/real_text_10k_dataset/doc_g1963_rot90.jpg,1,90,1002761525.tif,test
1963,/kaggle/working/real_text_10k_dataset/doc_g1963_rot180.jpg,2,180,1002761525.tif,test
1963,/kaggle/working/real_text_10k_dataset/doc_g1963_rot270.jpg,3,270,1002761525.tif,test
1964,/kaggle/working/real_text_10k_dataset/doc_g1964_rot0.jpg,0,0,2083776549_6550.tif,train
1964,/kaggle/working/real_text_10k_dataset/doc_g1964_rot90.jpg,1,90,2083776549_6550.tif,train
1964,/kaggle/working/real_text_10k_dataset/doc_g1964_rot180.jpg,2,180,2083776549_6550.tif,train
1964,/kaggle/working/real_text_10k_dataset/doc_g1964_rot270.jpg,3,270,2083776549_6550.tif,train
1965,/kaggle/working/real_text_10k_dataset/doc_g1965_rot0.jpg,0,0,2058232764_2791.tif,train
1965,/kaggle/working/real_text_10k_dataset/doc_g1965_rot90.jpg,1,90,2058232764_2791.tif,train
1965,/kaggle/working/real_text_10k_dataset/doc_g1965_rot180.jpg,2,180,2058232764_2791.tif,train
1965,/kaggle/working/real_text_10k_dataset/doc_g1965_rot270.jpg,3,270,2058232764_2791.tif,train
1966,/kaggle/working/real_text_10k_dataset/doc_g1966_rot0.jpg,0,0,2024232821_2024232841.tif,train
1966,/kaggle/working/real_text_10k_dataset/doc_g1966_rot90.jpg,1,90,2024232821_2024232841.tif,train
1966,/kaggle/working/real_text_10k_dataset/doc_g1966_rot180.jpg,2,180,2024232821_2024232841.tif,train
1966,/kaggle/working/real_text_10k_dataset/doc_g1966_rot270.jpg,3,270,2024232821_2024232841.tif,train
1967,/kaggle/working/real_text_10k_dataset/doc_g1967_rot0.jpg,0,0,518303544+-3544.tif,val
1967,/kaggle/working/real_text_10k_dataset/doc_g1967_rot90.jpg,1,90,518303544+-3544.tif,val
1967,/kaggle/working/real_text_10k_dataset/doc_g1967_rot180.jpg,2,180,518303544+-3544.tif,val
1967,/kaggle/working/real_text_10k_dataset/doc_g1967_rot270.jpg,3,270,518303544+-3544.tif,val
1968,/kaggle/working/real_text_10k_dataset/doc_g1968_rot0.jpg,0,0,507685403_507685452.tif,train
1968,/kaggle/working/real_text_10k_dataset/doc_g1968_rot90.jpg,1,90,507685403_507685452.tif,train
1968,/kaggle/working/real_text_10k_dataset/doc_g1968_rot180.jpg,2,180,507685403_507685452.tif,train
1968,/kaggle/working/real_text_10k_dataset/doc_g1968_rot270.jpg,3,270,507685403_507685452.tif,train
1969,/kaggle/working/real_text_10k_dataset/doc_g1969_rot0.jpg,0,0,2073416538.tif,train
1969,/kaggle/working/real_text_10k_dataset/doc_g1969_rot90.jpg,1,90,2073416538.tif,train
1969,/kaggle/working/real_text_10k_dataset/doc_g1969_rot180.jpg,2,180,2073416538.tif,train
1969,/kaggle/working/real_text_10k_dataset/doc_g1969_rot270.jpg,3,270,2073416538.tif,train
1970,/kaggle/working/real_text_10k_dataset/doc_g1970_rot0.jpg,0,0,749.jpg,train
1970,/kaggle/working/real_text_10k_dataset/doc_g1970_rot90.jpg,1,90,749.jpg,train
1970,/kaggle/working/real_text_10k_dataset/doc_g1970_rot180.jpg,2,180,749.jpg,train
1970,/kaggle/working/real_text_10k_dataset/doc_g1970_rot270.jpg,3,270,749.jpg,train
1971,/kaggle/working/real_text_10k_dataset/doc_g1971_rot0.jpg,0,0,2021585828_2021585843.tif,train
1971,/kaggle/working/real_text_10k_dataset/doc_g1971_rot90.jpg,1,90,2021585828_2021585843.tif,train
1971,/kaggle/working/real_text_10k_dataset/doc_g1971_rot180.jpg,2,180,2021585828_2021585843.tif,train
1971,/kaggle/working/real_text_10k_dataset/doc_g1971_rot270.jpg,3,270,2021585828_2021585843.tif,train
1972,/kaggle/working/real_text_10k_dataset/doc_g1972_rot0.jpg,0,0,91515343.tif,train
1972,/kaggle/working/real_text_10k_dataset/doc_g1972_rot90.jpg,1,90,91515343.tif,train
1972,/kaggle/working/real_text_10k_dataset/doc_g1972_rot180.jpg,2,180,91515343.tif,train
1972,/kaggle/working/real_text_10k_dataset/doc_g1972_rot270.jpg,3,270,91515343.tif,train
1973,/kaggle/working/real_text_10k_dataset/doc_g1973_rot0.jpg,0,0,0060013545.tif,val
1973,/kaggle/working/real_text_10k_dataset/doc_g1973_rot90.jpg,1,90,0060013545.tif,val
1973,/kaggle/working/real_text_10k_dataset/doc_g1973_rot180.jpg,2,180,0060013545.tif,val
1973,/kaggle/working/real_text_10k_dataset/doc_g1973_rot270.jpg,3,270,0060013545.tif,val
1974,/kaggle/working/real_text_10k_dataset/doc_g1974_rot0.jpg,0,0,502594390.tif,train
1974,/kaggle/working/real_text_10k_dataset/doc_g1974_rot90.jpg,1,90,502594390.tif,train
1974,/kaggle/working/real_text_10k_dataset/doc_g1974_rot180.jpg,2,180,502594390.tif,train
1974,/kaggle/working/real_text_10k_dataset/doc_g1974_rot270.jpg,3,270,502594390.tif,train
1975,/kaggle/working/real_text_10k_dataset/doc_g1975_rot0.jpg,0,0,529210325+-0326.tif,train
1975,/kaggle/working/real_text_10k_dataset/doc_g1975_rot90.jpg,1,90,529210325+-0326.tif,train
1975,/kaggle/working/real_text_10k_dataset/doc_g1975_rot180.jpg,2,180,529210325+-0326.tif,train
1975,/kaggle/working/real_text_10k_dataset/doc_g1975_rot270.jpg,3,270,529210325+-0326.tif,train
1976,/kaggle/working/real_text_10k_dataset/doc_g1976_rot0.jpg,0,0,2501639379_2501639380.tif,test
1976,/kaggle/working/real_text_10k_dataset/doc_g1976_rot90.jpg,1,90,2501639379_2501639380.tif,test
1976,/kaggle/working/real_text_10k_dataset/doc_g1976_rot180.jpg,2,180,2501639379_2501639380.tif,test
1976,/kaggle/working/real_text_10k_dataset/doc_g1976_rot270.jpg,3,270,2501639379_2501639380.tif,test
1977,/kaggle/working/real_text_10k_dataset/doc_g1977_rot0.jpg,0,0,517547345+-7347.tif,train
1977,/kaggle/working/real_text_10k_dataset/doc_g1977_rot90.jpg,1,90,517547345+-7347.tif,train
1977,/kaggle/working/real_text_10k_dataset/doc_g1977_rot180.jpg,2,180,517547345+-7347.tif,train
1977,/kaggle/working/real_text_10k_dataset/doc_g1977_rot270.jpg,3,270,517547345+-7347.tif,train
1978,/kaggle/working/real_text_10k_dataset/doc_g1978_rot0.jpg,0,0,503260186_503260190.tif,train
1978,/kaggle/working/real_text_10k_dataset/doc_g1978_rot90.jpg,1,90,503260186_503260190.tif,train
1978,/kaggle/working/real_text_10k_dataset/doc_g1978_rot180.jpg,2,180,503260186_503260190.tif,train
1978,/kaggle/working/real_text_10k_dataset/doc_g1978_rot270.jpg,3,270,503260186_503260190.tif,train
1979,/kaggle/working/real_text_10k_dataset/doc_g1979_rot0.jpg,0,0,50633625-3626.tif,train
1979,/kaggle/working/real_text_10k_dataset/doc_g1979_rot90.jpg,1,90,50633625-3626.tif,train
1979,/kaggle/working/real_text_10k_dataset/doc_g1979_rot180.jpg,2,180,50633625-3626.tif,train
1979,/kaggle/working/real_text_10k_dataset/doc_g1979_rot270.jpg,3,270,50633625-3626.tif,train
1980,/kaggle/working/real_text_10k_dataset/doc_g1980_rot0.jpg,0,0,00860311_0330.tif,train
1980,/kaggle/working/real_text_10k_dataset/doc_g1980_rot90.jpg,1,90,00860311_0330.tif,train
1980,/kaggle/working/real_text_10k_dataset/doc_g1980_rot180.jpg,2,180,00860311_0330.tif,train
1980,/kaggle/working/real_text_10k_dataset/doc_g1980_rot270.jpg,3,270,00860311_0330.tif,train
1981,/kaggle/working/real_text_10k_dataset/doc_g1981_rot0.jpg,0,0,83925160_5161.tif,train
1981,/kaggle/working/real_text_10k_dataset/doc_g1981_rot90.jpg,1,90,83925160_5161.tif,train
1981,/kaggle/working/real_text_10k_dataset/doc_g1981_rot180.jpg,2,180,83925160_5161.tif,train
1981,/kaggle/working/real_text_10k_dataset/doc_g1981_rot270.jpg,3,270,83925160_5161.tif,train
1982,/kaggle/working/real_text_10k_dataset/doc_g1982_rot0.jpg,0,0,99171310_1312.tif,train
1982,/kaggle/working/real_text_10k_dataset/doc_g1982_rot90.jpg,1,90,99171310_1312.tif,train
1982,/kaggle/working/real_text_10k_dataset/doc_g1982_rot180.jpg,2,180,99171310_1312.tif,train
1982,/kaggle/working/real_text_10k_dataset/doc_g1982_rot270.jpg,3,270,99171310_1312.tif,train
1983,/kaggle/working/real_text_10k_dataset/doc_g1983_rot0.jpg,0,0,92248288.tif,train
1983,/kaggle/working/real_text_10k_dataset/doc_g1983_rot90.jpg,1,90,92248288.tif,train
1983,/kaggle/working/real_text_10k_dataset/doc_g1983_rot180.jpg,2,180,92248288.tif,train
1983,/kaggle/working/real_text_10k_dataset/doc_g1983_rot270.jpg,3,270,92248288.tif,train
1984,/kaggle/working/real_text_10k_dataset/doc_g1984_rot0.jpg,0,0,0060217053.tif,train
1984,/kaggle/working/real_text_10k_dataset/doc_g1984_rot90.jpg,1,90,0060217053.tif,train
1984,/kaggle/working/real_text_10k_dataset/doc_g1984_rot180.jpg,2,180,0060217053.tif,train
1984,/kaggle/working/real_text_10k_dataset/doc_g1984_rot270.jpg,3,270,0060217053.tif,train
1985,/kaggle/working/real_text_10k_dataset/doc_g1985_rot0.jpg,0,0,11278237.tif,val
1985,/kaggle/working/real_text_10k_dataset/doc_g1985_rot90.jpg,1,90,11278237.tif,val
1985,/kaggle/working/real_text_10k_dataset/doc_g1985_rot180.jpg,2,180,11278237.tif,val
1985,/kaggle/working/real_text_10k_dataset/doc_g1985_rot270.jpg,3,270,11278237.tif,val
1986,/kaggle/working/real_text_10k_dataset/doc_g1986_rot0.jpg,0,0,01409569.tif,test
1986,/kaggle/working/real_text_10k_dataset/doc_g1986_rot90.jpg,1,90,01409569.tif,test
1986,/kaggle/working/real_text_10k_dataset/doc_g1986_rot180.jpg,2,180,01409569.tif,test
1986,/kaggle/working/real_text_10k_dataset/doc_g1986_rot270.jpg,3,270,01409569.tif,test
1987,/kaggle/working/real_text_10k_dataset/doc_g1987_rot0.jpg,0,0,2057658527.tif,train
1987,/kaggle/working/real_text_10k_dataset/doc_g1987_rot90.jpg,1,90,2057658527.tif,train
1987,/kaggle/working/real_text_10k_dataset/doc_g1987_rot180.jpg,2,180,2057658527.tif,train
1987,/kaggle/working/real_text_10k_dataset/doc_g1987_rot270.jpg,3,270,2057658527.tif,train
1988,/kaggle/working/real_text_10k_dataset/doc_g1988_rot0.jpg,0,0,40041342-1343.tif,train
1988,/kaggle/working/real_text_10k_dataset/doc_g1988_rot90.jpg,1,90,40041342-1343.tif,train
1988,/kaggle/working/real_text_10k_dataset/doc_g1988_rot180.jpg,2,180,40041342-1343.tif,train
1988,/kaggle/working/real_text_10k_dataset/doc_g1988_rot270.jpg,3,270,40041342-1343.tif,train
1989,/kaggle/working/real_text_10k_dataset/doc_g1989_rot0.jpg,0,0,2047416659.tif,train
1989,/kaggle/working/real_text_10k_dataset/doc_g1989_rot90.jpg,1,90,2047416659.tif,train
1989,/kaggle/working/real_text_10k_dataset/doc_g1989_rot180.jpg,2,180,2047416659.tif,train
1989,/kaggle/working/real_text_10k_dataset/doc_g1989_rot270.jpg,3,270,2047416659.tif,train
1990,/kaggle/working/real_text_10k_dataset/doc_g1990_rot0.jpg,0,0,50382078-2078.tif,train
1990,/kaggle/working/real_text_10k_dataset/doc_g1990_rot90.jpg,1,90,50382078-2078.tif,train
1990,/kaggle/working/real_text_10k_dataset/doc_g1990_rot180.jpg,2,180,50382078-2078.tif,train
1990,/kaggle/working/real_text_10k_dataset/doc_g1990_rot270.jpg,3,270,50382078-2078.tif,train
1991,/kaggle/working/real_text_10k_dataset/doc_g1991_rot0.jpg,0,0,2069735645.tif,val
1991,/kaggle/working/real_text_10k_dataset/doc_g1991_rot90.jpg,1,90,2069735645.tif,val
1991,/kaggle/working/real_text_10k_dataset/doc_g1991_rot180.jpg,2,180,2069735645.tif,val
1991,/kaggle/working/real_text_10k_dataset/doc_g1991_rot270.jpg,3,270,2069735645.tif,val
1992,/kaggle/working/real_text_10k_dataset/doc_g1992_rot0.jpg,0,0,84464689_4697.tif,train
1992,/kaggle/working/real_text_10k_dataset/doc_g1992_rot90.jpg,1,90,84464689_4697.tif,train
1992,/kaggle/working/real_text_10k_dataset/doc_g1992_rot180.jpg,2,180,84464689_4697.tif,train
1992,/kaggle/working/real_text_10k_dataset/doc_g1992_rot270.jpg,3,270,84464689_4697.tif,train
1993,/kaggle/working/real_text_10k_dataset/doc_g1993_rot0.jpg,0,0,505933457+-3469.tif,train
1993,/kaggle/working/real_text_10k_dataset/doc_g1993_rot90.jpg,1,90,505933457+-3469.tif,train
1993,/kaggle/working/real_text_10k_dataset/doc_g1993_rot180.jpg,2,180,505933457+-3469.tif,train
1993,/kaggle/working/real_text_10k_dataset/doc_g1993_rot270.jpg,3,270,505933457+-3469.tif,train
1994,/kaggle/working/real_text_10k_dataset/doc_g1994_rot0.jpg,0,0,2069714809.tif,train
1994,/kaggle/working/real_text_10k_dataset/doc_g1994_rot90.jpg,1,90,2069714809.tif,train
1994,/kaggle/working/real_text_10k_dataset/doc_g1994_rot180.jpg,2,180,2069714809.tif,train
1994,/kaggle/working/real_text_10k_dataset/doc_g1994_rot270.jpg,3,270,2069714809.tif,train
1995,/kaggle/working/real_text_10k_dataset/doc_g1995_rot0.jpg,0,0,2077228793a.tif,train
1995,/kaggle/working/real_text_10k_dataset/doc_g1995_rot90.jpg,1,90,2077228793a.tif,train
1995,/kaggle/working/real_text_10k_dataset/doc_g1995_rot180.jpg,2,180,2077228793a.tif,train
1995,/kaggle/working/real_text_10k_dataset/doc_g1995_rot270.jpg,3,270,2077228793a.tif,train
1996,/kaggle/working/real_text_10k_dataset/doc_g1996_rot0.jpg,0,0,2026386904.tif,train
1996,/kaggle/working/real_text_10k_dataset/doc_g1996_rot90.jpg,1,90,2026386904.tif,train
1996,/kaggle/working/real_text_10k_dataset/doc_g1996_rot180.jpg,2,180,2026386904.tif,train
1996,/kaggle/working/real_text_10k_dataset/doc_g1996_rot270.jpg,3,270,2026386904.tif,train
1997,/kaggle/working/real_text_10k_dataset/doc_g1997_rot0.jpg,0,0,2015021535_2015021540.tif,train
1997,/kaggle/working/real_text_10k_dataset/doc_g1997_rot90.jpg,1,90,2015021535_2015021540.tif,train
1997,/kaggle/working/real_text_10k_dataset/doc_g1997_rot180.jpg,2,180,2015021535_2015021540.tif,train
1997,/kaggle/working/real_text_10k_dataset/doc_g1997_rot270.jpg,3,270,2015021535_2015021540.tif,train
1998,/kaggle/working/real_text_10k_dataset/doc_g1998_rot0.jpg,0,0,0001377653.tif,train
1998,/kaggle/working/real_text_10k_dataset/doc_g1998_rot90.jpg,1,90,0001377653.tif,train
1998,/kaggle/working/real_text_10k_dataset/doc_g1998_rot180.jpg,2,180,0001377653.tif,train
1998,/kaggle/working/real_text_10k_dataset/doc_g1998_rot270.jpg,3,270,0001377653.tif,train
1999,/kaggle/working/real_text_10k_dataset/doc_g1999_rot0.jpg,0,0,tnwl0009791.tif,train
1999,/kaggle/working/real_text_10k_dataset/doc_g1999_rot90.jpg,1,90,tnwl0009791.tif,train
1999,/kaggle/working/real_text_10k_dataset/doc_g1999_rot180.jpg,2,180,tnwl0009791.tif,train
1999,/kaggle/working/real_text_10k_dataset/doc_g1999_rot270.jpg,3,270,tnwl0009791.tif,train
2000,/kaggle/working/real_text_10k_dataset/doc_g2000_rot0.jpg,0,0,50603497-3502.tif,train
2000,/kaggle/working/real_text_10k_dataset/doc_g2000_rot90.jpg,1,90,50603497-3502.tif,train
2000,/kaggle/working/real_text_10k_dataset/doc_g2000_rot180.jpg,2,180,50603497-3502.tif,train
2000,/kaggle/working/real_text_10k_dataset/doc_g2000_rot270.jpg,3,270,50603497-3502.tif,train
2001,/kaggle/working/real_text_10k_dataset/doc_g2001_rot0.jpg,0,0,2054941253_2054941254.tif,train
2001,/kaggle/working/real_text_10k_dataset/doc_g2001_rot90.jpg,1,90,2054941253_2054941254.tif,train
2001,/kaggle/working/real_text_10k_dataset/doc_g2001_rot180.jpg,2,180,2054941253_2054941254.tif,train
2001,/kaggle/working/real_text_10k_dataset/doc_g2001_rot270.jpg,3,270,2054941253_2054941254.tif,train
2002,/kaggle/working/real_text_10k_dataset/doc_g2002_rot0.jpg,0,0,509138663+-8664.tif,val
2002,/kaggle/working/real_text_10k_dataset/doc_g2002_rot90.jpg,1,90,509138663+-8664.tif,val
2002,/kaggle/working/real_text_10k_dataset/doc_g2002_rot180.jpg,2,180,509138663+-8664.tif,val
2002,/kaggle/working/real_text_10k_dataset/doc_g2002_rot270.jpg,3,270,509138663+-8664.tif,val
2003,/kaggle/working/real_text_10k_dataset/doc_g2003_rot0.jpg,0,0,10002908.tif,train
2003,/kaggle/working/real_text_10k_dataset/doc_g2003_rot90.jpg,1,90,10002908.tif,train
2003,/kaggle/working/real_text_10k_dataset/doc_g2003_rot180.jpg,2,180,10002908.tif,train
2003,/kaggle/working/real_text_10k_dataset/doc_g2003_rot270.jpg,3,270,10002908.tif,train
2004,/kaggle/working/real_text_10k_dataset/doc_g2004_rot0.jpg,0,0,87160454_87160468.tif,train
2004,/kaggle/working/real_text_10k_dataset/doc_g2004_rot90.jpg,1,90,87160454_87160468.tif,train
2004,/kaggle/working/real_text_10k_dataset/doc_g2004_rot180.jpg,2,180,87160454_87160468.tif,train
2004,/kaggle/working/real_text_10k_dataset/doc_g2004_rot270.jpg,3,270,87160454_87160468.tif,train
2005,/kaggle/working/real_text_10k_dataset/doc_g2005_rot0.jpg,0,0,94507733_7735.tif,val
2005,/kaggle/working/real_text_10k_dataset/doc_g2005_rot90.jpg,1,90,94507733_7735.tif,val
2005,/kaggle/working/real_text_10k_dataset/doc_g2005_rot180.jpg,2,180,94507733_7735.tif,val
2005,/kaggle/working/real_text_10k_dataset/doc_g2005_rot270.jpg,3,270,94507733_7735.tif,val
2006,/kaggle/working/real_text_10k_dataset/doc_g2006_rot0.jpg,0,0,tob08109.14.tif,train
2006,/kaggle/working/real_text_10k_dataset/doc_g2006_rot90.jpg,1,90,tob08109.14.tif,train
2006,/kaggle/working/real_text_10k_dataset/doc_g2006_rot180.jpg,2,180,tob08109.14.tif,train
2006,/kaggle/working/real_text_10k_dataset/doc_g2006_rot270.jpg,3,270,tob08109.14.tif,train
2007,/kaggle/working/real_text_10k_dataset/doc_g2007_rot0.jpg,0,0,95602734.tif,train
2007,/kaggle/working/real_text_10k_dataset/doc_g2007_rot90.jpg,1,90,95602734.tif,train
2007,/kaggle/working/real_text_10k_dataset/doc_g2007_rot180.jpg,2,180,95602734.tif,train
2007,/kaggle/working/real_text_10k_dataset/doc_g2007_rot270.jpg,3,270,95602734.tif,train
2008,/kaggle/working/real_text_10k_dataset/doc_g2008_rot0.jpg,0,0,159.jpg,train
2008,/kaggle/working/real_text_10k_dataset/doc_g2008_rot90.jpg,1,90,159.jpg,train
2008,/kaggle/working/real_text_10k_dataset/doc_g2008_rot180.jpg,2,180,159.jpg,train
2008,/kaggle/working/real_text_10k_dataset/doc_g2008_rot270.jpg,3,270,159.jpg,train
2009,/kaggle/working/real_text_10k_dataset/doc_g2009_rot0.jpg,0,0,502597439.tif,val
2009,/kaggle/working/real_text_10k_dataset/doc_g2009_rot90.jpg,1,90,502597439.tif,val
2009,/kaggle/working/real_text_10k_dataset/doc_g2009_rot180.jpg,2,180,502597439.tif,val
2009,/kaggle/working/real_text_10k_dataset/doc_g2009_rot270.jpg,3,270,502597439.tif,val
2010,/kaggle/working/real_text_10k_dataset/doc_g2010_rot0.jpg,0,0,2085798141b.tif,test
2010,/kaggle/working/real_text_10k_dataset/doc_g2010_rot90.jpg,1,90,2085798141b.tif,test
2010,/kaggle/working/real_text_10k_dataset/doc_g2010_rot180.jpg,2,180,2085798141b.tif,test
2010,/kaggle/working/real_text_10k_dataset/doc_g2010_rot270.jpg,3,270,2085798141b.tif,test
2011,/kaggle/working/real_text_10k_dataset/doc_g2011_rot0.jpg,0,0,2070437930d_7931.tif,train
2011,/kaggle/working/real_text_10k_dataset/doc_g2011_rot90.jpg,1,90,2070437930d_7931.tif,train
2011,/kaggle/working/real_text_10k_dataset/doc_g2011_rot180.jpg,2,180,2070437930d_7931.tif,train
2011,/kaggle/working/real_text_10k_dataset/doc_g2011_rot270.jpg,3,270,2070437930d_7931.tif,train
2012,/kaggle/working/real_text_10k_dataset/doc_g2012_rot0.jpg,0,0,2042332129.tif,train
2012,/kaggle/working/real_text_10k_dataset/doc_g2012_rot90.jpg,1,90,2042332129.tif,train
2012,/kaggle/working/real_text_10k_dataset/doc_g2012_rot180.jpg,2,180,2042332129.tif,train
2012,/kaggle/working/real_text_10k_dataset/doc_g2012_rot270.jpg,3,270,2042332129.tif,train
2013,/kaggle/working/real_text_10k_dataset/doc_g2013_rot0.jpg,0,0,50619568-9569.tif,train
2013,/kaggle/working/real_text_10k_dataset/doc_g2013_rot90.jpg,1,90,50619568-9569.tif,train
2013,/kaggle/working/real_text_10k_dataset/doc_g2013_rot180.jpg,2,180,50619568-9569.tif,train
2013,/kaggle/working/real_text_10k_dataset/doc_g2013_rot270.jpg,3,270,50619568-9569.tif,train
2014,/kaggle/working/real_text_10k_dataset/doc_g2014_rot0.jpg,0,0,2078463823.tif,train
2014,/kaggle/working/real_text_10k_dataset/doc_g2014_rot90.jpg,1,90,2078463823.tif,train
2014,/kaggle/working/real_text_10k_dataset/doc_g2014_rot180.jpg,2,180,2078463823.tif,train
2014,/kaggle/working/real_text_10k_dataset/doc_g2014_rot270.jpg,3,270,2078463823.tif,train
2015,/kaggle/working/real_text_10k_dataset/doc_g2015_rot0.jpg,0,0,04003103.tif,train
2015,/kaggle/working/real_text_10k_dataset/doc_g2015_rot90.jpg,1,90,04003103.tif,train
2015,/kaggle/working/real_text_10k_dataset/doc_g2015_rot180.jpg,2,180,04003103.tif,train
2015,/kaggle/working/real_text_10k_dataset/doc_g2015_rot270.jpg,3,270,04003103.tif,train
2016,/kaggle/working/real_text_10k_dataset/doc_g2016_rot0.jpg,0,0,83613711a_3711b.tif,val
2016,/kaggle/working/real_text_10k_dataset/doc_g2016_rot90.jpg,1,90,83613711a_3711b.tif,val
2016,/kaggle/working/real_text_10k_dataset/doc_g2016_rot180.jpg,2,180,83613711a_3711b.tif,val
2016,/kaggle/working/real_text_10k_dataset/doc_g2016_rot270.jpg,3,270,83613711a_3711b.tif,val
2017,/kaggle/working/real_text_10k_dataset/doc_g2017_rot0.jpg,0,0,2057480458_2057480467.tif,test
2017,/kaggle/working/real_text_10k_dataset/doc_g2017_rot90.jpg,1,90,2057480458_2057480467.tif,test
2017,/kaggle/working/real_text_10k_dataset/doc_g2017_rot180.jpg,2,180,2057480458_2057480467.tif,test
2017,/kaggle/working/real_text_10k_dataset/doc_g2017_rot270.jpg,3,270,2057480458_2057480467.tif,test
2018,/kaggle/working/real_text_10k_dataset/doc_g2018_rot0.jpg,0,0,2029196398.tif,test
2018,/kaggle/working/real_text_10k_dataset/doc_g2018_rot90.jpg,1,90,2029196398.tif,test
2018,/kaggle/working/real_text_10k_dataset/doc_g2018_rot180.jpg,2,180,2029196398.tif,test
2018,/kaggle/working/real_text_10k_dataset/doc_g2018_rot270.jpg,3,270,2029196398.tif,test
2019,/kaggle/working/real_text_10k_dataset/doc_g2019_rot0.jpg,0,0,tob08905.59.tif,train
2019,/kaggle/working/real_text_10k_dataset/doc_g2019_rot90.jpg,1,90,tob08905.59.tif,train
2019,/kaggle/working/real_text_10k_dataset/doc_g2019_rot180.jpg,2,180,tob08905.59.tif,train
2019,/kaggle/working/real_text_10k_dataset/doc_g2019_rot270.jpg,3,270,tob08905.59.tif,train
2020,/kaggle/working/real_text_10k_dataset/doc_g2020_rot0.jpg,0,0,80211497.tif,train
2020,/kaggle/working/real_text_10k_dataset/doc_g2020_rot90.jpg,1,90,80211497.tif,train
2020,/kaggle/working/real_text_10k_dataset/doc_g2020_rot180.jpg,2,180,80211497.tif,train
2020,/kaggle/working/real_text_10k_dataset/doc_g2020_rot270.jpg,3,270,80211497.tif,train
2021,/kaggle/working/real_text_10k_dataset/doc_g2021_rot0.jpg,0,0,0060063779.tif,test
2021,/kaggle/working/real_text_10k_dataset/doc_g2021_rot90.jpg,1,90,0060063779.tif,test
2021,/kaggle/working/real_text_10k_dataset/doc_g2021_rot180.jpg,2,180,0060063779.tif,test
2021,/kaggle/working/real_text_10k_dataset/doc_g2021_rot270.jpg,3,270,0060063779.tif,test
2022,/kaggle/working/real_text_10k_dataset/doc_g2022_rot0.jpg,0,0,2073415682.tif,train
2022,/kaggle/working/real_text_10k_dataset/doc_g2022_rot90.jpg,1,90,2073415682.tif,train
2022,/kaggle/working/real_text_10k_dataset/doc_g2022_rot180.jpg,2,180,2073415682.tif,train
2022,/kaggle/working/real_text_10k_dataset/doc_g2022_rot270.jpg,3,270,2073415682.tif,train
2023,/kaggle/working/real_text_10k_dataset/doc_g2023_rot0.jpg,0,0,2083503399.tif,val
2023,/kaggle/working/real_text_10k_dataset/doc_g2023_rot90.jpg,1,90,2083503399.tif,val
2023,/kaggle/working/real_text_10k_dataset/doc_g2023_rot180.jpg,2,180,2083503399.tif,val
2023,/kaggle/working/real_text_10k_dataset/doc_g2023_rot270.jpg,3,270,2083503399.tif,val
2024,/kaggle/working/real_text_10k_dataset/doc_g2024_rot0.jpg,0,0,2074179025.tif,train
2024,/kaggle/working/real_text_10k_dataset/doc_g2024_rot90.jpg,1,90,2074179025.tif,train
2024,/kaggle/working/real_text_10k_dataset/doc_g2024_rot180.jpg,2,180,2074179025.tif,train
2024,/kaggle/working/real_text_10k_dataset/doc_g2024_rot270.jpg,3,270,2074179025.tif,train
2025,/kaggle/working/real_text_10k_dataset/doc_g2025_rot0.jpg,0,0,2057440554.tif,train
2025,/kaggle/working/real_text_10k_dataset/doc_g2025_rot90.jpg,1,90,2057440554.tif,train
2025,/kaggle/working/real_text_10k_dataset/doc_g2025_rot180.jpg,2,180,2057440554.tif,train
2025,/kaggle/working/real_text_10k_dataset/doc_g2025_rot270.jpg,3,270,2057440554.tif,train
2026,/kaggle/working/real_text_10k_dataset/doc_g2026_rot0.jpg,0,0,502644195+-4198.tif,train
2026,/kaggle/working/real_text_10k_dataset/doc_g2026_rot90.jpg,1,90,502644195+-4198.tif,train
2026,/kaggle/working/real_text_10k_dataset/doc_g2026_rot180.jpg,2,180,502644195+-4198.tif,train
2026,/kaggle/working/real_text_10k_dataset/doc_g2026_rot270.jpg,3,270,502644195+-4198.tif,train
2027,/kaggle/working/real_text_10k_dataset/doc_g2027_rot0.jpg,0,0,2029006613_2029006628.tif,train
2027,/kaggle/working/real_text_10k_dataset/doc_g2027_rot90.jpg,1,90,2029006613_2029006628.tif,train
2027,/kaggle/working/real_text_10k_dataset/doc_g2027_rot180.jpg,2,180,2029006613_2029006628.tif,train
2027,/kaggle/working/real_text_10k_dataset/doc_g2027_rot270.jpg,3,270,2029006613_2029006628.tif,train
2028,/kaggle/working/real_text_10k_dataset/doc_g2028_rot0.jpg,0,0,10229401_10229403.tif,train
2028,/kaggle/working/real_text_10k_dataset/doc_g2028_rot90.jpg,1,90,10229401_10229403.tif,train
2028,/kaggle/working/real_text_10k_dataset/doc_g2028_rot180.jpg,2,180,10229401_10229403.tif,train
2028,/kaggle/working/real_text_10k_dataset/doc_g2028_rot270.jpg,3,270,10229401_10229403.tif,train
2029,/kaggle/working/real_text_10k_dataset/doc_g2029_rot0.jpg,0,0,2069735712.tif,train
2029,/kaggle/working/real_text_10k_dataset/doc_g2029_rot90.jpg,1,90,2069735712.tif,train
2029,/kaggle/working/real_text_10k_dataset/doc_g2029_rot180.jpg,2,180,2069735712.tif,train
2029,/kaggle/working/real_text_10k_dataset/doc_g2029_rot270.jpg,3,270,2069735712.tif,train
2030,/kaggle/working/real_text_10k_dataset/doc_g2030_rot0.jpg,0,0,50410494-0496.tif,val
2030,/kaggle/working/real_text_10k_dataset/doc_g2030_rot90.jpg,1,90,50410494-0496.tif,val
2030,/kaggle/working/real_text_10k_dataset/doc_g2030_rot180.jpg,2,180,50410494-0496.tif,val
2030,/kaggle/working/real_text_10k_dataset/doc_g2030_rot270.jpg,3,270,50410494-0496.tif,val
2031,/kaggle/working/real_text_10k_dataset/doc_g2031_rot0.jpg,0,0,50293801-3802.tif,train
2031,/kaggle/working/real_text_10k_dataset/doc_g2031_rot90.jpg,1,90,50293801-3802.tif,train
2031,/kaggle/working/real_text_10k_dataset/doc_g2031_rot180.jpg,2,180,50293801-3802.tif,train
2031,/kaggle/working/real_text_10k_dataset/doc_g2031_rot270.jpg,3,270,50293801-3802.tif,train
2032,/kaggle/working/real_text_10k_dataset/doc_g2032_rot0.jpg,0,0,50485201-5201.tif,train
2032,/kaggle/working/real_text_10k_dataset/doc_g2032_rot90.jpg,1,90,50485201-5201.tif,train
2032,/kaggle/working/real_text_10k_dataset/doc_g2032_rot180.jpg,2,180,50485201-5201.tif,train
2032,/kaggle/working/real_text_10k_dataset/doc_g2032_rot270.jpg,3,270,50485201-5201.tif,train
2033,/kaggle/working/real_text_10k_dataset/doc_g2033_rot0.jpg,0,0,11295109.tif,train
2033,/kaggle/working/real_text_10k_dataset/doc_g2033_rot90.jpg,1,90,11295109.tif,train
2033,/kaggle/working/real_text_10k_dataset/doc_g2033_rot180.jpg,2,180,11295109.tif,train
2033,/kaggle/working/real_text_10k_dataset/doc_g2033_rot270.jpg,3,270,11295109.tif,train
2034,/kaggle/working/real_text_10k_dataset/doc_g2034_rot0.jpg,0,0,2062330153_0154.tif,train
2034,/kaggle/working/real_text_10k_dataset/doc_g2034_rot90.jpg,1,90,2062330153_0154.tif,train
2034,/kaggle/working/real_text_10k_dataset/doc_g2034_rot180.jpg,2,180,2062330153_0154.tif,train
2034,/kaggle/working/real_text_10k_dataset/doc_g2034_rot270.jpg,3,270,2062330153_0154.tif,train
2035,/kaggle/working/real_text_10k_dataset/doc_g2035_rot0.jpg,0,0,2078437917.tif,train
2035,/kaggle/working/real_text_10k_dataset/doc_g2035_rot90.jpg,1,90,2078437917.tif,train
2035,/kaggle/working/real_text_10k_dataset/doc_g2035_rot180.jpg,2,180,2078437917.tif,train
2035,/kaggle/working/real_text_10k_dataset/doc_g2035_rot270.jpg,3,270,2078437917.tif,train
2036,/kaggle/working/real_text_10k_dataset/doc_g2036_rot0.jpg,0,0,2026266801_2026266802.tif,train
2036,/kaggle/working/real_text_10k_dataset/doc_g2036_rot90.jpg,1,90,2026266801_2026266802.tif,train
2036,/kaggle/working/real_text_10k_dataset/doc_g2036_rot180.jpg,2,180,2026266801_2026266802.tif,train
2036,/kaggle/working/real_text_10k_dataset/doc_g2036_rot270.jpg,3,270,2026266801_2026266802.tif,train
2037,/kaggle/working/real_text_10k_dataset/doc_g2037_rot0.jpg,0,0,2023182539.tif,val
2037,/kaggle/working/real_text_10k_dataset/doc_g2037_rot90.jpg,1,90,2023182539.tif,val
2037,/kaggle/working/real_text_10k_dataset/doc_g2037_rot180.jpg,2,180,2023182539.tif,val
2037,/kaggle/working/real_text_10k_dataset/doc_g2037_rot270.jpg,3,270,2023182539.tif,val
2038,/kaggle/working/real_text_10k_dataset/doc_g2038_rot0.jpg,0,0,2057986305_2057986315.tif,train
2038,/kaggle/working/real_text_10k_dataset/doc_g2038_rot90.jpg,1,90,2057986305_2057986315.tif,train
2038,/kaggle/working/real_text_10k_dataset/doc_g2038_rot180.jpg,2,180,2057986305_2057986315.tif,train
2038,/kaggle/working/real_text_10k_dataset/doc_g2038_rot270.jpg,3,270,2057986305_2057986315.tif,train
2039,/kaggle/working/real_text_10k_dataset/doc_g2039_rot0.jpg,0,0,ti16810238_0239.tif,train
2039,/kaggle/working/real_text_10k_dataset/doc_g2039_rot90.jpg,1,90,ti16810238_0239.tif,train
2039,/kaggle/working/real_text_10k_dataset/doc_g2039_rot180.jpg,2,180,ti16810238_0239.tif,train
2039,/kaggle/working/real_text_10k_dataset/doc_g2039_rot270.jpg,3,270,ti16810238_0239.tif,train
2040,/kaggle/working/real_text_10k_dataset/doc_g2040_rot0.jpg,0,0,50244167-4168.tif,train
2040,/kaggle/working/real_text_10k_dataset/doc_g2040_rot90.jpg,1,90,50244167-4168.tif,train
2040,/kaggle/working/real_text_10k_dataset/doc_g2040_rot180.jpg,2,180,50244167-4168.tif,train
2040,/kaggle/working/real_text_10k_dataset/doc_g2040_rot270.jpg,3,270,50244167-4168.tif,train
2041,/kaggle/working/real_text_10k_dataset/doc_g2041_rot0.jpg,0,0,03566415_6416.tif,test
2041,/kaggle/working/real_text_10k_dataset/doc_g2041_rot90.jpg,1,90,03566415_6416.tif,test
2041,/kaggle/working/real_text_10k_dataset/doc_g2041_rot180.jpg,2,180,03566415_6416.tif,test
2041,/kaggle/working/real_text_10k_dataset/doc_g2041_rot270.jpg,3,270,03566415_6416.tif,test
2042,/kaggle/working/real_text_10k_dataset/doc_g2042_rot0.jpg,0,0,2069724804.tif,train
2042,/kaggle/working/real_text_10k_dataset/doc_g2042_rot90.jpg,1,90,2069724804.tif,train
2042,/kaggle/working/real_text_10k_dataset/doc_g2042_rot180.jpg,2,180,2069724804.tif,train
2042,/kaggle/working/real_text_10k_dataset/doc_g2042_rot270.jpg,3,270,2069724804.tif,train
2043,/kaggle/working/real_text_10k_dataset/doc_g2043_rot0.jpg,0,0,60023097.tif,test
2043,/kaggle/working/real_text_10k_dataset/doc_g2043_rot90.jpg,1,90,60023097.tif,test
2043,/kaggle/working/real_text_10k_dataset/doc_g2043_rot180.jpg,2,180,60023097.tif,test
2043,/kaggle/working/real_text_10k_dataset/doc_g2043_rot270.jpg,3,270,60023097.tif,test
2044,/kaggle/working/real_text_10k_dataset/doc_g2044_rot0.jpg,0,0,2024419253.tif,train
2044,/kaggle/working/real_text_10k_dataset/doc_g2044_rot90.jpg,1,90,2024419253.tif,train
2044,/kaggle/working/real_text_10k_dataset/doc_g2044_rot180.jpg,2,180,2024419253.tif,train
2044,/kaggle/working/real_text_10k_dataset/doc_g2044_rot270.jpg,3,270,2024419253.tif,train
2045,/kaggle/working/real_text_10k_dataset/doc_g2045_rot0.jpg,0,0,dun00924.15.tif,test
2045,/kaggle/working/real_text_10k_dataset/doc_g2045_rot90.jpg,1,90,dun00924.15.tif,test
2045,/kaggle/working/real_text_10k_dataset/doc_g2045_rot180.jpg,2,180,dun00924.15.tif,test
2045,/kaggle/working/real_text_10k_dataset/doc_g2045_rot270.jpg,3,270,dun00924.15.tif,test
2046,/kaggle/working/real_text_10k_dataset/doc_g2046_rot0.jpg,0,0,2074375246_5263.tif,train
2046,/kaggle/working/real_text_10k_dataset/doc_g2046_rot90.jpg,1,90,2074375246_5263.tif,train
2046,/kaggle/working/real_text_10k_dataset/doc_g2046_rot180.jpg,2,180,2074375246_5263.tif,train
2046,/kaggle/working/real_text_10k_dataset/doc_g2046_rot270.jpg,3,270,2074375246_5263.tif,train
2047,/kaggle/working/real_text_10k_dataset/doc_g2047_rot0.jpg,0,0,2071582004.tif,train
2047,/kaggle/working/real_text_10k_dataset/doc_g2047_rot90.jpg,1,90,2071582004.tif,train
2047,/kaggle/working/real_text_10k_dataset/doc_g2047_rot180.jpg,2,180,2071582004.tif,train
2047,/kaggle/working/real_text_10k_dataset/doc_g2047_rot270.jpg,3,270,2071582004.tif,train
2048,/kaggle/working/real_text_10k_dataset/doc_g2048_rot0.jpg,0,0,2075821226.tif,train
2048,/kaggle/working/real_text_10k_dataset/doc_g2048_rot90.jpg,1,90,2075821226.tif,train
2048,/kaggle/working/real_text_10k_dataset/doc_g2048_rot180.jpg,2,180,2075821226.tif,train
2048,/kaggle/working/real_text_10k_dataset/doc_g2048_rot270.jpg,3,270,2075821226.tif,train
2049,/kaggle/working/real_text_10k_dataset/doc_g2049_rot0.jpg,0,0,2074052343.tif,train
2049,/kaggle/working/real_text_10k_dataset/doc_g2049_rot90.jpg,1,90,2074052343.tif,train
2049,/kaggle/working/real_text_10k_dataset/doc_g2049_rot180.jpg,2,180,2074052343.tif,train
2049,/kaggle/working/real_text_10k_dataset/doc_g2049_rot270.jpg,3,270,2074052343.tif,train
2050,/kaggle/working/real_text_10k_dataset/doc_g2050_rot0.jpg,0,0,2501568872.tif,train
2050,/kaggle/working/real_text_10k_dataset/doc_g2050_rot90.jpg,1,90,2501568872.tif,train
2050,/kaggle/working/real_text_10k_dataset/doc_g2050_rot180.jpg,2,180,2501568872.tif,train
2050,/kaggle/working/real_text_10k_dataset/doc_g2050_rot270.jpg,3,270,2501568872.tif,train
2051,/kaggle/working/real_text_10k_dataset/doc_g2051_rot0.jpg,0,0,03605475_03605481.tif,train
2051,/kaggle/working/real_text_10k_dataset/doc_g2051_rot90.jpg,1,90,03605475_03605481.tif,train
2051,/kaggle/working/real_text_10k_dataset/doc_g2051_rot180.jpg,2,180,03605475_03605481.tif,train
2051,/kaggle/working/real_text_10k_dataset/doc_g2051_rot270.jpg,3,270,03605475_03605481.tif,train
2052,/kaggle/working/real_text_10k_dataset/doc_g2052_rot0.jpg,0,0,89972302.tif,train
2052,/kaggle/working/real_text_10k_dataset/doc_g2052_rot90.jpg,1,90,89972302.tif,train
2052,/kaggle/working/real_text_10k_dataset/doc_g2052_rot180.jpg,2,180,89972302.tif,train
2052,/kaggle/working/real_text_10k_dataset/doc_g2052_rot270.jpg,3,270,89972302.tif,train
2053,/kaggle/working/real_text_10k_dataset/doc_g2053_rot0.jpg,0,0,0001431558.tif,train
2053,/kaggle/working/real_text_10k_dataset/doc_g2053_rot90.jpg,1,90,0001431558.tif,train
2053,/kaggle/working/real_text_10k_dataset/doc_g2053_rot180.jpg,2,180,0001431558.tif,train
2053,/kaggle/working/real_text_10k_dataset/doc_g2053_rot270.jpg,3,270,0001431558.tif,train
2054,/kaggle/working/real_text_10k_dataset/doc_g2054_rot0.jpg,0,0,2057670604.tif,train
2054,/kaggle/working/real_text_10k_dataset/doc_g2054_rot90.jpg,1,90,2057670604.tif,train
2054,/kaggle/working/real_text_10k_dataset/doc_g2054_rot180.jpg,2,180,2057670604.tif,train
2054,/kaggle/working/real_text_10k_dataset/doc_g2054_rot270.jpg,3,270,2057670604.tif,train
2055,/kaggle/working/real_text_10k_dataset/doc_g2055_rot0.jpg,0,0,502683872_502683880.tif,test
2055,/kaggle/working/real_text_10k_dataset/doc_g2055_rot90.jpg,1,90,502683872_502683880.tif,test
2055,/kaggle/working/real_text_10k_dataset/doc_g2055_rot180.jpg,2,180,502683872_502683880.tif,test
2055,/kaggle/working/real_text_10k_dataset/doc_g2055_rot270.jpg,3,270,502683872_502683880.tif,test
2056,/kaggle/working/real_text_10k_dataset/doc_g2056_rot0.jpg,0,0,87858147_87858153.tif,train
2056,/kaggle/working/real_text_10k_dataset/doc_g2056_rot90.jpg,1,90,87858147_87858153.tif,train
2056,/kaggle/working/real_text_10k_dataset/doc_g2056_rot180.jpg,2,180,87858147_87858153.tif,train
2056,/kaggle/working/real_text_10k_dataset/doc_g2056_rot270.jpg,3,270,87858147_87858153.tif,train
2057,/kaggle/working/real_text_10k_dataset/doc_g2057_rot0.jpg,0,0,10420865.tif,train
2057,/kaggle/working/real_text_10k_dataset/doc_g2057_rot90.jpg,1,90,10420865.tif,train
2057,/kaggle/working/real_text_10k_dataset/doc_g2057_rot180.jpg,2,180,10420865.tif,train
2057,/kaggle/working/real_text_10k_dataset/doc_g2057_rot270.jpg,3,270,10420865.tif,train
2058,/kaggle/working/real_text_10k_dataset/doc_g2058_rot0.jpg,0,0,503016756.tif,test
2058,/kaggle/working/real_text_10k_dataset/doc_g2058_rot90.jpg,1,90,503016756.tif,test
2058,/kaggle/working/real_text_10k_dataset/doc_g2058_rot180.jpg,2,180,503016756.tif,test
2058,/kaggle/working/real_text_10k_dataset/doc_g2058_rot270.jpg,3,270,503016756.tif,test
2059,/kaggle/working/real_text_10k_dataset/doc_g2059_rot0.jpg,0,0,11250600.tif,train
2059,/kaggle/working/real_text_10k_dataset/doc_g2059_rot90.jpg,1,90,11250600.tif,train
2059,/kaggle/working/real_text_10k_dataset/doc_g2059_rot180.jpg,2,180,11250600.tif,train
2059,/kaggle/working/real_text_10k_dataset/doc_g2059_rot270.jpg,3,270,11250600.tif,train
2060,/kaggle/working/real_text_10k_dataset/doc_g2060_rot0.jpg,0,0,10131551_10131579.tif,train
2060,/kaggle/working/real_text_10k_dataset/doc_g2060_rot90.jpg,1,90,10131551_10131579.tif,train
2060,/kaggle/working/real_text_10k_dataset/doc_g2060_rot180.jpg,2,180,10131551_10131579.tif,train
2060,/kaggle/working/real_text_10k_dataset/doc_g2060_rot270.jpg,3,270,10131551_10131579.tif,train
2061,/kaggle/working/real_text_10k_dataset/doc_g2061_rot0.jpg,0,0,2505146601.tif,train
2061,/kaggle/working/real_text_10k_dataset/doc_g2061_rot90.jpg,1,90,2505146601.tif,train
2061,/kaggle/working/real_text_10k_dataset/doc_g2061_rot180.jpg,2,180,2505146601.tif,train
2061,/kaggle/working/real_text_10k_dataset/doc_g2061_rot270.jpg,3,270,2505146601.tif,train
2062,/kaggle/working/real_text_10k_dataset/doc_g2062_rot0.jpg,0,0,2083310150.tif,train
2062,/kaggle/working/real_text_10k_dataset/doc_g2062_rot90.jpg,1,90,2083310150.tif,train
2062,/kaggle/working/real_text_10k_dataset/doc_g2062_rot180.jpg,2,180,2083310150.tif,train
2062,/kaggle/working/real_text_10k_dataset/doc_g2062_rot270.jpg,3,270,2083310150.tif,train
2063,/kaggle/working/real_text_10k_dataset/doc_g2063_rot0.jpg,0,0,514766512+-6514.tif,train
2063,/kaggle/working/real_text_10k_dataset/doc_g2063_rot90.jpg,1,90,514766512+-6514.tif,train
2063,/kaggle/working/real_text_10k_dataset/doc_g2063_rot180.jpg,2,180,514766512+-6514.tif,train
2063,/kaggle/working/real_text_10k_dataset/doc_g2063_rot270.jpg,3,270,514766512+-6514.tif,train
2064,/kaggle/working/real_text_10k_dataset/doc_g2064_rot0.jpg,0,0,94389950.tif,test
2064,/kaggle/working/real_text_10k_dataset/doc_g2064_rot90.jpg,1,90,94389950.tif,test
2064,/kaggle/working/real_text_10k_dataset/doc_g2064_rot180.jpg,2,180,94389950.tif,test
2064,/kaggle/working/real_text_10k_dataset/doc_g2064_rot270.jpg,3,270,94389950.tif,test
2065,/kaggle/working/real_text_10k_dataset/doc_g2065_rot0.jpg,0,0,2501326347_2501326352.tif,train
2065,/kaggle/working/real_text_10k_dataset/doc_g2065_rot90.jpg,1,90,2501326347_2501326352.tif,train
2065,/kaggle/working/real_text_10k_dataset/doc_g2065_rot180.jpg,2,180,2501326347_2501326352.tif,train
2065,/kaggle/working/real_text_10k_dataset/doc_g2065_rot270.jpg,3,270,2501326347_2501326352.tif,train
2066,/kaggle/working/real_text_10k_dataset/doc_g2066_rot0.jpg,0,0,0012205419.tif,train
2066,/kaggle/working/real_text_10k_dataset/doc_g2066_rot90.jpg,1,90,0012205419.tif,train
2066,/kaggle/working/real_text_10k_dataset/doc_g2066_rot180.jpg,2,180,0012205419.tif,train
2066,/kaggle/working/real_text_10k_dataset/doc_g2066_rot270.jpg,3,270,0012205419.tif,train
2067,/kaggle/working/real_text_10k_dataset/doc_g2067_rot0.jpg,0,0,2078234058.tif,train
2067,/kaggle/working/real_text_10k_dataset/doc_g2067_rot90.jpg,1,90,2078234058.tif,train
2067,/kaggle/working/real_text_10k_dataset/doc_g2067_rot180.jpg,2,180,2078234058.tif,train
2067,/kaggle/working/real_text_10k_dataset/doc_g2067_rot270.jpg,3,270,2078234058.tif,train
2068,/kaggle/working/real_text_10k_dataset/doc_g2068_rot0.jpg,0,0,2076143292a.tif,train
2068,/kaggle/working/real_text_10k_dataset/doc_g2068_rot90.jpg,1,90,2076143292a.tif,train
2068,/kaggle/working/real_text_10k_dataset/doc_g2068_rot180.jpg,2,180,2076143292a.tif,train
2068,/kaggle/working/real_text_10k_dataset/doc_g2068_rot270.jpg,3,270,2076143292a.tif,train
2069,/kaggle/working/real_text_10k_dataset/doc_g2069_rot0.jpg,0,0,03749673.tif,train
2069,/kaggle/working/real_text_10k_dataset/doc_g2069_rot90.jpg,1,90,03749673.tif,train
2069,/kaggle/working/real_text_10k_dataset/doc_g2069_rot180.jpg,2,180,03749673.tif,train
2069,/kaggle/working/real_text_10k_dataset/doc_g2069_rot270.jpg,3,270,03749673.tif,train
2070,/kaggle/working/real_text_10k_dataset/doc_g2070_rot0.jpg,0,0,0000072858.tif,train
2070,/kaggle/working/real_text_10k_dataset/doc_g2070_rot90.jpg,1,90,0000072858.tif,train
2070,/kaggle/working/real_text_10k_dataset/doc_g2070_rot180.jpg,2,180,0000072858.tif,train
2070,/kaggle/working/real_text_10k_dataset/doc_g2070_rot270.jpg,3,270,0000072858.tif,train
2071,/kaggle/working/real_text_10k_dataset/doc_g2071_rot0.jpg,0,0,50441607-1607.tif,train
2071,/kaggle/working/real_text_10k_dataset/doc_g2071_rot90.jpg,1,90,50441607-1607.tif,train
2071,/kaggle/working/real_text_10k_dataset/doc_g2071_rot180.jpg,2,180,50441607-1607.tif,train
2071,/kaggle/working/real_text_10k_dataset/doc_g2071_rot270.jpg,3,270,50441607-1607.tif,train
2072,/kaggle/working/real_text_10k_dataset/doc_g2072_rot0.jpg,0,0,2501312788.tif,train
2072,/kaggle/working/real_text_10k_dataset/doc_g2072_rot90.jpg,1,90,2501312788.tif,train
2072,/kaggle/working/real_text_10k_dataset/doc_g2072_rot180.jpg,2,180,2501312788.tif,train
2072,/kaggle/working/real_text_10k_dataset/doc_g2072_rot270.jpg,3,270,2501312788.tif,train
2073,/kaggle/working/real_text_10k_dataset/doc_g2073_rot0.jpg,0,0,0060215996.tif,train
2073,/kaggle/working/real_text_10k_dataset/doc_g2073_rot90.jpg,1,90,0060215996.tif,train
2073,/kaggle/working/real_text_10k_dataset/doc_g2073_rot180.jpg,2,180,0060215996.tif,train
2073,/kaggle/working/real_text_10k_dataset/doc_g2073_rot270.jpg,3,270,0060215996.tif,train
2074,/kaggle/working/real_text_10k_dataset/doc_g2074_rot0.jpg,0,0,2024002091.tif,train
2074,/kaggle/working/real_text_10k_dataset/doc_g2074_rot90.jpg,1,90,2024002091.tif,train
2074,/kaggle/working/real_text_10k_dataset/doc_g2074_rot180.jpg,2,180,2024002091.tif,train
2074,/kaggle/working/real_text_10k_dataset/doc_g2074_rot270.jpg,3,270,2024002091.tif,train
2075,/kaggle/working/real_text_10k_dataset/doc_g2075_rot0.jpg,0,0,2085795674d_5675.tif,train
2075,/kaggle/working/real_text_10k_dataset/doc_g2075_rot90.jpg,1,90,2085795674d_5675.tif,train
2075,/kaggle/working/real_text_10k_dataset/doc_g2075_rot180.jpg,2,180,2085795674d_5675.tif,train
2075,/kaggle/working/real_text_10k_dataset/doc_g2075_rot270.jpg,3,270,2085795674d_5675.tif,train
2076,/kaggle/working/real_text_10k_dataset/doc_g2076_rot0.jpg,0,0,X51006327978.jpg,train
2076,/kaggle/working/real_text_10k_dataset/doc_g2076_rot90.jpg,1,90,X51006327978.jpg,train
2076,/kaggle/working/real_text_10k_dataset/doc_g2076_rot180.jpg,2,180,X51006327978.jpg,train
2076,/kaggle/working/real_text_10k_dataset/doc_g2076_rot270.jpg,3,270,X51006327978.jpg,train
2077,/kaggle/working/real_text_10k_dataset/doc_g2077_rot0.jpg,0,0,386.jpg,train
2077,/kaggle/working/real_text_10k_dataset/doc_g2077_rot90.jpg,1,90,386.jpg,train
2077,/kaggle/working/real_text_10k_dataset/doc_g2077_rot180.jpg,2,180,386.jpg,train
2077,/kaggle/working/real_text_10k_dataset/doc_g2077_rot270.jpg,3,270,386.jpg,train
2078,/kaggle/working/real_text_10k_dataset/doc_g2078_rot0.jpg,0,0,504555858+-5858.tif,val
2078,/kaggle/working/real_text_10k_dataset/doc_g2078_rot90.jpg,1,90,504555858+-5858.tif,val
2078,/kaggle/working/real_text_10k_dataset/doc_g2078_rot180.jpg,2,180,504555858+-5858.tif,val
2078,/kaggle/working/real_text_10k_dataset/doc_g2078_rot270.jpg,3,270,504555858+-5858.tif,val
2079,/kaggle/working/real_text_10k_dataset/doc_g2079_rot0.jpg,0,0,X51006679222.jpg,train
2079,/kaggle/working/real_text_10k_dataset/doc_g2079_rot90.jpg,1,90,X51006679222.jpg,train
2079,/kaggle/working/real_text_10k_dataset/doc_g2079_rot180.jpg,2,180,X51006679222.jpg,train
2079,/kaggle/working/real_text_10k_dataset/doc_g2079_rot270.jpg,3,270,X51006679222.jpg,train
2080,/kaggle/working/real_text_10k_dataset/doc_g2080_rot0.jpg,0,0,10410643_10410647.tif,train
2080,/kaggle/working/real_text_10k_dataset/doc_g2080_rot90.jpg,1,90,10410643_10410647.tif,train
2080,/kaggle/working/real_text_10k_dataset/doc_g2080_rot180.jpg,2,180,10410643_10410647.tif,train
2080,/kaggle/working/real_text_10k_dataset/doc_g2080_rot270.jpg,3,270,10410643_10410647.tif,train
2081,/kaggle/working/real_text_10k_dataset/doc_g2081_rot0.jpg,0,0,2074221580.tif,train
2081,/kaggle/working/real_text_10k_dataset/doc_g2081_rot90.jpg,1,90,2074221580.tif,train
2081,/kaggle/working/real_text_10k_dataset/doc_g2081_rot180.jpg,2,180,2074221580.tif,train
2081,/kaggle/working/real_text_10k_dataset/doc_g2081_rot270.jpg,3,270,2074221580.tif,train
2082,/kaggle/working/real_text_10k_dataset/doc_g2082_rot0.jpg,0,0,522659467+-9467.tif,train
2082,/kaggle/working/real_text_10k_dataset/doc_g2082_rot90.jpg,1,90,522659467+-9467.tif,train
2082,/kaggle/working/real_text_10k_dataset/doc_g2082_rot180.jpg,2,180,522659467+-9467.tif,train
2082,/kaggle/working/real_text_10k_dataset/doc_g2082_rot270.jpg,3,270,522659467+-9467.tif,train
2083,/kaggle/working/real_text_10k_dataset/doc_g2083_rot0.jpg,0,0,2057061683_2057061693.tif,train
2083,/kaggle/working/real_text_10k_dataset/doc_g2083_rot90.jpg,1,90,2057061683_2057061693.tif,train
2083,/kaggle/working/real_text_10k_dataset/doc_g2083_rot180.jpg,2,180,2057061683_2057061693.tif,train
2083,/kaggle/working/real_text_10k_dataset/doc_g2083_rot270.jpg,3,270,2057061683_2057061693.tif,train
2084,/kaggle/working/real_text_10k_dataset/doc_g2084_rot0.jpg,0,0,2024515817.tif,train
2084,/kaggle/working/real_text_10k_dataset/doc_g2084_rot90.jpg,1,90,2024515817.tif,train
2084,/kaggle/working/real_text_10k_dataset/doc_g2084_rot180.jpg,2,180,2024515817.tif,train
2084,/kaggle/working/real_text_10k_dataset/doc_g2084_rot270.jpg,3,270,2024515817.tif,train
2085,/kaggle/working/real_text_10k_dataset/doc_g2085_rot0.jpg,0,0,528891673+-1685.tif,test
2085,/kaggle/working/real_text_10k_dataset/doc_g2085_rot90.jpg,1,90,528891673+-1685.tif,test
2085,/kaggle/working/real_text_10k_dataset/doc_g2085_rot180.jpg,2,180,528891673+-1685.tif,test
2085,/kaggle/working/real_text_10k_dataset/doc_g2085_rot270.jpg,3,270,528891673+-1685.tif,test
2086,/kaggle/working/real_text_10k_dataset/doc_g2086_rot0.jpg,0,0,2065392432_2433.tif,train
2086,/kaggle/working/real_text_10k_dataset/doc_g2086_rot90.jpg,1,90,2065392432_2433.tif,train
2086,/kaggle/working/real_text_10k_dataset/doc_g2086_rot180.jpg,2,180,2065392432_2433.tif,train
2086,/kaggle/working/real_text_10k_dataset/doc_g2086_rot270.jpg,3,270,2065392432_2433.tif,train
2087,/kaggle/working/real_text_10k_dataset/doc_g2087_rot0.jpg,0,0,2071460614.tif,train
2087,/kaggle/working/real_text_10k_dataset/doc_g2087_rot90.jpg,1,90,2071460614.tif,train
2087,/kaggle/working/real_text_10k_dataset/doc_g2087_rot180.jpg,2,180,2071460614.tif,train
2087,/kaggle/working/real_text_10k_dataset/doc_g2087_rot270.jpg,3,270,2071460614.tif,train
2088,/kaggle/working/real_text_10k_dataset/doc_g2088_rot0.jpg,0,0,2029042854_2029042862.tif,train
2088,/kaggle/working/real_text_10k_dataset/doc_g2088_rot90.jpg,1,90,2029042854_2029042862.tif,train
2088,/kaggle/working/real_text_10k_dataset/doc_g2088_rot180.jpg,2,180,2029042854_2029042862.tif,train
2088,/kaggle/working/real_text_10k_dataset/doc_g2088_rot270.jpg,3,270,2029042854_2029042862.tif,train
2089,/kaggle/working/real_text_10k_dataset/doc_g2089_rot0.jpg,0,0,442.jpg,train
2089,/kaggle/working/real_text_10k_dataset/doc_g2089_rot90.jpg,1,90,442.jpg,train
2089,/kaggle/working/real_text_10k_dataset/doc_g2089_rot180.jpg,2,180,442.jpg,train
2089,/kaggle/working/real_text_10k_dataset/doc_g2089_rot270.jpg,3,270,442.jpg,train
2090,/kaggle/working/real_text_10k_dataset/doc_g2090_rot0.jpg,0,0,2028696033.tif,train
2090,/kaggle/working/real_text_10k_dataset/doc_g2090_rot90.jpg,1,90,2028696033.tif,train
2090,/kaggle/working/real_text_10k_dataset/doc_g2090_rot180.jpg,2,180,2028696033.tif,train
2090,/kaggle/working/real_text_10k_dataset/doc_g2090_rot270.jpg,3,270,2028696033.tif,train
2091,/kaggle/working/real_text_10k_dataset/doc_g2091_rot0.jpg,0,0,2505494962_4967.tif,train
2091,/kaggle/working/real_text_10k_dataset/doc_g2091_rot90.jpg,1,90,2505494962_4967.tif,train
2091,/kaggle/working/real_text_10k_dataset/doc_g2091_rot180.jpg,2,180,2505494962_4967.tif,train
2091,/kaggle/working/real_text_10k_dataset/doc_g2091_rot270.jpg,3,270,2505494962_4967.tif,train
2092,/kaggle/working/real_text_10k_dataset/doc_g2092_rot0.jpg,0,0,2069753715.tif,train
2092,/kaggle/working/real_text_10k_dataset/doc_g2092_rot90.jpg,1,90,2069753715.tif,train
2092,/kaggle/working/real_text_10k_dataset/doc_g2092_rot180.jpg,2,180,2069753715.tif,train
2092,/kaggle/working/real_text_10k_dataset/doc_g2092_rot270.jpg,3,270,2069753715.tif,train
2093,/kaggle/working/real_text_10k_dataset/doc_g2093_rot0.jpg,0,0,tcal0413617.tif,val
2093,/kaggle/working/real_text_10k_dataset/doc_g2093_rot90.jpg,1,90,tcal0413617.tif,val
2093,/kaggle/working/real_text_10k_dataset/doc_g2093_rot180.jpg,2,180,tcal0413617.tif,val
2093,/kaggle/working/real_text_10k_dataset/doc_g2093_rot270.jpg,3,270,tcal0413617.tif,val
2094,/kaggle/working/real_text_10k_dataset/doc_g2094_rot0.jpg,0,0,50501022-1022.tif,train
2094,/kaggle/working/real_text_10k_dataset/doc_g2094_rot90.jpg,1,90,50501022-1022.tif,train
2094,/kaggle/working/real_text_10k_dataset/doc_g2094_rot180.jpg,2,180,50501022-1022.tif,train
2094,/kaggle/working/real_text_10k_dataset/doc_g2094_rot270.jpg,3,270,50501022-1022.tif,train
2095,/kaggle/working/real_text_10k_dataset/doc_g2095_rot0.jpg,0,0,2070382275_2282.tif,train
2095,/kaggle/working/real_text_10k_dataset/doc_g2095_rot90.jpg,1,90,2070382275_2282.tif,train
2095,/kaggle/working/real_text_10k_dataset/doc_g2095_rot180.jpg,2,180,2070382275_2282.tif,train
2095,/kaggle/working/real_text_10k_dataset/doc_g2095_rot270.jpg,3,270,2070382275_2282.tif,train
2096,/kaggle/working/real_text_10k_dataset/doc_g2096_rot0.jpg,0,0,2044696207.tif,val
2096,/kaggle/working/real_text_10k_dataset/doc_g2096_rot90.jpg,1,90,2044696207.tif,val
2096,/kaggle/working/real_text_10k_dataset/doc_g2096_rot180.jpg,2,180,2044696207.tif,val
2096,/kaggle/working/real_text_10k_dataset/doc_g2096_rot270.jpg,3,270,2044696207.tif,val
2097,/kaggle/working/real_text_10k_dataset/doc_g2097_rot0.jpg,0,0,518188078_518188080.tif,train
2097,/kaggle/working/real_text_10k_dataset/doc_g2097_rot90.jpg,1,90,518188078_518188080.tif,train
2097,/kaggle/working/real_text_10k_dataset/doc_g2097_rot180.jpg,2,180,518188078_518188080.tif,train
2097,/kaggle/working/real_text_10k_dataset/doc_g2097_rot270.jpg,3,270,518188078_518188080.tif,train
2098,/kaggle/working/real_text_10k_dataset/doc_g2098_rot0.jpg,0,0,1003044317-a.tif,train
2098,/kaggle/working/real_text_10k_dataset/doc_g2098_rot90.jpg,1,90,1003044317-a.tif,train
2098,/kaggle/working/real_text_10k_dataset/doc_g2098_rot180.jpg,2,180,1003044317-a.tif,train
2098,/kaggle/working/real_text_10k_dataset/doc_g2098_rot270.jpg,3,270,1003044317-a.tif,train
2099,/kaggle/working/real_text_10k_dataset/doc_g2099_rot0.jpg,0,0,2043524523.tif,train
2099,/kaggle/working/real_text_10k_dataset/doc_g2099_rot90.jpg,1,90,2043524523.tif,train
2099,/kaggle/working/real_text_10k_dataset/doc_g2099_rot180.jpg,2,180,2043524523.tif,train
2099,/kaggle/working/real_text_10k_dataset/doc_g2099_rot270.jpg,3,270,2043524523.tif,train
2100,/kaggle/working/real_text_10k_dataset/doc_g2100_rot0.jpg,0,0,50485207-5208.tif,train
2100,/kaggle/working/real_text_10k_dataset/doc_g2100_rot90.jpg,1,90,50485207-5208.tif,train
2100,/kaggle/working/real_text_10k_dataset/doc_g2100_rot180.jpg,2,180,50485207-5208.tif,train
2100,/kaggle/working/real_text_10k_dataset/doc_g2100_rot270.jpg,3,270,50485207-5208.tif,train
2101,/kaggle/working/real_text_10k_dataset/doc_g2101_rot0.jpg,0,0,504564411.tif,train
2101,/kaggle/working/real_text_10k_dataset/doc_g2101_rot90.jpg,1,90,504564411.tif,train
2101,/kaggle/working/real_text_10k_dataset/doc_g2101_rot180.jpg,2,180,504564411.tif,train
2101,/kaggle/working/real_text_10k_dataset/doc_g2101_rot270.jpg,3,270,504564411.tif,train
2102,/kaggle/working/real_text_10k_dataset/doc_g2102_rot0.jpg,0,0,2069728082.tif,train
2102,/kaggle/working/real_text_10k_dataset/doc_g2102_rot90.jpg,1,90,2069728082.tif,train
2102,/kaggle/working/real_text_10k_dataset/doc_g2102_rot180.jpg,2,180,2069728082.tif,train
2102,/kaggle/working/real_text_10k_dataset/doc_g2102_rot270.jpg,3,270,2069728082.tif,train
2103,/kaggle/working/real_text_10k_dataset/doc_g2103_rot0.jpg,0,0,94005437_94005447.tif,train
2103,/kaggle/working/real_text_10k_dataset/doc_g2103_rot90.jpg,1,90,94005437_94005447.tif,train
2103,/kaggle/working/real_text_10k_dataset/doc_g2103_rot180.jpg,2,180,94005437_94005447.tif,train
2103,/kaggle/working/real_text_10k_dataset/doc_g2103_rot270.jpg,3,270,94005437_94005447.tif,train
2104,/kaggle/working/real_text_10k_dataset/doc_g2104_rot0.jpg,0,0,50614588-4589.tif,train
2104,/kaggle/working/real_text_10k_dataset/doc_g2104_rot90.jpg,1,90,50614588-4589.tif,train
2104,/kaggle/working/real_text_10k_dataset/doc_g2104_rot180.jpg,2,180,50614588-4589.tif,train
2104,/kaggle/working/real_text_10k_dataset/doc_g2104_rot270.jpg,3,270,50614588-4589.tif,train
2105,/kaggle/working/real_text_10k_dataset/doc_g2105_rot0.jpg,0,0,2028360606.tif,test
2105,/kaggle/working/real_text_10k_dataset/doc_g2105_rot90.jpg,1,90,2028360606.tif,test
2105,/kaggle/working/real_text_10k_dataset/doc_g2105_rot180.jpg,2,180,2028360606.tif,test
2105,/kaggle/working/real_text_10k_dataset/doc_g2105_rot270.jpg,3,270,2028360606.tif,test
2106,/kaggle/working/real_text_10k_dataset/doc_g2106_rot0.jpg,0,0,2072484427.tif,train
2106,/kaggle/working/real_text_10k_dataset/doc_g2106_rot90.jpg,1,90,2072484427.tif,train
2106,/kaggle/working/real_text_10k_dataset/doc_g2106_rot180.jpg,2,180,2072484427.tif,train
2106,/kaggle/working/real_text_10k_dataset/doc_g2106_rot270.jpg,3,270,2072484427.tif,train
2107,/kaggle/working/real_text_10k_dataset/doc_g2107_rot0.jpg,0,0,50200918-0919.tif,train
2107,/kaggle/working/real_text_10k_dataset/doc_g2107_rot90.jpg,1,90,50200918-0919.tif,train
2107,/kaggle/working/real_text_10k_dataset/doc_g2107_rot180.jpg,2,180,50200918-0919.tif,train
2107,/kaggle/working/real_text_10k_dataset/doc_g2107_rot270.jpg,3,270,50200918-0919.tif,train
2108,/kaggle/working/real_text_10k_dataset/doc_g2108_rot0.jpg,0,0,2082459210_9211.tif,val
2108,/kaggle/working/real_text_10k_dataset/doc_g2108_rot90.jpg,1,90,2082459210_9211.tif,val
2108,/kaggle/working/real_text_10k_dataset/doc_g2108_rot180.jpg,2,180,2082459210_9211.tif,val
2108,/kaggle/working/real_text_10k_dataset/doc_g2108_rot270.jpg,3,270,2082459210_9211.tif,val
2109,/kaggle/working/real_text_10k_dataset/doc_g2109_rot0.jpg,0,0,0000399342.tif,train
2109,/kaggle/working/real_text_10k_dataset/doc_g2109_rot90.jpg,1,90,0000399342.tif,train
2109,/kaggle/working/real_text_10k_dataset/doc_g2109_rot180.jpg,2,180,0000399342.tif,train
2109,/kaggle/working/real_text_10k_dataset/doc_g2109_rot270.jpg,3,270,0000399342.tif,train
2110,/kaggle/working/real_text_10k_dataset/doc_g2110_rot0.jpg,0,0,2040781951.tif,train
2110,/kaggle/working/real_text_10k_dataset/doc_g2110_rot90.jpg,1,90,2040781951.tif,train
2110,/kaggle/working/real_text_10k_dataset/doc_g2110_rot180.jpg,2,180,2040781951.tif,train
2110,/kaggle/working/real_text_10k_dataset/doc_g2110_rot270.jpg,3,270,2040781951.tif,train
2111,/kaggle/working/real_text_10k_dataset/doc_g2111_rot0.jpg,0,0,92005326_5352.tif,test
2111,/kaggle/working/real_text_10k_dataset/doc_g2111_rot90.jpg,1,90,92005326_5352.tif,test
2111,/kaggle/working/real_text_10k_dataset/doc_g2111_rot180.jpg,2,180,92005326_5352.tif,test
2111,/kaggle/working/real_text_10k_dataset/doc_g2111_rot270.jpg,3,270,92005326_5352.tif,test
2112,/kaggle/working/real_text_10k_dataset/doc_g2112_rot0.jpg,0,0,2040078554_2040078556.tif,train
2112,/kaggle/working/real_text_10k_dataset/doc_g2112_rot90.jpg,1,90,2040078554_2040078556.tif,train
2112,/kaggle/working/real_text_10k_dataset/doc_g2112_rot180.jpg,2,180,2040078554_2040078556.tif,train
2112,/kaggle/working/real_text_10k_dataset/doc_g2112_rot270.jpg,3,270,2040078554_2040078556.tif,train
2113,/kaggle/working/real_text_10k_dataset/doc_g2113_rot0.jpg,0,0,10374555_10374576.tif,train
2113,/kaggle/working/real_text_10k_dataset/doc_g2113_rot90.jpg,1,90,10374555_10374576.tif,train
2113,/kaggle/working/real_text_10k_dataset/doc_g2113_rot180.jpg,2,180,10374555_10374576.tif,train
2113,/kaggle/working/real_text_10k_dataset/doc_g2113_rot270.jpg,3,270,10374555_10374576.tif,train
2114,/kaggle/working/real_text_10k_dataset/doc_g2114_rot0.jpg,0,0,2065484518.tif,val
2114,/kaggle/working/real_text_10k_dataset/doc_g2114_rot90.jpg,1,90,2065484518.tif,val
2114,/kaggle/working/real_text_10k_dataset/doc_g2114_rot180.jpg,2,180,2065484518.tif,val
2114,/kaggle/working/real_text_10k_dataset/doc_g2114_rot270.jpg,3,270,2065484518.tif,val
2115,/kaggle/working/real_text_10k_dataset/doc_g2115_rot0.jpg,0,0,ti16811191_1192.tif,train
2115,/kaggle/working/real_text_10k_dataset/doc_g2115_rot90.jpg,1,90,ti16811191_1192.tif,train
2115,/kaggle/working/real_text_10k_dataset/doc_g2115_rot180.jpg,2,180,ti16811191_1192.tif,train
2115,/kaggle/working/real_text_10k_dataset/doc_g2115_rot270.jpg,3,270,ti16811191_1192.tif,train
2116,/kaggle/working/real_text_10k_dataset/doc_g2116_rot0.jpg,0,0,2024482463.tif,train
2116,/kaggle/working/real_text_10k_dataset/doc_g2116_rot90.jpg,1,90,2024482463.tif,train
2116,/kaggle/working/real_text_10k_dataset/doc_g2116_rot180.jpg,2,180,2024482463.tif,train
2116,/kaggle/working/real_text_10k_dataset/doc_g2116_rot270.jpg,3,270,2024482463.tif,train
2117,/kaggle/working/real_text_10k_dataset/doc_g2117_rot0.jpg,0,0,81875447.tif,train
2117,/kaggle/working/real_text_10k_dataset/doc_g2117_rot90.jpg,1,90,81875447.tif,train
2117,/kaggle/working/real_text_10k_dataset/doc_g2117_rot180.jpg,2,180,81875447.tif,train
2117,/kaggle/working/real_text_10k_dataset/doc_g2117_rot270.jpg,3,270,81875447.tif,train
2118,/kaggle/working/real_text_10k_dataset/doc_g2118_rot0.jpg,0,0,85696795.tif,train
2118,/kaggle/working/real_text_10k_dataset/doc_g2118_rot90.jpg,1,90,85696795.tif,train
2118,/kaggle/working/real_text_10k_dataset/doc_g2118_rot180.jpg,2,180,85696795.tif,train
2118,/kaggle/working/real_text_10k_dataset/doc_g2118_rot270.jpg,3,270,85696795.tif,train
2119,/kaggle/working/real_text_10k_dataset/doc_g2119_rot0.jpg,0,0,0001244552.tif,train
2119,/kaggle/working/real_text_10k_dataset/doc_g2119_rot90.jpg,1,90,0001244552.tif,train
2119,/kaggle/working/real_text_10k_dataset/doc_g2119_rot180.jpg,2,180,0001244552.tif,train
2119,/kaggle/working/real_text_10k_dataset/doc_g2119_rot270.jpg,3,270,0001244552.tif,train
2120,/kaggle/working/real_text_10k_dataset/doc_g2120_rot0.jpg,0,0,517725523+-5525.tif,train
2120,/kaggle/working/real_text_10k_dataset/doc_g2120_rot90.jpg,1,90,517725523+-5525.tif,train
2120,/kaggle/working/real_text_10k_dataset/doc_g2120_rot180.jpg,2,180,517725523+-5525.tif,train
2120,/kaggle/working/real_text_10k_dataset/doc_g2120_rot270.jpg,3,270,517725523+-5525.tif,train
2121,/kaggle/working/real_text_10k_dataset/doc_g2121_rot0.jpg,0,0,50406090-6091.tif,train
2121,/kaggle/working/real_text_10k_dataset/doc_g2121_rot90.jpg,1,90,50406090-6091.tif,train
2121,/kaggle/working/real_text_10k_dataset/doc_g2121_rot180.jpg,2,180,50406090-6091.tif,train
2121,/kaggle/working/real_text_10k_dataset/doc_g2121_rot270.jpg,3,270,50406090-6091.tif,train
2122,/kaggle/working/real_text_10k_dataset/doc_g2122_rot0.jpg,0,0,510617333_510617334.tif,train
2122,/kaggle/working/real_text_10k_dataset/doc_g2122_rot90.jpg,1,90,510617333_510617334.tif,train
2122,/kaggle/working/real_text_10k_dataset/doc_g2122_rot180.jpg,2,180,510617333_510617334.tif,train
2122,/kaggle/working/real_text_10k_dataset/doc_g2122_rot270.jpg,3,270,510617333_510617334.tif,train
2123,/kaggle/working/real_text_10k_dataset/doc_g2123_rot0.jpg,0,0,515945893+-5894.tif,train
2123,/kaggle/working/real_text_10k_dataset/doc_g2123_rot90.jpg,1,90,515945893+-5894.tif,train
2123,/kaggle/working/real_text_10k_dataset/doc_g2123_rot180.jpg,2,180,515945893+-5894.tif,train
2123,/kaggle/working/real_text_10k_dataset/doc_g2123_rot270.jpg,3,270,515945893+-5894.tif,train
2124,/kaggle/working/real_text_10k_dataset/doc_g2124_rot0.jpg,0,0,50414600-4604.tif,train
2124,/kaggle/working/real_text_10k_dataset/doc_g2124_rot90.jpg,1,90,50414600-4604.tif,train
2124,/kaggle/working/real_text_10k_dataset/doc_g2124_rot180.jpg,2,180,50414600-4604.tif,train
2124,/kaggle/working/real_text_10k_dataset/doc_g2124_rot270.jpg,3,270,50414600-4604.tif,train
2125,/kaggle/working/real_text_10k_dataset/doc_g2125_rot0.jpg,0,0,503151425_503151428.tif,train
2125,/kaggle/working/real_text_10k_dataset/doc_g2125_rot90.jpg,1,90,503151425_503151428.tif,train
2125,/kaggle/working/real_text_10k_dataset/doc_g2125_rot180.jpg,2,180,503151425_503151428.tif,train
2125,/kaggle/working/real_text_10k_dataset/doc_g2125_rot270.jpg,3,270,503151425_503151428.tif,train
2126,/kaggle/working/real_text_10k_dataset/doc_g2126_rot0.jpg,0,0,86652166_2168.tif,train
2126,/kaggle/working/real_text_10k_dataset/doc_g2126_rot90.jpg,1,90,86652166_2168.tif,train
2126,/kaggle/working/real_text_10k_dataset/doc_g2126_rot180.jpg,2,180,86652166_2168.tif,train
2126,/kaggle/working/real_text_10k_dataset/doc_g2126_rot270.jpg,3,270,86652166_2168.tif,train
2127,/kaggle/working/real_text_10k_dataset/doc_g2127_rot0.jpg,0,0,512753477.tif,train
2127,/kaggle/working/real_text_10k_dataset/doc_g2127_rot90.jpg,1,90,512753477.tif,train
2127,/kaggle/working/real_text_10k_dataset/doc_g2127_rot180.jpg,2,180,512753477.tif,train
2127,/kaggle/working/real_text_10k_dataset/doc_g2127_rot270.jpg,3,270,512753477.tif,train
2128,/kaggle/working/real_text_10k_dataset/doc_g2128_rot0.jpg,0,0,X51005806695.jpg,train
2128,/kaggle/working/real_text_10k_dataset/doc_g2128_rot90.jpg,1,90,X51005806695.jpg,train
2128,/kaggle/working/real_text_10k_dataset/doc_g2128_rot180.jpg,2,180,X51005806695.jpg,train
2128,/kaggle/working/real_text_10k_dataset/doc_g2128_rot270.jpg,3,270,X51005806695.jpg,train
2129,/kaggle/working/real_text_10k_dataset/doc_g2129_rot0.jpg,0,0,2023540915_2023540916.tif,val
2129,/kaggle/working/real_text_10k_dataset/doc_g2129_rot90.jpg,1,90,2023540915_2023540916.tif,val
2129,/kaggle/working/real_text_10k_dataset/doc_g2129_rot180.jpg,2,180,2023540915_2023540916.tif,val
2129,/kaggle/working/real_text_10k_dataset/doc_g2129_rot270.jpg,3,270,2023540915_2023540916.tif,val
2130,/kaggle/working/real_text_10k_dataset/doc_g2130_rot0.jpg,0,0,1002666160.tif,test
2130,/kaggle/working/real_text_10k_dataset/doc_g2130_rot90.jpg,1,90,1002666160.tif,test
2130,/kaggle/working/real_text_10k_dataset/doc_g2130_rot180.jpg,2,180,1002666160.tif,test
2130,/kaggle/working/real_text_10k_dataset/doc_g2130_rot270.jpg,3,270,1002666160.tif,test
2131,/kaggle/working/real_text_10k_dataset/doc_g2131_rot0.jpg,0,0,506743280.tif,train
2131,/kaggle/working/real_text_10k_dataset/doc_g2131_rot90.jpg,1,90,506743280.tif,train
2131,/kaggle/working/real_text_10k_dataset/doc_g2131_rot180.jpg,2,180,506743280.tif,train
2131,/kaggle/working/real_text_10k_dataset/doc_g2131_rot270.jpg,3,270,506743280.tif,train
2132,/kaggle/working/real_text_10k_dataset/doc_g2132_rot0.jpg,0,0,2504024782.tif,test
2132,/kaggle/working/real_text_10k_dataset/doc_g2132_rot90.jpg,1,90,2504024782.tif,test
2132,/kaggle/working/real_text_10k_dataset/doc_g2132_rot180.jpg,2,180,2504024782.tif,test
2132,/kaggle/working/real_text_10k_dataset/doc_g2132_rot270.jpg,3,270,2504024782.tif,test
2133,/kaggle/working/real_text_10k_dataset/doc_g2133_rot0.jpg,0,0,522812799+-2800.tif,train
2133,/kaggle/working/real_text_10k_dataset/doc_g2133_rot90.jpg,1,90,522812799+-2800.tif,train
2133,/kaggle/working/real_text_10k_dataset/doc_g2133_rot180.jpg,2,180,522812799+-2800.tif,train
2133,/kaggle/working/real_text_10k_dataset/doc_g2133_rot270.jpg,3,270,522812799+-2800.tif,train
2134,/kaggle/working/real_text_10k_dataset/doc_g2134_rot0.jpg,0,0,96332030.tif,train
2134,/kaggle/working/real_text_10k_dataset/doc_g2134_rot90.jpg,1,90,96332030.tif,train
2134,/kaggle/working/real_text_10k_dataset/doc_g2134_rot180.jpg,2,180,96332030.tif,train
2134,/kaggle/working/real_text_10k_dataset/doc_g2134_rot270.jpg,3,270,96332030.tif,train
2135,/kaggle/working/real_text_10k_dataset/doc_g2135_rot0.jpg,0,0,2045569691_9696.tif,test
2135,/kaggle/working/real_text_10k_dataset/doc_g2135_rot90.jpg,1,90,2045569691_9696.tif,test
2135,/kaggle/working/real_text_10k_dataset/doc_g2135_rot180.jpg,2,180,2045569691_9696.tif,test
2135,/kaggle/working/real_text_10k_dataset/doc_g2135_rot270.jpg,3,270,2045569691_9696.tif,test
2136,/kaggle/working/real_text_10k_dataset/doc_g2136_rot0.jpg,0,0,2078170868.tif,train
2136,/kaggle/working/real_text_10k_dataset/doc_g2136_rot90.jpg,1,90,2078170868.tif,train
2136,/kaggle/working/real_text_10k_dataset/doc_g2136_rot180.jpg,2,180,2078170868.tif,train
2136,/kaggle/working/real_text_10k_dataset/doc_g2136_rot270.jpg,3,270,2078170868.tif,train
2137,/kaggle/working/real_text_10k_dataset/doc_g2137_rot0.jpg,0,0,91341781_1799.tif,train
2137,/kaggle/working/real_text_10k_dataset/doc_g2137_rot90.jpg,1,90,91341781_1799.tif,train
2137,/kaggle/working/real_text_10k_dataset/doc_g2137_rot180.jpg,2,180,91341781_1799.tif,train
2137,/kaggle/working/real_text_10k_dataset/doc_g2137_rot270.jpg,3,270,91341781_1799.tif,train
2138,/kaggle/working/real_text_10k_dataset/doc_g2138_rot0.jpg,0,0,2028650732.tif,train
2138,/kaggle/working/real_text_10k_dataset/doc_g2138_rot90.jpg,1,90,2028650732.tif,train
2138,/kaggle/working/real_text_10k_dataset/doc_g2138_rot180.jpg,2,180,2028650732.tif,train
2138,/kaggle/working/real_text_10k_dataset/doc_g2138_rot270.jpg,3,270,2028650732.tif,train
2139,/kaggle/working/real_text_10k_dataset/doc_g2139_rot0.jpg,0,0,tob07126.44_tob07126.46.tif,train
2139,/kaggle/working/real_text_10k_dataset/doc_g2139_rot90.jpg,1,90,tob07126.44_tob07126.46.tif,train
2139,/kaggle/working/real_text_10k_dataset/doc_g2139_rot180.jpg,2,180,tob07126.44_tob07126.46.tif,train
2139,/kaggle/working/real_text_10k_dataset/doc_g2139_rot270.jpg,3,270,tob07126.44_tob07126.46.tif,train
2140,/kaggle/working/real_text_10k_dataset/doc_g2140_rot0.jpg,0,0,10399232.tif,train
2140,/kaggle/working/real_text_10k_dataset/doc_g2140_rot90.jpg,1,90,10399232.tif,train
2140,/kaggle/working/real_text_10k_dataset/doc_g2140_rot180.jpg,2,180,10399232.tif,train
2140,/kaggle/working/real_text_10k_dataset/doc_g2140_rot270.jpg,3,270,10399232.tif,train
2141,/kaggle/working/real_text_10k_dataset/doc_g2141_rot0.jpg,0,0,2058066683.tif,train
2141,/kaggle/working/real_text_10k_dataset/doc_g2141_rot90.jpg,1,90,2058066683.tif,train
2141,/kaggle/working/real_text_10k_dataset/doc_g2141_rot180.jpg,2,180,2058066683.tif,train
2141,/kaggle/working/real_text_10k_dataset/doc_g2141_rot270.jpg,3,270,2058066683.tif,train
2142,/kaggle/working/real_text_10k_dataset/doc_g2142_rot0.jpg,0,0,1000049201_1000049203.tif,train
2142,/kaggle/working/real_text_10k_dataset/doc_g2142_rot90.jpg,1,90,1000049201_1000049203.tif,train
2142,/kaggle/working/real_text_10k_dataset/doc_g2142_rot180.jpg,2,180,1000049201_1000049203.tif,train
2142,/kaggle/working/real_text_10k_dataset/doc_g2142_rot270.jpg,3,270,1000049201_1000049203.tif,train
2143,/kaggle/working/real_text_10k_dataset/doc_g2143_rot0.jpg,0,0,2071496942.tif,train
2143,/kaggle/working/real_text_10k_dataset/doc_g2143_rot90.jpg,1,90,2071496942.tif,train
2143,/kaggle/working/real_text_10k_dataset/doc_g2143_rot180.jpg,2,180,2071496942.tif,train
2143,/kaggle/working/real_text_10k_dataset/doc_g2143_rot270.jpg,3,270,2071496942.tif,train
2144,/kaggle/working/real_text_10k_dataset/doc_g2144_rot0.jpg,0,0,tnwl0041831_1832.tif,train
2144,/kaggle/working/real_text_10k_dataset/doc_g2144_rot90.jpg,1,90,tnwl0041831_1832.tif,train
2144,/kaggle/working/real_text_10k_dataset/doc_g2144_rot180.jpg,2,180,tnwl0041831_1832.tif,train
2144,/kaggle/working/real_text_10k_dataset/doc_g2144_rot270.jpg,3,270,tnwl0041831_1832.tif,train
2145,/kaggle/working/real_text_10k_dataset/doc_g2145_rot0.jpg,0,0,2084061020.tif,val
2145,/kaggle/working/real_text_10k_dataset/doc_g2145_rot90.jpg,1,90,2084061020.tif,val
2145,/kaggle/working/real_text_10k_dataset/doc_g2145_rot180.jpg,2,180,2084061020.tif,val
2145,/kaggle/working/real_text_10k_dataset/doc_g2145_rot270.jpg,3,270,2084061020.tif,val
2146,/kaggle/working/real_text_10k_dataset/doc_g2146_rot0.jpg,0,0,741.jpg,train
2146,/kaggle/working/real_text_10k_dataset/doc_g2146_rot90.jpg,1,90,741.jpg,train
2146,/kaggle/working/real_text_10k_dataset/doc_g2146_rot180.jpg,2,180,741.jpg,train
2146,/kaggle/working/real_text_10k_dataset/doc_g2146_rot270.jpg,3,270,741.jpg,train
2147,/kaggle/working/real_text_10k_dataset/doc_g2147_rot0.jpg,0,0,2022250050.tif,train
2147,/kaggle/working/real_text_10k_dataset/doc_g2147_rot90.jpg,1,90,2022250050.tif,train
2147,/kaggle/working/real_text_10k_dataset/doc_g2147_rot180.jpg,2,180,2022250050.tif,train
2147,/kaggle/working/real_text_10k_dataset/doc_g2147_rot270.jpg,3,270,2022250050.tif,train
2148,/kaggle/working/real_text_10k_dataset/doc_g2148_rot0.jpg,0,0,1005150604.tif,train
2148,/kaggle/working/real_text_10k_dataset/doc_g2148_rot90.jpg,1,90,1005150604.tif,train
2148,/kaggle/working/real_text_10k_dataset/doc_g2148_rot180.jpg,2,180,1005150604.tif,train
2148,/kaggle/working/real_text_10k_dataset/doc_g2148_rot270.jpg,3,270,1005150604.tif,train
2149,/kaggle/working/real_text_10k_dataset/doc_g2149_rot0.jpg,0,0,506241500_506241507.tif,test
2149,/kaggle/working/real_text_10k_dataset/doc_g2149_rot90.jpg,1,90,506241500_506241507.tif,test
2149,/kaggle/working/real_text_10k_dataset/doc_g2149_rot180.jpg,2,180,506241500_506241507.tif,test
2149,/kaggle/working/real_text_10k_dataset/doc_g2149_rot270.jpg,3,270,506241500_506241507.tif,test
2150,/kaggle/working/real_text_10k_dataset/doc_g2150_rot0.jpg,0,0,04225233_5234.tif,train
2150,/kaggle/working/real_text_10k_dataset/doc_g2150_rot90.jpg,1,90,04225233_5234.tif,train
2150,/kaggle/working/real_text_10k_dataset/doc_g2150_rot180.jpg,2,180,04225233_5234.tif,train
2150,/kaggle/working/real_text_10k_dataset/doc_g2150_rot270.jpg,3,270,04225233_5234.tif,train
2151,/kaggle/working/real_text_10k_dataset/doc_g2151_rot0.jpg,0,0,518294140+-4141.tif,train
2151,/kaggle/working/real_text_10k_dataset/doc_g2151_rot90.jpg,1,90,518294140+-4141.tif,train
2151,/kaggle/working/real_text_10k_dataset/doc_g2151_rot180.jpg,2,180,518294140+-4141.tif,train
2151,/kaggle/working/real_text_10k_dataset/doc_g2151_rot270.jpg,3,270,518294140+-4141.tif,train
2152,/kaggle/working/real_text_10k_dataset/doc_g2152_rot0.jpg,0,0,2501584176.tif,train
2152,/kaggle/working/real_text_10k_dataset/doc_g2152_rot90.jpg,1,90,2501584176.tif,train
2152,/kaggle/working/real_text_10k_dataset/doc_g2152_rot180.jpg,2,180,2501584176.tif,train
2152,/kaggle/working/real_text_10k_dataset/doc_g2152_rot270.jpg,3,270,2501584176.tif,train
2153,/kaggle/working/real_text_10k_dataset/doc_g2153_rot0.jpg,0,0,2085113871b.tif,train
2153,/kaggle/working/real_text_10k_dataset/doc_g2153_rot90.jpg,1,90,2085113871b.tif,train
2153,/kaggle/working/real_text_10k_dataset/doc_g2153_rot180.jpg,2,180,2085113871b.tif,train
2153,/kaggle/working/real_text_10k_dataset/doc_g2153_rot270.jpg,3,270,2085113871b.tif,train
2154,/kaggle/working/real_text_10k_dataset/doc_g2154_rot0.jpg,0,0,0060160254.tif,train
2154,/kaggle/working/real_text_10k_dataset/doc_g2154_rot90.jpg,1,90,0060160254.tif,train
2154,/kaggle/working/real_text_10k_dataset/doc_g2154_rot180.jpg,2,180,0060160254.tif,train
2154,/kaggle/working/real_text_10k_dataset/doc_g2154_rot270.jpg,3,270,0060160254.tif,train
2155,/kaggle/working/real_text_10k_dataset/doc_g2155_rot0.jpg,0,0,X51007339161.jpg,train
2155,/kaggle/working/real_text_10k_dataset/doc_g2155_rot90.jpg,1,90,X51007339161.jpg,train
2155,/kaggle/working/real_text_10k_dataset/doc_g2155_rot180.jpg,2,180,X51007339161.jpg,train
2155,/kaggle/working/real_text_10k_dataset/doc_g2155_rot270.jpg,3,270,X51007339161.jpg,train
2156,/kaggle/working/real_text_10k_dataset/doc_g2156_rot0.jpg,0,0,X51006912959.jpg,train
2156,/kaggle/working/real_text_10k_dataset/doc_g2156_rot90.jpg,1,90,X51006912959.jpg,train
2156,/kaggle/working/real_text_10k_dataset/doc_g2156_rot180.jpg,2,180,X51006912959.jpg,train
2156,/kaggle/working/real_text_10k_dataset/doc_g2156_rot270.jpg,3,270,X51006912959.jpg,train
2157,/kaggle/working/real_text_10k_dataset/doc_g2157_rot0.jpg,0,0,2085566443_6461.tif,train
2157,/kaggle/working/real_text_10k_dataset/doc_g2157_rot90.jpg,1,90,2085566443_6461.tif,train
2157,/kaggle/working/real_text_10k_dataset/doc_g2157_rot180.jpg,2,180,2085566443_6461.tif,train
2157,/kaggle/working/real_text_10k_dataset/doc_g2157_rot270.jpg,3,270,2085566443_6461.tif,train
2158,/kaggle/working/real_text_10k_dataset/doc_g2158_rot0.jpg,0,0,86086897_6898.tif,val
2158,/kaggle/working/real_text_10k_dataset/doc_g2158_rot90.jpg,1,90,86086897_6898.tif,val
2158,/kaggle/working/real_text_10k_dataset/doc_g2158_rot180.jpg,2,180,86086897_6898.tif,val
2158,/kaggle/working/real_text_10k_dataset/doc_g2158_rot270.jpg,3,270,86086897_6898.tif,val
2159,/kaggle/working/real_text_10k_dataset/doc_g2159_rot0.jpg,0,0,2024210782.tif,train
2159,/kaggle/working/real_text_10k_dataset/doc_g2159_rot90.jpg,1,90,2024210782.tif,train
2159,/kaggle/working/real_text_10k_dataset/doc_g2159_rot180.jpg,2,180,2024210782.tif,train
2159,/kaggle/working/real_text_10k_dataset/doc_g2159_rot270.jpg,3,270,2024210782.tif,train
2160,/kaggle/working/real_text_10k_dataset/doc_g2160_rot0.jpg,0,0,2505493642.tif,test
2160,/kaggle/working/real_text_10k_dataset/doc_g2160_rot90.jpg,1,90,2505493642.tif,test
2160,/kaggle/working/real_text_10k_dataset/doc_g2160_rot180.jpg,2,180,2505493642.tif,test
2160,/kaggle/working/real_text_10k_dataset/doc_g2160_rot270.jpg,3,270,2505493642.tif,test
2161,/kaggle/working/real_text_10k_dataset/doc_g2161_rot0.jpg,0,0,2063300477.tif,train
2161,/kaggle/working/real_text_10k_dataset/doc_g2161_rot90.jpg,1,90,2063300477.tif,train
2161,/kaggle/working/real_text_10k_dataset/doc_g2161_rot180.jpg,2,180,2063300477.tif,train
2161,/kaggle/working/real_text_10k_dataset/doc_g2161_rot270.jpg,3,270,2063300477.tif,train
2162,/kaggle/working/real_text_10k_dataset/doc_g2162_rot0.jpg,0,0,2030340364_2030340375.tif,test
2162,/kaggle/working/real_text_10k_dataset/doc_g2162_rot90.jpg,1,90,2030340364_2030340375.tif,test
2162,/kaggle/working/real_text_10k_dataset/doc_g2162_rot180.jpg,2,180,2030340364_2030340375.tif,test
2162,/kaggle/working/real_text_10k_dataset/doc_g2162_rot270.jpg,3,270,2030340364_2030340375.tif,test
2163,/kaggle/working/real_text_10k_dataset/doc_g2163_rot0.jpg,0,0,0060163325.tif,train
2163,/kaggle/working/real_text_10k_dataset/doc_g2163_rot90.jpg,1,90,0060163325.tif,train
2163,/kaggle/working/real_text_10k_dataset/doc_g2163_rot180.jpg,2,180,0060163325.tif,train
2163,/kaggle/working/real_text_10k_dataset/doc_g2163_rot270.jpg,3,270,0060163325.tif,train
2164,/kaggle/working/real_text_10k_dataset/doc_g2164_rot0.jpg,0,0,receipt_00791.png,train
2164,/kaggle/working/real_text_10k_dataset/doc_g2164_rot90.jpg,1,90,receipt_00791.png,train
2164,/kaggle/working/real_text_10k_dataset/doc_g2164_rot180.jpg,2,180,receipt_00791.png,train
2164,/kaggle/working/real_text_10k_dataset/doc_g2164_rot270.jpg,3,270,receipt_00791.png,train
2165,/kaggle/working/real_text_10k_dataset/doc_g2165_rot0.jpg,0,0,70012061-2061.tif,val
2165,/kaggle/working/real_text_10k_dataset/doc_g2165_rot90.jpg,1,90,70012061-2061.tif,val
2165,/kaggle/working/real_text_10k_dataset/doc_g2165_rot180.jpg,2,180,70012061-2061.tif,val
2165,/kaggle/working/real_text_10k_dataset/doc_g2165_rot270.jpg,3,270,70012061-2061.tif,val
2166,/kaggle/working/real_text_10k_dataset/doc_g2166_rot0.jpg,0,0,11300173-0173.tif,train
2166,/kaggle/working/real_text_10k_dataset/doc_g2166_rot90.jpg,1,90,11300173-0173.tif,train
2166,/kaggle/working/real_text_10k_dataset/doc_g2166_rot180.jpg,2,180,11300173-0173.tif,train
2166,/kaggle/working/real_text_10k_dataset/doc_g2166_rot270.jpg,3,270,11300173-0173.tif,train
2167,/kaggle/working/real_text_10k_dataset/doc_g2167_rot0.jpg,0,0,96025994.tif,train
2167,/kaggle/working/real_text_10k_dataset/doc_g2167_rot90.jpg,1,90,96025994.tif,train
2167,/kaggle/working/real_text_10k_dataset/doc_g2167_rot180.jpg,2,180,96025994.tif,train
2167,/kaggle/working/real_text_10k_dataset/doc_g2167_rot270.jpg,3,270,96025994.tif,train
2168,/kaggle/working/real_text_10k_dataset/doc_g2168_rot0.jpg,0,0,2025028742.tif,test
2168,/kaggle/working/real_text_10k_dataset/doc_g2168_rot90.jpg,1,90,2025028742.tif,test
2168,/kaggle/working/real_text_10k_dataset/doc_g2168_rot180.jpg,2,180,2025028742.tif,test
2168,/kaggle/working/real_text_10k_dataset/doc_g2168_rot270.jpg,3,270,2025028742.tif,test
2169,/kaggle/working/real_text_10k_dataset/doc_g2169_rot0.jpg,0,0,2040646973.tif,train
2169,/kaggle/working/real_text_10k_dataset/doc_g2169_rot90.jpg,1,90,2040646973.tif,train
2169,/kaggle/working/real_text_10k_dataset/doc_g2169_rot180.jpg,2,180,2040646973.tif,train
2169,/kaggle/working/real_text_10k_dataset/doc_g2169_rot270.jpg,3,270,2040646973.tif,train
2170,/kaggle/working/real_text_10k_dataset/doc_g2170_rot0.jpg,0,0,X51005442386.jpg,train
2170,/kaggle/working/real_text_10k_dataset/doc_g2170_rot90.jpg,1,90,X51005442386.jpg,train
2170,/kaggle/working/real_text_10k_dataset/doc_g2170_rot180.jpg,2,180,X51005442386.jpg,train
2170,/kaggle/working/real_text_10k_dataset/doc_g2170_rot270.jpg,3,270,X51005442386.jpg,train
2171,/kaggle/working/real_text_10k_dataset/doc_g2171_rot0.jpg,0,0,2080721870.tif,train
2171,/kaggle/working/real_text_10k_dataset/doc_g2171_rot90.jpg,1,90,2080721870.tif,train
2171,/kaggle/working/real_text_10k_dataset/doc_g2171_rot180.jpg,2,180,2080721870.tif,train
2171,/kaggle/working/real_text_10k_dataset/doc_g2171_rot270.jpg,3,270,2080721870.tif,train
2172,/kaggle/working/real_text_10k_dataset/doc_g2172_rot0.jpg,0,0,2031321699.tif,train
2172,/kaggle/working/real_text_10k_dataset/doc_g2172_rot90.jpg,1,90,2031321699.tif,train
2172,/kaggle/working/real_text_10k_dataset/doc_g2172_rot180.jpg,2,180,2031321699.tif,train
2172,/kaggle/working/real_text_10k_dataset/doc_g2172_rot270.jpg,3,270,2031321699.tif,train
2173,/kaggle/working/real_text_10k_dataset/doc_g2173_rot0.jpg,0,0,81839536.tif,val
2173,/kaggle/working/real_text_10k_dataset/doc_g2173_rot90.jpg,1,90,81839536.tif,val
2173,/kaggle/working/real_text_10k_dataset/doc_g2173_rot180.jpg,2,180,81839536.tif,val
2173,/kaggle/working/real_text_10k_dataset/doc_g2173_rot270.jpg,3,270,81839536.tif,val
2174,/kaggle/working/real_text_10k_dataset/doc_g2174_rot0.jpg,0,0,2077815232b.tif,train
2174,/kaggle/working/real_text_10k_dataset/doc_g2174_rot90.jpg,1,90,2077815232b.tif,train
2174,/kaggle/working/real_text_10k_dataset/doc_g2174_rot180.jpg,2,180,2077815232b.tif,train
2174,/kaggle/working/real_text_10k_dataset/doc_g2174_rot270.jpg,3,270,2077815232b.tif,train
2175,/kaggle/working/real_text_10k_dataset/doc_g2175_rot0.jpg,0,0,2053633724.tif,train
2175,/kaggle/working/real_text_10k_dataset/doc_g2175_rot90.jpg,1,90,2053633724.tif,train
2175,/kaggle/working/real_text_10k_dataset/doc_g2175_rot180.jpg,2,180,2053633724.tif,train
2175,/kaggle/working/real_text_10k_dataset/doc_g2175_rot270.jpg,3,270,2053633724.tif,train
2176,/kaggle/working/real_text_10k_dataset/doc_g2176_rot0.jpg,0,0,500185528_500185529.tif,train
2176,/kaggle/working/real_text_10k_dataset/doc_g2176_rot90.jpg,1,90,500185528_500185529.tif,train
2176,/kaggle/working/real_text_10k_dataset/doc_g2176_rot180.jpg,2,180,500185528_500185529.tif,train
2176,/kaggle/working/real_text_10k_dataset/doc_g2176_rot270.jpg,3,270,500185528_500185529.tif,train
2177,/kaggle/working/real_text_10k_dataset/doc_g2177_rot0.jpg,0,0,2024967500_2024967516.tif,val
2177,/kaggle/working/real_text_10k_dataset/doc_g2177_rot90.jpg,1,90,2024967500_2024967516.tif,val
2177,/kaggle/working/real_text_10k_dataset/doc_g2177_rot180.jpg,2,180,2024967500_2024967516.tif,val
2177,/kaggle/working/real_text_10k_dataset/doc_g2177_rot270.jpg,3,270,2024967500_2024967516.tif,val
2178,/kaggle/working/real_text_10k_dataset/doc_g2178_rot0.jpg,0,0,2031301299.tif,train
2178,/kaggle/working/real_text_10k_dataset/doc_g2178_rot90.jpg,1,90,2031301299.tif,train
2178,/kaggle/working/real_text_10k_dataset/doc_g2178_rot180.jpg,2,180,2031301299.tif,train
2178,/kaggle/working/real_text_10k_dataset/doc_g2178_rot270.jpg,3,270,2031301299.tif,train
2179,/kaggle/working/real_text_10k_dataset/doc_g2179_rot0.jpg,0,0,502610765+-0765.tif,val
2179,/kaggle/working/real_text_10k_dataset/doc_g2179_rot90.jpg,1,90,502610765+-0765.tif,val
2179,/kaggle/working/real_text_10k_dataset/doc_g2179_rot180.jpg,2,180,502610765+-0765.tif,val
2179,/kaggle/working/real_text_10k_dataset/doc_g2179_rot270.jpg,3,270,502610765+-0765.tif,val
2180,/kaggle/working/real_text_10k_dataset/doc_g2180_rot0.jpg,0,0,0071003314.tif,test
2180,/kaggle/working/real_text_10k_dataset/doc_g2180_rot90.jpg,1,90,0071003314.tif,test
2180,/kaggle/working/real_text_10k_dataset/doc_g2180_rot180.jpg,2,180,0071003314.tif,test
2180,/kaggle/working/real_text_10k_dataset/doc_g2180_rot270.jpg,3,270,0071003314.tif,test
2181,/kaggle/working/real_text_10k_dataset/doc_g2181_rot0.jpg,0,0,50534774-4775.tif,train
2181,/kaggle/working/real_text_10k_dataset/doc_g2181_rot90.jpg,1,90,50534774-4775.tif,train
2181,/kaggle/working/real_text_10k_dataset/doc_g2181_rot180.jpg,2,180,50534774-4775.tif,train
2181,/kaggle/working/real_text_10k_dataset/doc_g2181_rot270.jpg,3,270,50534774-4775.tif,train
2182,/kaggle/working/real_text_10k_dataset/doc_g2182_rot0.jpg,0,0,2081765673c.tif,train
2182,/kaggle/working/real_text_10k_dataset/doc_g2182_rot90.jpg,1,90,2081765673c.tif,train
2182,/kaggle/working/real_text_10k_dataset/doc_g2182_rot180.jpg,2,180,2081765673c.tif,train
2182,/kaggle/working/real_text_10k_dataset/doc_g2182_rot270.jpg,3,270,2081765673c.tif,train
2183,/kaggle/working/real_text_10k_dataset/doc_g2183_rot0.jpg,0,0,2076073304_3309.tif,train
2183,/kaggle/working/real_text_10k_dataset/doc_g2183_rot90.jpg,1,90,2076073304_3309.tif,train
2183,/kaggle/working/real_text_10k_dataset/doc_g2183_rot180.jpg,2,180,2076073304_3309.tif,train
2183,/kaggle/working/real_text_10k_dataset/doc_g2183_rot270.jpg,3,270,2076073304_3309.tif,train
2184,/kaggle/working/real_text_10k_dataset/doc_g2184_rot0.jpg,0,0,10047864.tif,val
2184,/kaggle/working/real_text_10k_dataset/doc_g2184_rot90.jpg,1,90,10047864.tif,val
2184,/kaggle/working/real_text_10k_dataset/doc_g2184_rot180.jpg,2,180,10047864.tif,val
2184,/kaggle/working/real_text_10k_dataset/doc_g2184_rot270.jpg,3,270,10047864.tif,val
2185,/kaggle/working/real_text_10k_dataset/doc_g2185_rot0.jpg,0,0,94067158.tif,train
2185,/kaggle/working/real_text_10k_dataset/doc_g2185_rot90.jpg,1,90,94067158.tif,train
2185,/kaggle/working/real_text_10k_dataset/doc_g2185_rot180.jpg,2,180,94067158.tif,train
2185,/kaggle/working/real_text_10k_dataset/doc_g2185_rot270.jpg,3,270,94067158.tif,train
2186,/kaggle/working/real_text_10k_dataset/doc_g2186_rot0.jpg,0,0,24014728.tif,train
2186,/kaggle/working/real_text_10k_dataset/doc_g2186_rot90.jpg,1,90,24014728.tif,train
2186,/kaggle/working/real_text_10k_dataset/doc_g2186_rot180.jpg,2,180,24014728.tif,train
2186,/kaggle/working/real_text_10k_dataset/doc_g2186_rot270.jpg,3,270,24014728.tif,train
2187,/kaggle/working/real_text_10k_dataset/doc_g2187_rot0.jpg,0,0,2049299913_2049299917.tif,test
2187,/kaggle/working/real_text_10k_dataset/doc_g2187_rot90.jpg,1,90,2049299913_2049299917.tif,test
2187,/kaggle/working/real_text_10k_dataset/doc_g2187_rot180.jpg,2,180,2049299913_2049299917.tif,test
2187,/kaggle/working/real_text_10k_dataset/doc_g2187_rot270.jpg,3,270,2049299913_2049299917.tif,test
2188,/kaggle/working/real_text_10k_dataset/doc_g2188_rot0.jpg,0,0,504648352+-8353.tif,train
2188,/kaggle/working/real_text_10k_dataset/doc_g2188_rot90.jpg,1,90,504648352+-8353.tif,train
2188,/kaggle/working/real_text_10k_dataset/doc_g2188_rot180.jpg,2,180,504648352+-8353.tif,train
2188,/kaggle/working/real_text_10k_dataset/doc_g2188_rot270.jpg,3,270,504648352+-8353.tif,train
2189,/kaggle/working/real_text_10k_dataset/doc_g2189_rot0.jpg,0,0,2041016447.tif,train
2189,/kaggle/working/real_text_10k_dataset/doc_g2189_rot90.jpg,1,90,2041016447.tif,train
2189,/kaggle/working/real_text_10k_dataset/doc_g2189_rot180.jpg,2,180,2041016447.tif,train
2189,/kaggle/working/real_text_10k_dataset/doc_g2189_rot270.jpg,3,270,2041016447.tif,train
2190,/kaggle/working/real_text_10k_dataset/doc_g2190_rot0.jpg,0,0,1002761530.tif,train
2190,/kaggle/working/real_text_10k_dataset/doc_g2190_rot90.jpg,1,90,1002761530.tif,train
2190,/kaggle/working/real_text_10k_dataset/doc_g2190_rot180.jpg,2,180,1002761530.tif,train
2190,/kaggle/working/real_text_10k_dataset/doc_g2190_rot270.jpg,3,270,1002761530.tif,train
2191,/kaggle/working/real_text_10k_dataset/doc_g2191_rot0.jpg,0,0,1000354977.tif,train
2191,/kaggle/working/real_text_10k_dataset/doc_g2191_rot90.jpg,1,90,1000354977.tif,train
2191,/kaggle/working/real_text_10k_dataset/doc_g2191_rot180.jpg,2,180,1000354977.tif,train
2191,/kaggle/working/real_text_10k_dataset/doc_g2191_rot270.jpg,3,270,1000354977.tif,train
2192,/kaggle/working/real_text_10k_dataset/doc_g2192_rot0.jpg,0,0,2083291863b.tif,train
2192,/kaggle/working/real_text_10k_dataset/doc_g2192_rot90.jpg,1,90,2083291863b.tif,train
2192,/kaggle/working/real_text_10k_dataset/doc_g2192_rot180.jpg,2,180,2083291863b.tif,train
2192,/kaggle/working/real_text_10k_dataset/doc_g2192_rot270.jpg,3,270,2083291863b.tif,train
2193,/kaggle/working/real_text_10k_dataset/doc_g2193_rot0.jpg,0,0,502599619+-9619.tif,train
2193,/kaggle/working/real_text_10k_dataset/doc_g2193_rot90.jpg,1,90,502599619+-9619.tif,train
2193,/kaggle/working/real_text_10k_dataset/doc_g2193_rot180.jpg,2,180,502599619+-9619.tif,train
2193,/kaggle/working/real_text_10k_dataset/doc_g2193_rot270.jpg,3,270,502599619+-9619.tif,train
2194,/kaggle/working/real_text_10k_dataset/doc_g2194_rot0.jpg,0,0,2063179271_9271a.tif,val
2194,/kaggle/working/real_text_10k_dataset/doc_g2194_rot90.jpg,1,90,2063179271_9271a.tif,val
2194,/kaggle/working/real_text_10k_dataset/doc_g2194_rot180.jpg,2,180,2063179271_9271a.tif,val
2194,/kaggle/working/real_text_10k_dataset/doc_g2194_rot270.jpg,3,270,2063179271_9271a.tif,val
2195,/kaggle/working/real_text_10k_dataset/doc_g2195_rot0.jpg,0,0,2023893476.tif,train
2195,/kaggle/working/real_text_10k_dataset/doc_g2195_rot90.jpg,1,90,2023893476.tif,train
2195,/kaggle/working/real_text_10k_dataset/doc_g2195_rot180.jpg,2,180,2023893476.tif,train
2195,/kaggle/working/real_text_10k_dataset/doc_g2195_rot270.jpg,3,270,2023893476.tif,train
2196,/kaggle/working/real_text_10k_dataset/doc_g2196_rot0.jpg,0,0,2054934663.tif,train
2196,/kaggle/working/real_text_10k_dataset/doc_g2196_rot90.jpg,1,90,2054934663.tif,train
2196,/kaggle/working/real_text_10k_dataset/doc_g2196_rot180.jpg,2,180,2054934663.tif,train
2196,/kaggle/working/real_text_10k_dataset/doc_g2196_rot270.jpg,3,270,2054934663.tif,train
2197,/kaggle/working/real_text_10k_dataset/doc_g2197_rot0.jpg,0,0,2042927907.tif,train
2197,/kaggle/working/real_text_10k_dataset/doc_g2197_rot90.jpg,1,90,2042927907.tif,train
2197,/kaggle/working/real_text_10k_dataset/doc_g2197_rot180.jpg,2,180,2042927907.tif,train
2197,/kaggle/working/real_text_10k_dataset/doc_g2197_rot270.jpg,3,270,2042927907.tif,train
2198,/kaggle/working/real_text_10k_dataset/doc_g2198_rot0.jpg,0,0,tob13032.77.tif,train
2198,/kaggle/working/real_text_10k_dataset/doc_g2198_rot90.jpg,1,90,tob13032.77.tif,train
2198,/kaggle/working/real_text_10k_dataset/doc_g2198_rot180.jpg,2,180,tob13032.77.tif,train
2198,/kaggle/working/real_text_10k_dataset/doc_g2198_rot270.jpg,3,270,tob13032.77.tif,train
2199,/kaggle/working/real_text_10k_dataset/doc_g2199_rot0.jpg,0,0,89000205.tif,train
2199,/kaggle/working/real_text_10k_dataset/doc_g2199_rot90.jpg,1,90,89000205.tif,train
2199,/kaggle/working/real_text_10k_dataset/doc_g2199_rot180.jpg,2,180,89000205.tif,train
2199,/kaggle/working/real_text_10k_dataset/doc_g2199_rot270.jpg,3,270,89000205.tif,train
2200,/kaggle/working/real_text_10k_dataset/doc_g2200_rot0.jpg,0,0,X51006414394.jpg,train
2200,/kaggle/working/real_text_10k_dataset/doc_g2200_rot90.jpg,1,90,X51006414394.jpg,train
2200,/kaggle/working/real_text_10k_dataset/doc_g2200_rot180.jpg,2,180,X51006414394.jpg,train
2200,/kaggle/working/real_text_10k_dataset/doc_g2200_rot270.jpg,3,270,X51006414394.jpg,train
2201,/kaggle/working/real_text_10k_dataset/doc_g2201_rot0.jpg,0,0,X51007419197.jpg,train
2201,/kaggle/working/real_text_10k_dataset/doc_g2201_rot90.jpg,1,90,X51007419197.jpg,train
2201,/kaggle/working/real_text_10k_dataset/doc_g2201_rot180.jpg,2,180,X51007419197.jpg,train
2201,/kaggle/working/real_text_10k_dataset/doc_g2201_rot270.jpg,3,270,X51007419197.jpg,train
2202,/kaggle/working/real_text_10k_dataset/doc_g2202_rot0.jpg,0,0,2040956722.tif,train
2202,/kaggle/working/real_text_10k_dataset/doc_g2202_rot90.jpg,1,90,2040956722.tif,train
2202,/kaggle/working/real_text_10k_dataset/doc_g2202_rot180.jpg,2,180,2040956722.tif,train
2202,/kaggle/working/real_text_10k_dataset/doc_g2202_rot270.jpg,3,270,2040956722.tif,train
2203,/kaggle/working/real_text_10k_dataset/doc_g2203_rot0.jpg,0,0,0001434542.tif,train
2203,/kaggle/working/real_text_10k_dataset/doc_g2203_rot90.jpg,1,90,0001434542.tif,train
2203,/kaggle/working/real_text_10k_dataset/doc_g2203_rot180.jpg,2,180,0001434542.tif,train
2203,/kaggle/working/real_text_10k_dataset/doc_g2203_rot270.jpg,3,270,0001434542.tif,train
2204,/kaggle/working/real_text_10k_dataset/doc_g2204_rot0.jpg,0,0,2084024865.tif,train
2204,/kaggle/working/real_text_10k_dataset/doc_g2204_rot90.jpg,1,90,2084024865.tif,train
2204,/kaggle/working/real_text_10k_dataset/doc_g2204_rot180.jpg,2,180,2084024865.tif,train
2204,/kaggle/working/real_text_10k_dataset/doc_g2204_rot270.jpg,3,270,2084024865.tif,train
2205,/kaggle/working/real_text_10k_dataset/doc_g2205_rot0.jpg,0,0,2073074128.tif,train
2205,/kaggle/working/real_text_10k_dataset/doc_g2205_rot90.jpg,1,90,2073074128.tif,train
2205,/kaggle/working/real_text_10k_dataset/doc_g2205_rot180.jpg,2,180,2073074128.tif,train
2205,/kaggle/working/real_text_10k_dataset/doc_g2205_rot270.jpg,3,270,2073074128.tif,train
2206,/kaggle/working/real_text_10k_dataset/doc_g2206_rot0.jpg,0,0,50537378-7379.tif,train
2206,/kaggle/working/real_text_10k_dataset/doc_g2206_rot90.jpg,1,90,50537378-7379.tif,train
2206,/kaggle/working/real_text_10k_dataset/doc_g2206_rot180.jpg,2,180,50537378-7379.tif,train
2206,/kaggle/working/real_text_10k_dataset/doc_g2206_rot270.jpg,3,270,50537378-7379.tif,train
2207,/kaggle/working/real_text_10k_dataset/doc_g2207_rot0.jpg,0,0,98689564_9573.tif,train
2207,/kaggle/working/real_text_10k_dataset/doc_g2207_rot90.jpg,1,90,98689564_9573.tif,train
2207,/kaggle/working/real_text_10k_dataset/doc_g2207_rot180.jpg,2,180,98689564_9573.tif,train
2207,/kaggle/working/real_text_10k_dataset/doc_g2207_rot270.jpg,3,270,98689564_9573.tif,train
2208,/kaggle/working/real_text_10k_dataset/doc_g2208_rot0.jpg,0,0,2054934865.tif,train
2208,/kaggle/working/real_text_10k_dataset/doc_g2208_rot90.jpg,1,90,2054934865.tif,train
2208,/kaggle/working/real_text_10k_dataset/doc_g2208_rot180.jpg,2,180,2054934865.tif,train
2208,/kaggle/working/real_text_10k_dataset/doc_g2208_rot270.jpg,3,270,2054934865.tif,train
2209,/kaggle/working/real_text_10k_dataset/doc_g2209_rot0.jpg,0,0,2023720512.tif,train
2209,/kaggle/working/real_text_10k_dataset/doc_g2209_rot90.jpg,1,90,2023720512.tif,train
2209,/kaggle/working/real_text_10k_dataset/doc_g2209_rot180.jpg,2,180,2023720512.tif,train
2209,/kaggle/working/real_text_10k_dataset/doc_g2209_rot270.jpg,3,270,2023720512.tif,train
2210,/kaggle/working/real_text_10k_dataset/doc_g2210_rot0.jpg,0,0,87698720_8723.tif,train
2210,/kaggle/working/real_text_10k_dataset/doc_g2210_rot90.jpg,1,90,87698720_8723.tif,train
2210,/kaggle/working/real_text_10k_dataset/doc_g2210_rot180.jpg,2,180,87698720_8723.tif,train
2210,/kaggle/working/real_text_10k_dataset/doc_g2210_rot270.jpg,3,270,87698720_8723.tif,train
2211,/kaggle/working/real_text_10k_dataset/doc_g2211_rot0.jpg,0,0,96377091.tif,train
2211,/kaggle/working/real_text_10k_dataset/doc_g2211_rot90.jpg,1,90,96377091.tif,train
2211,/kaggle/working/real_text_10k_dataset/doc_g2211_rot180.jpg,2,180,96377091.tif,train
2211,/kaggle/working/real_text_10k_dataset/doc_g2211_rot270.jpg,3,270,96377091.tif,train
2212,/kaggle/working/real_text_10k_dataset/doc_g2212_rot0.jpg,0,0,98713163_3165.tif,train
2212,/kaggle/working/real_text_10k_dataset/doc_g2212_rot90.jpg,1,90,98713163_3165.tif,train
2212,/kaggle/working/real_text_10k_dataset/doc_g2212_rot180.jpg,2,180,98713163_3165.tif,train
2212,/kaggle/working/real_text_10k_dataset/doc_g2212_rot270.jpg,3,270,98713163_3165.tif,train
2213,/kaggle/working/real_text_10k_dataset/doc_g2213_rot0.jpg,0,0,2028378973-a.tif,test
2213,/kaggle/working/real_text_10k_dataset/doc_g2213_rot90.jpg,1,90,2028378973-a.tif,test
2213,/kaggle/working/real_text_10k_dataset/doc_g2213_rot180.jpg,2,180,2028378973-a.tif,test
2213,/kaggle/working/real_text_10k_dataset/doc_g2213_rot270.jpg,3,270,2028378973-a.tif,test
2214,/kaggle/working/real_text_10k_dataset/doc_g2214_rot0.jpg,0,0,2084113305.tif,train
2214,/kaggle/working/real_text_10k_dataset/doc_g2214_rot90.jpg,1,90,2084113305.tif,train
2214,/kaggle/working/real_text_10k_dataset/doc_g2214_rot180.jpg,2,180,2084113305.tif,train
2214,/kaggle/working/real_text_10k_dataset/doc_g2214_rot270.jpg,3,270,2084113305.tif,train
2215,/kaggle/working/real_text_10k_dataset/doc_g2215_rot0.jpg,0,0,0000895405.tif,train
2215,/kaggle/working/real_text_10k_dataset/doc_g2215_rot90.jpg,1,90,0000895405.tif,train
2215,/kaggle/working/real_text_10k_dataset/doc_g2215_rot180.jpg,2,180,0000895405.tif,train
2215,/kaggle/working/real_text_10k_dataset/doc_g2215_rot270.jpg,3,270,0000895405.tif,train
2216,/kaggle/working/real_text_10k_dataset/doc_g2216_rot0.jpg,0,0,2078341085.tif,train
2216,/kaggle/working/real_text_10k_dataset/doc_g2216_rot90.jpg,1,90,2078341085.tif,train
2216,/kaggle/working/real_text_10k_dataset/doc_g2216_rot180.jpg,2,180,2078341085.tif,train
2216,/kaggle/working/real_text_10k_dataset/doc_g2216_rot270.jpg,3,270,2078341085.tif,train
2217,/kaggle/working/real_text_10k_dataset/doc_g2217_rot0.jpg,0,0,01839237_01839241.tif,val
2217,/kaggle/working/real_text_10k_dataset/doc_g2217_rot90.jpg,1,90,01839237_01839241.tif,val
2217,/kaggle/working/real_text_10k_dataset/doc_g2217_rot180.jpg,2,180,01839237_01839241.tif,val
2217,/kaggle/working/real_text_10k_dataset/doc_g2217_rot270.jpg,3,270,01839237_01839241.tif,val
2218,/kaggle/working/real_text_10k_dataset/doc_g2218_rot0.jpg,0,0,50447008-7008.tif,train
2218,/kaggle/working/real_text_10k_dataset/doc_g2218_rot90.jpg,1,90,50447008-7008.tif,train
2218,/kaggle/working/real_text_10k_dataset/doc_g2218_rot180.jpg,2,180,50447008-7008.tif,train
2218,/kaggle/working/real_text_10k_dataset/doc_g2218_rot270.jpg,3,270,50447008-7008.tif,train
2219,/kaggle/working/real_text_10k_dataset/doc_g2219_rot0.jpg,0,0,2057349193.tif,train
2219,/kaggle/working/real_text_10k_dataset/doc_g2219_rot90.jpg,1,90,2057349193.tif,train
2219,/kaggle/working/real_text_10k_dataset/doc_g2219_rot180.jpg,2,180,2057349193.tif,train
2219,/kaggle/working/real_text_10k_dataset/doc_g2219_rot270.jpg,3,270,2057349193.tif,train
2220,/kaggle/working/real_text_10k_dataset/doc_g2220_rot0.jpg,0,0,2071980477.tif,train
2220,/kaggle/working/real_text_10k_dataset/doc_g2220_rot90.jpg,1,90,2071980477.tif,train
2220,/kaggle/working/real_text_10k_dataset/doc_g2220_rot180.jpg,2,180,2071980477.tif,train
2220,/kaggle/working/real_text_10k_dataset/doc_g2220_rot270.jpg,3,270,2071980477.tif,train
2221,/kaggle/working/real_text_10k_dataset/doc_g2221_rot0.jpg,0,0,60038581.tif,train
2221,/kaggle/working/real_text_10k_dataset/doc_g2221_rot90.jpg,1,90,60038581.tif,train
2221,/kaggle/working/real_text_10k_dataset/doc_g2221_rot180.jpg,2,180,60038581.tif,train
2221,/kaggle/working/real_text_10k_dataset/doc_g2221_rot270.jpg,3,270,60038581.tif,train
2222,/kaggle/working/real_text_10k_dataset/doc_g2222_rot0.jpg,0,0,2076858104.tif,train
2222,/kaggle/working/real_text_10k_dataset/doc_g2222_rot90.jpg,1,90,2076858104.tif,train
2222,/kaggle/working/real_text_10k_dataset/doc_g2222_rot180.jpg,2,180,2076858104.tif,train
2222,/kaggle/working/real_text_10k_dataset/doc_g2222_rot270.jpg,3,270,2076858104.tif,train
2223,/kaggle/working/real_text_10k_dataset/doc_g2223_rot0.jpg,0,0,82085279_5298.tif,train
2223,/kaggle/working/real_text_10k_dataset/doc_g2223_rot90.jpg,1,90,82085279_5298.tif,train
2223,/kaggle/working/real_text_10k_dataset/doc_g2223_rot180.jpg,2,180,82085279_5298.tif,train
2223,/kaggle/working/real_text_10k_dataset/doc_g2223_rot270.jpg,3,270,82085279_5298.tif,train
2224,/kaggle/working/real_text_10k_dataset/doc_g2224_rot0.jpg,0,0,86462778.tif,train
2224,/kaggle/working/real_text_10k_dataset/doc_g2224_rot90.jpg,1,90,86462778.tif,train
2224,/kaggle/working/real_text_10k_dataset/doc_g2224_rot180.jpg,2,180,86462778.tif,train
2224,/kaggle/working/real_text_10k_dataset/doc_g2224_rot270.jpg,3,270,86462778.tif,train
2225,/kaggle/working/real_text_10k_dataset/doc_g2225_rot0.jpg,0,0,receipt_00034.png,train
2225,/kaggle/working/real_text_10k_dataset/doc_g2225_rot90.jpg,1,90,receipt_00034.png,train
2225,/kaggle/working/real_text_10k_dataset/doc_g2225_rot180.jpg,2,180,receipt_00034.png,train
2225,/kaggle/working/real_text_10k_dataset/doc_g2225_rot270.jpg,3,270,receipt_00034.png,train
2226,/kaggle/working/real_text_10k_dataset/doc_g2226_rot0.jpg,0,0,71390336.tif,train
2226,/kaggle/working/real_text_10k_dataset/doc_g2226_rot90.jpg,1,90,71390336.tif,train
2226,/kaggle/working/real_text_10k_dataset/doc_g2226_rot180.jpg,2,180,71390336.tif,train
2226,/kaggle/working/real_text_10k_dataset/doc_g2226_rot270.jpg,3,270,71390336.tif,train
2227,/kaggle/working/real_text_10k_dataset/doc_g2227_rot0.jpg,0,0,1002479453_1002479458.tif,test
2227,/kaggle/working/real_text_10k_dataset/doc_g2227_rot90.jpg,1,90,1002479453_1002479458.tif,test
2227,/kaggle/working/real_text_10k_dataset/doc_g2227_rot180.jpg,2,180,1002479453_1002479458.tif,test
2227,/kaggle/working/real_text_10k_dataset/doc_g2227_rot270.jpg,3,270,1002479453_1002479458.tif,test
2228,/kaggle/working/real_text_10k_dataset/doc_g2228_rot0.jpg,0,0,503973123_503973124.tif,train
2228,/kaggle/working/real_text_10k_dataset/doc_g2228_rot90.jpg,1,90,503973123_503973124.tif,train
2228,/kaggle/working/real_text_10k_dataset/doc_g2228_rot180.jpg,2,180,503973123_503973124.tif,train
2228,/kaggle/working/real_text_10k_dataset/doc_g2228_rot270.jpg,3,270,503973123_503973124.tif,train
2229,/kaggle/working/real_text_10k_dataset/doc_g2229_rot0.jpg,0,0,2072098077.tif,train
2229,/kaggle/working/real_text_10k_dataset/doc_g2229_rot90.jpg,1,90,2072098077.tif,train
2229,/kaggle/working/real_text_10k_dataset/doc_g2229_rot180.jpg,2,180,2072098077.tif,train
2229,/kaggle/working/real_text_10k_dataset/doc_g2229_rot270.jpg,3,270,2072098077.tif,train
2230,/kaggle/working/real_text_10k_dataset/doc_g2230_rot0.jpg,0,0,2063856591_6592.tif,train
2230,/kaggle/working/real_text_10k_dataset/doc_g2230_rot90.jpg,1,90,2063856591_6592.tif,train
2230,/kaggle/working/real_text_10k_dataset/doc_g2230_rot180.jpg,2,180,2063856591_6592.tif,train
2230,/kaggle/working/real_text_10k_dataset/doc_g2230_rot270.jpg,3,270,2063856591_6592.tif,train
2231,/kaggle/working/real_text_10k_dataset/doc_g2231_rot0.jpg,0,0,2024153668_2024153699.tif,train
2231,/kaggle/working/real_text_10k_dataset/doc_g2231_rot90.jpg,1,90,2024153668_2024153699.tif,train
2231,/kaggle/working/real_text_10k_dataset/doc_g2231_rot180.jpg,2,180,2024153668_2024153699.tif,train
2231,/kaggle/working/real_text_10k_dataset/doc_g2231_rot270.jpg,3,270,2024153668_2024153699.tif,train
2232,/kaggle/working/real_text_10k_dataset/doc_g2232_rot0.jpg,0,0,10322029_10322030.tif,train
2232,/kaggle/working/real_text_10k_dataset/doc_g2232_rot90.jpg,1,90,10322029_10322030.tif,train
2232,/kaggle/working/real_text_10k_dataset/doc_g2232_rot180.jpg,2,180,10322029_10322030.tif,train
2232,/kaggle/working/real_text_10k_dataset/doc_g2232_rot270.jpg,3,270,10322029_10322030.tif,train
2233,/kaggle/working/real_text_10k_dataset/doc_g2233_rot0.jpg,0,0,145.jpg,train
2233,/kaggle/working/real_text_10k_dataset/doc_g2233_rot90.jpg,1,90,145.jpg,train
2233,/kaggle/working/real_text_10k_dataset/doc_g2233_rot180.jpg,2,180,145.jpg,train
2233,/kaggle/working/real_text_10k_dataset/doc_g2233_rot270.jpg,3,270,145.jpg,train
2234,/kaggle/working/real_text_10k_dataset/doc_g2234_rot0.jpg,0,0,2047099162.tif,train
2234,/kaggle/working/real_text_10k_dataset/doc_g2234_rot90.jpg,1,90,2047099162.tif,train
2234,/kaggle/working/real_text_10k_dataset/doc_g2234_rot180.jpg,2,180,2047099162.tif,train
2234,/kaggle/working/real_text_10k_dataset/doc_g2234_rot270.jpg,3,270,2047099162.tif,train
2235,/kaggle/working/real_text_10k_dataset/doc_g2235_rot0.jpg,0,0,2500049257_9259.tif,val
2235,/kaggle/working/real_text_10k_dataset/doc_g2235_rot90.jpg,1,90,2500049257_9259.tif,val
2235,/kaggle/working/real_text_10k_dataset/doc_g2235_rot180.jpg,2,180,2500049257_9259.tif,val
2235,/kaggle/working/real_text_10k_dataset/doc_g2235_rot270.jpg,3,270,2500049257_9259.tif,val
2236,/kaggle/working/real_text_10k_dataset/doc_g2236_rot0.jpg,0,0,521772487+-2497.tif,train
2236,/kaggle/working/real_text_10k_dataset/doc_g2236_rot90.jpg,1,90,521772487+-2497.tif,train
2236,/kaggle/working/real_text_10k_dataset/doc_g2236_rot180.jpg,2,180,521772487+-2497.tif,train
2236,/kaggle/working/real_text_10k_dataset/doc_g2236_rot270.jpg,3,270,521772487+-2497.tif,train
2237,/kaggle/working/real_text_10k_dataset/doc_g2237_rot0.jpg,0,0,50479830-9830.tif,val
2237,/kaggle/working/real_text_10k_dataset/doc_g2237_rot90.jpg,1,90,50479830-9830.tif,val
2237,/kaggle/working/real_text_10k_dataset/doc_g2237_rot180.jpg,2,180,50479830-9830.tif,val
2237,/kaggle/working/real_text_10k_dataset/doc_g2237_rot270.jpg,3,270,50479830-9830.tif,val
2238,/kaggle/working/real_text_10k_dataset/doc_g2238_rot0.jpg,0,0,2074066151.tif,train
2238,/kaggle/working/real_text_10k_dataset/doc_g2238_rot90.jpg,1,90,2074066151.tif,train
2238,/kaggle/working/real_text_10k_dataset/doc_g2238_rot180.jpg,2,180,2074066151.tif,train
2238,/kaggle/working/real_text_10k_dataset/doc_g2238_rot270.jpg,3,270,2074066151.tif,train
2239,/kaggle/working/real_text_10k_dataset/doc_g2239_rot0.jpg,0,0,2067227731_2067227733.tif,train
2239,/kaggle/working/real_text_10k_dataset/doc_g2239_rot90.jpg,1,90,2067227731_2067227733.tif,train
2239,/kaggle/working/real_text_10k_dataset/doc_g2239_rot180.jpg,2,180,2067227731_2067227733.tif,train
2239,/kaggle/working/real_text_10k_dataset/doc_g2239_rot270.jpg,3,270,2067227731_2067227733.tif,train
2240,/kaggle/working/real_text_10k_dataset/doc_g2240_rot0.jpg,0,0,2501579472_2501579473.tif,train
2240,/kaggle/working/real_text_10k_dataset/doc_g2240_rot90.jpg,1,90,2501579472_2501579473.tif,train
2240,/kaggle/working/real_text_10k_dataset/doc_g2240_rot180.jpg,2,180,2501579472_2501579473.tif,train
2240,/kaggle/working/real_text_10k_dataset/doc_g2240_rot270.jpg,3,270,2501579472_2501579473.tif,train
2241,/kaggle/working/real_text_10k_dataset/doc_g2241_rot0.jpg,0,0,2031304774.tif,test
2241,/kaggle/working/real_text_10k_dataset/doc_g2241_rot90.jpg,1,90,2031304774.tif,test
2241,/kaggle/working/real_text_10k_dataset/doc_g2241_rot180.jpg,2,180,2031304774.tif,test
2241,/kaggle/working/real_text_10k_dataset/doc_g2241_rot270.jpg,3,270,2031304774.tif,test
2242,/kaggle/working/real_text_10k_dataset/doc_g2242_rot0.jpg,0,0,531250824+-0826.tif,train
2242,/kaggle/working/real_text_10k_dataset/doc_g2242_rot90.jpg,1,90,531250824+-0826.tif,train
2242,/kaggle/working/real_text_10k_dataset/doc_g2242_rot180.jpg,2,180,531250824+-0826.tif,train
2242,/kaggle/working/real_text_10k_dataset/doc_g2242_rot270.jpg,3,270,531250824+-0826.tif,train
2243,/kaggle/working/real_text_10k_dataset/doc_g2243_rot0.jpg,0,0,80233835.tif,train
2243,/kaggle/working/real_text_10k_dataset/doc_g2243_rot90.jpg,1,90,80233835.tif,train
2243,/kaggle/working/real_text_10k_dataset/doc_g2243_rot180.jpg,2,180,80233835.tif,train
2243,/kaggle/working/real_text_10k_dataset/doc_g2243_rot270.jpg,3,270,80233835.tif,train
2244,/kaggle/working/real_text_10k_dataset/doc_g2244_rot0.jpg,0,0,2065063669.tif,train
2244,/kaggle/working/real_text_10k_dataset/doc_g2244_rot90.jpg,1,90,2065063669.tif,train
2244,/kaggle/working/real_text_10k_dataset/doc_g2244_rot180.jpg,2,180,2065063669.tif,train
2244,/kaggle/working/real_text_10k_dataset/doc_g2244_rot270.jpg,3,270,2065063669.tif,train
2245,/kaggle/working/real_text_10k_dataset/doc_g2245_rot0.jpg,0,0,2028368978.tif,train
2245,/kaggle/working/real_text_10k_dataset/doc_g2245_rot90.jpg,1,90,2028368978.tif,train
2245,/kaggle/working/real_text_10k_dataset/doc_g2245_rot180.jpg,2,180,2028368978.tif,train
2245,/kaggle/working/real_text_10k_dataset/doc_g2245_rot270.jpg,3,270,2028368978.tif,train
2246,/kaggle/working/real_text_10k_dataset/doc_g2246_rot0.jpg,0,0,83257838_7848a.tif,train
2246,/kaggle/working/real_text_10k_dataset/doc_g2246_rot90.jpg,1,90,83257838_7848a.tif,train
2246,/kaggle/working/real_text_10k_dataset/doc_g2246_rot180.jpg,2,180,83257838_7848a.tif,train
2246,/kaggle/working/real_text_10k_dataset/doc_g2246_rot270.jpg,3,270,83257838_7848a.tif,train
2247,/kaggle/working/real_text_10k_dataset/doc_g2247_rot0.jpg,0,0,2050662962_2050662966.tif,train
2247,/kaggle/working/real_text_10k_dataset/doc_g2247_rot90.jpg,1,90,2050662962_2050662966.tif,train
2247,/kaggle/working/real_text_10k_dataset/doc_g2247_rot180.jpg,2,180,2050662962_2050662966.tif,train
2247,/kaggle/working/real_text_10k_dataset/doc_g2247_rot270.jpg,3,270,2050662962_2050662966.tif,train
2248,/kaggle/working/real_text_10k_dataset/doc_g2248_rot0.jpg,0,0,0000141554.tif,train
2248,/kaggle/working/real_text_10k_dataset/doc_g2248_rot90.jpg,1,90,0000141554.tif,train
2248,/kaggle/working/real_text_10k_dataset/doc_g2248_rot180.jpg,2,180,0000141554.tif,train
2248,/kaggle/working/real_text_10k_dataset/doc_g2248_rot270.jpg,3,270,0000141554.tif,train
2249,/kaggle/working/real_text_10k_dataset/doc_g2249_rot0.jpg,0,0,2050185038_5062.tif,train
2249,/kaggle/working/real_text_10k_dataset/doc_g2249_rot90.jpg,1,90,2050185038_5062.tif,train
2249,/kaggle/working/real_text_10k_dataset/doc_g2249_rot180.jpg,2,180,2050185038_5062.tif,train
2249,/kaggle/working/real_text_10k_dataset/doc_g2249_rot270.jpg,3,270,2050185038_5062.tif,train
2250,/kaggle/working/real_text_10k_dataset/doc_g2250_rot0.jpg,0,0,507705895+-5896.tif,train
2250,/kaggle/working/real_text_10k_dataset/doc_g2250_rot90.jpg,1,90,507705895+-5896.tif,train
2250,/kaggle/working/real_text_10k_dataset/doc_g2250_rot180.jpg,2,180,507705895+-5896.tif,train
2250,/kaggle/working/real_text_10k_dataset/doc_g2250_rot270.jpg,3,270,507705895+-5896.tif,train
2251,/kaggle/working/real_text_10k_dataset/doc_g2251_rot0.jpg,0,0,309.jpg,train
2251,/kaggle/working/real_text_10k_dataset/doc_g2251_rot90.jpg,1,90,309.jpg,train
2251,/kaggle/working/real_text_10k_dataset/doc_g2251_rot180.jpg,2,180,309.jpg,train
2251,/kaggle/working/real_text_10k_dataset/doc_g2251_rot270.jpg,3,270,309.jpg,train
2252,/kaggle/working/real_text_10k_dataset/doc_g2252_rot0.jpg,0,0,531647700+-7703.tif,train
2252,/kaggle/working/real_text_10k_dataset/doc_g2252_rot90.jpg,1,90,531647700+-7703.tif,train
2252,/kaggle/working/real_text_10k_dataset/doc_g2252_rot180.jpg,2,180,531647700+-7703.tif,train
2252,/kaggle/working/real_text_10k_dataset/doc_g2252_rot270.jpg,3,270,531647700+-7703.tif,train
2253,/kaggle/working/real_text_10k_dataset/doc_g2253_rot0.jpg,0,0,50133073-3073.tif,train
2253,/kaggle/working/real_text_10k_dataset/doc_g2253_rot90.jpg,1,90,50133073-3073.tif,train
2253,/kaggle/working/real_text_10k_dataset/doc_g2253_rot180.jpg,2,180,50133073-3073.tif,train
2253,/kaggle/working/real_text_10k_dataset/doc_g2253_rot270.jpg,3,270,50133073-3073.tif,train
2254,/kaggle/working/real_text_10k_dataset/doc_g2254_rot0.jpg,0,0,03736847_03736850.tif,train
2254,/kaggle/working/real_text_10k_dataset/doc_g2254_rot90.jpg,1,90,03736847_03736850.tif,train
2254,/kaggle/working/real_text_10k_dataset/doc_g2254_rot180.jpg,2,180,03736847_03736850.tif,train
2254,/kaggle/working/real_text_10k_dataset/doc_g2254_rot270.jpg,3,270,03736847_03736850.tif,train
2255,/kaggle/working/real_text_10k_dataset/doc_g2255_rot0.jpg,0,0,receipt_00488.png,train
2255,/kaggle/working/real_text_10k_dataset/doc_g2255_rot90.jpg,1,90,receipt_00488.png,train
2255,/kaggle/working/real_text_10k_dataset/doc_g2255_rot180.jpg,2,180,receipt_00488.png,train
2255,/kaggle/working/real_text_10k_dataset/doc_g2255_rot270.jpg,3,270,receipt_00488.png,train
2256,/kaggle/working/real_text_10k_dataset/doc_g2256_rot0.jpg,0,0,50458240-8240.tif,train
2256,/kaggle/working/real_text_10k_dataset/doc_g2256_rot90.jpg,1,90,50458240-8240.tif,train
2256,/kaggle/working/real_text_10k_dataset/doc_g2256_rot180.jpg,2,180,50458240-8240.tif,train
2256,/kaggle/working/real_text_10k_dataset/doc_g2256_rot270.jpg,3,270,50458240-8240.tif,train
2257,/kaggle/working/real_text_10k_dataset/doc_g2257_rot0.jpg,0,0,0000251287.tif,train
2257,/kaggle/working/real_text_10k_dataset/doc_g2257_rot90.jpg,1,90,0000251287.tif,train
2257,/kaggle/working/real_text_10k_dataset/doc_g2257_rot180.jpg,2,180,0000251287.tif,train
2257,/kaggle/working/real_text_10k_dataset/doc_g2257_rot270.jpg,3,270,0000251287.tif,train
2258,/kaggle/working/real_text_10k_dataset/doc_g2258_rot0.jpg,0,0,ti16861959.tif,train
2258,/kaggle/working/real_text_10k_dataset/doc_g2258_rot90.jpg,1,90,ti16861959.tif,train
2258,/kaggle/working/real_text_10k_dataset/doc_g2258_rot180.jpg,2,180,ti16861959.tif,train
2258,/kaggle/working/real_text_10k_dataset/doc_g2258_rot270.jpg,3,270,ti16861959.tif,train
2259,/kaggle/working/real_text_10k_dataset/doc_g2259_rot0.jpg,0,0,tnwl0018842.tif,val
2259,/kaggle/working/real_text_10k_dataset/doc_g2259_rot90.jpg,1,90,tnwl0018842.tif,val
2259,/kaggle/working/real_text_10k_dataset/doc_g2259_rot180.jpg,2,180,tnwl0018842.tif,val
2259,/kaggle/working/real_text_10k_dataset/doc_g2259_rot270.jpg,3,270,tnwl0018842.tif,val
2260,/kaggle/working/real_text_10k_dataset/doc_g2260_rot0.jpg,0,0,ti17180374.tif,train
2260,/kaggle/working/real_text_10k_dataset/doc_g2260_rot90.jpg,1,90,ti17180374.tif,train
2260,/kaggle/working/real_text_10k_dataset/doc_g2260_rot180.jpg,2,180,ti17180374.tif,train
2260,/kaggle/working/real_text_10k_dataset/doc_g2260_rot270.jpg,3,270,ti17180374.tif,train
2261,/kaggle/working/real_text_10k_dataset/doc_g2261_rot0.jpg,0,0,2028810462_2028810602.tif,train
2261,/kaggle/working/real_text_10k_dataset/doc_g2261_rot90.jpg,1,90,2028810462_2028810602.tif,train
2261,/kaggle/working/real_text_10k_dataset/doc_g2261_rot180.jpg,2,180,2028810462_2028810602.tif,train
2261,/kaggle/working/real_text_10k_dataset/doc_g2261_rot270.jpg,3,270,2028810462_2028810602.tif,train
2262,/kaggle/working/real_text_10k_dataset/doc_g2262_rot0.jpg,0,0,2070342416.tif,test
2262,/kaggle/working/real_text_10k_dataset/doc_g2262_rot90.jpg,1,90,2070342416.tif,test
2262,/kaggle/working/real_text_10k_dataset/doc_g2262_rot180.jpg,2,180,2070342416.tif,test
2262,/kaggle/working/real_text_10k_dataset/doc_g2262_rot270.jpg,3,270,2070342416.tif,test
2263,/kaggle/working/real_text_10k_dataset/doc_g2263_rot0.jpg,0,0,00920249.tif,train
2263,/kaggle/working/real_text_10k_dataset/doc_g2263_rot90.jpg,1,90,00920249.tif,train
2263,/kaggle/working/real_text_10k_dataset/doc_g2263_rot180.jpg,2,180,00920249.tif,train
2263,/kaggle/working/real_text_10k_dataset/doc_g2263_rot270.jpg,3,270,00920249.tif,train
2264,/kaggle/working/real_text_10k_dataset/doc_g2264_rot0.jpg,0,0,2075401114.tif,train
2264,/kaggle/working/real_text_10k_dataset/doc_g2264_rot90.jpg,1,90,2075401114.tif,train
2264,/kaggle/working/real_text_10k_dataset/doc_g2264_rot180.jpg,2,180,2075401114.tif,train
2264,/kaggle/working/real_text_10k_dataset/doc_g2264_rot270.jpg,3,270,2075401114.tif,train
2265,/kaggle/working/real_text_10k_dataset/doc_g2265_rot0.jpg,0,0,2041514233.tif,train
2265,/kaggle/working/real_text_10k_dataset/doc_g2265_rot90.jpg,1,90,2041514233.tif,train
2265,/kaggle/working/real_text_10k_dataset/doc_g2265_rot180.jpg,2,180,2041514233.tif,train
2265,/kaggle/working/real_text_10k_dataset/doc_g2265_rot270.jpg,3,270,2041514233.tif,train
2266,/kaggle/working/real_text_10k_dataset/doc_g2266_rot0.jpg,0,0,2057444175_2057444179.tif,train
2266,/kaggle/working/real_text_10k_dataset/doc_g2266_rot90.jpg,1,90,2057444175_2057444179.tif,train
2266,/kaggle/working/real_text_10k_dataset/doc_g2266_rot180.jpg,2,180,2057444175_2057444179.tif,train
2266,/kaggle/working/real_text_10k_dataset/doc_g2266_rot270.jpg,3,270,2057444175_2057444179.tif,train
2267,/kaggle/working/real_text_10k_dataset/doc_g2267_rot0.jpg,0,0,2021636209.tif,train
2267,/kaggle/working/real_text_10k_dataset/doc_g2267_rot90.jpg,1,90,2021636209.tif,train
2267,/kaggle/working/real_text_10k_dataset/doc_g2267_rot180.jpg,2,180,2021636209.tif,train
2267,/kaggle/working/real_text_10k_dataset/doc_g2267_rot270.jpg,3,270,2021636209.tif,train
2268,/kaggle/working/real_text_10k_dataset/doc_g2268_rot0.jpg,0,0,2074022031.tif,train
2268,/kaggle/working/real_text_10k_dataset/doc_g2268_rot90.jpg,1,90,2074022031.tif,train
2268,/kaggle/working/real_text_10k_dataset/doc_g2268_rot180.jpg,2,180,2074022031.tif,train
2268,/kaggle/working/real_text_10k_dataset/doc_g2268_rot270.jpg,3,270,2074022031.tif,train
2269,/kaggle/working/real_text_10k_dataset/doc_g2269_rot0.jpg,0,0,2505119676.tif,train
2269,/kaggle/working/real_text_10k_dataset/doc_g2269_rot90.jpg,1,90,2505119676.tif,train
2269,/kaggle/working/real_text_10k_dataset/doc_g2269_rot180.jpg,2,180,2505119676.tif,train
2269,/kaggle/working/real_text_10k_dataset/doc_g2269_rot270.jpg,3,270,2505119676.tif,train
2270,/kaggle/working/real_text_10k_dataset/doc_g2270_rot0.jpg,0,0,2074978369.tif,test
2270,/kaggle/working/real_text_10k_dataset/doc_g2270_rot90.jpg,1,90,2074978369.tif,test
2270,/kaggle/working/real_text_10k_dataset/doc_g2270_rot180.jpg,2,180,2074978369.tif,test
2270,/kaggle/working/real_text_10k_dataset/doc_g2270_rot270.jpg,3,270,2074978369.tif,test
2271,/kaggle/working/real_text_10k_dataset/doc_g2271_rot0.jpg,0,0,0060266229.tif,val
2271,/kaggle/working/real_text_10k_dataset/doc_g2271_rot90.jpg,1,90,0060266229.tif,val
2271,/kaggle/working/real_text_10k_dataset/doc_g2271_rot180.jpg,2,180,0060266229.tif,val
2271,/kaggle/working/real_text_10k_dataset/doc_g2271_rot270.jpg,3,270,0060266229.tif,val
2272,/kaggle/working/real_text_10k_dataset/doc_g2272_rot0.jpg,0,0,501012771_501012772.tif,train
2272,/kaggle/working/real_text_10k_dataset/doc_g2272_rot90.jpg,1,90,501012771_501012772.tif,train
2272,/kaggle/working/real_text_10k_dataset/doc_g2272_rot180.jpg,2,180,501012771_501012772.tif,train
2272,/kaggle/working/real_text_10k_dataset/doc_g2272_rot270.jpg,3,270,501012771_501012772.tif,train
2273,/kaggle/working/real_text_10k_dataset/doc_g2273_rot0.jpg,0,0,2085209520.tif,train
2273,/kaggle/working/real_text_10k_dataset/doc_g2273_rot90.jpg,1,90,2085209520.tif,train
2273,/kaggle/working/real_text_10k_dataset/doc_g2273_rot180.jpg,2,180,2085209520.tif,train
2273,/kaggle/working/real_text_10k_dataset/doc_g2273_rot270.jpg,3,270,2085209520.tif,train
2274,/kaggle/working/real_text_10k_dataset/doc_g2274_rot0.jpg,0,0,502611108a-1109.tif,train
2274,/kaggle/working/real_text_10k_dataset/doc_g2274_rot90.jpg,1,90,502611108a-1109.tif,train
2274,/kaggle/working/real_text_10k_dataset/doc_g2274_rot180.jpg,2,180,502611108a-1109.tif,train
2274,/kaggle/working/real_text_10k_dataset/doc_g2274_rot270.jpg,3,270,502611108a-1109.tif,train
2275,/kaggle/working/real_text_10k_dataset/doc_g2275_rot0.jpg,0,0,94513591_94513593.tif,train
2275,/kaggle/working/real_text_10k_dataset/doc_g2275_rot90.jpg,1,90,94513591_94513593.tif,train
2275,/kaggle/working/real_text_10k_dataset/doc_g2275_rot180.jpg,2,180,94513591_94513593.tif,train
2275,/kaggle/working/real_text_10k_dataset/doc_g2275_rot270.jpg,3,270,94513591_94513593.tif,train
2276,/kaggle/working/real_text_10k_dataset/doc_g2276_rot0.jpg,0,0,0060137051.tif,train
2276,/kaggle/working/real_text_10k_dataset/doc_g2276_rot90.jpg,1,90,0060137051.tif,train
2276,/kaggle/working/real_text_10k_dataset/doc_g2276_rot180.jpg,2,180,0060137051.tif,train
2276,/kaggle/working/real_text_10k_dataset/doc_g2276_rot270.jpg,3,270,0060137051.tif,train
2277,/kaggle/working/real_text_10k_dataset/doc_g2277_rot0.jpg,0,0,50524057-4058.tif,val
2277,/kaggle/working/real_text_10k_dataset/doc_g2277_rot90.jpg,1,90,50524057-4058.tif,val
2277,/kaggle/working/real_text_10k_dataset/doc_g2277_rot180.jpg,2,180,50524057-4058.tif,val
2277,/kaggle/working/real_text_10k_dataset/doc_g2277_rot270.jpg,3,270,50524057-4058.tif,val
2278,/kaggle/working/real_text_10k_dataset/doc_g2278_rot0.jpg,0,0,0071003373.tif,train
2278,/kaggle/working/real_text_10k_dataset/doc_g2278_rot90.jpg,1,90,0071003373.tif,train
2278,/kaggle/working/real_text_10k_dataset/doc_g2278_rot180.jpg,2,180,0071003373.tif,train
2278,/kaggle/working/real_text_10k_dataset/doc_g2278_rot270.jpg,3,270,0071003373.tif,train
2279,/kaggle/working/real_text_10k_dataset/doc_g2279_rot0.jpg,0,0,71181841.tif,train
2279,/kaggle/working/real_text_10k_dataset/doc_g2279_rot90.jpg,1,90,71181841.tif,train
2279,/kaggle/working/real_text_10k_dataset/doc_g2279_rot180.jpg,2,180,71181841.tif,train
2279,/kaggle/working/real_text_10k_dataset/doc_g2279_rot270.jpg,3,270,71181841.tif,train
2280,/kaggle/working/real_text_10k_dataset/doc_g2280_rot0.jpg,0,0,2078876592.tif,train
2280,/kaggle/working/real_text_10k_dataset/doc_g2280_rot90.jpg,1,90,2078876592.tif,train
2280,/kaggle/working/real_text_10k_dataset/doc_g2280_rot180.jpg,2,180,2078876592.tif,train
2280,/kaggle/working/real_text_10k_dataset/doc_g2280_rot270.jpg,3,270,2078876592.tif,train
2281,/kaggle/working/real_text_10k_dataset/doc_g2281_rot0.jpg,0,0,522474173+-4173.tif,train
2281,/kaggle/working/real_text_10k_dataset/doc_g2281_rot90.jpg,1,90,522474173+-4173.tif,train
2281,/kaggle/working/real_text_10k_dataset/doc_g2281_rot180.jpg,2,180,522474173+-4173.tif,train
2281,/kaggle/working/real_text_10k_dataset/doc_g2281_rot270.jpg,3,270,522474173+-4173.tif,train
2282,/kaggle/working/real_text_10k_dataset/doc_g2282_rot0.jpg,0,0,50276832-6832.tif,test
2282,/kaggle/working/real_text_10k_dataset/doc_g2282_rot90.jpg,1,90,50276832-6832.tif,test
2282,/kaggle/working/real_text_10k_dataset/doc_g2282_rot180.jpg,2,180,50276832-6832.tif,test
2282,/kaggle/working/real_text_10k_dataset/doc_g2282_rot270.jpg,3,270,50276832-6832.tif,test
2283,/kaggle/working/real_text_10k_dataset/doc_g2283_rot0.jpg,0,0,515558177+-8179.tif,test
2283,/kaggle/working/real_text_10k_dataset/doc_g2283_rot90.jpg,1,90,515558177+-8179.tif,test
2283,/kaggle/working/real_text_10k_dataset/doc_g2283_rot180.jpg,2,180,515558177+-8179.tif,test
2283,/kaggle/working/real_text_10k_dataset/doc_g2283_rot270.jpg,3,270,515558177+-8179.tif,test
2284,/kaggle/working/real_text_10k_dataset/doc_g2284_rot0.jpg,0,0,523545212+-5212.tif,train
2284,/kaggle/working/real_text_10k_dataset/doc_g2284_rot90.jpg,1,90,523545212+-5212.tif,train
2284,/kaggle/working/real_text_10k_dataset/doc_g2284_rot180.jpg,2,180,523545212+-5212.tif,train
2284,/kaggle/working/real_text_10k_dataset/doc_g2284_rot270.jpg,3,270,523545212+-5212.tif,train
2285,/kaggle/working/real_text_10k_dataset/doc_g2285_rot0.jpg,0,0,2077656692.tif,train
2285,/kaggle/working/real_text_10k_dataset/doc_g2285_rot90.jpg,1,90,2077656692.tif,train
2285,/kaggle/working/real_text_10k_dataset/doc_g2285_rot180.jpg,2,180,2077656692.tif,train
2285,/kaggle/working/real_text_10k_dataset/doc_g2285_rot270.jpg,3,270,2077656692.tif,train
2286,/kaggle/working/real_text_10k_dataset/doc_g2286_rot0.jpg,0,0,1003701580.tif,train
2286,/kaggle/working/real_text_10k_dataset/doc_g2286_rot90.jpg,1,90,1003701580.tif,train
2286,/kaggle/working/real_text_10k_dataset/doc_g2286_rot180.jpg,2,180,1003701580.tif,train
2286,/kaggle/working/real_text_10k_dataset/doc_g2286_rot270.jpg,3,270,1003701580.tif,train
2287,/kaggle/working/real_text_10k_dataset/doc_g2287_rot0.jpg,0,0,508483647_508483649.tif,test
2287,/kaggle/working/real_text_10k_dataset/doc_g2287_rot90.jpg,1,90,508483647_508483649.tif,test
2287,/kaggle/working/real_text_10k_dataset/doc_g2287_rot180.jpg,2,180,508483647_508483649.tif,test
2287,/kaggle/working/real_text_10k_dataset/doc_g2287_rot270.jpg,3,270,508483647_508483649.tif,test
2288,/kaggle/working/real_text_10k_dataset/doc_g2288_rot0.jpg,0,0,522769955+-9963.tif,train
2288,/kaggle/working/real_text_10k_dataset/doc_g2288_rot90.jpg,1,90,522769955+-9963.tif,train
2288,/kaggle/working/real_text_10k_dataset/doc_g2288_rot180.jpg,2,180,522769955+-9963.tif,train
2288,/kaggle/working/real_text_10k_dataset/doc_g2288_rot270.jpg,3,270,522769955+-9963.tif,train
2289,/kaggle/working/real_text_10k_dataset/doc_g2289_rot0.jpg,0,0,2078168427.tif,test
2289,/kaggle/working/real_text_10k_dataset/doc_g2289_rot90.jpg,1,90,2078168427.tif,test
2289,/kaggle/working/real_text_10k_dataset/doc_g2289_rot180.jpg,2,180,2078168427.tif,test
2289,/kaggle/working/real_text_10k_dataset/doc_g2289_rot270.jpg,3,270,2078168427.tif,test
2290,/kaggle/working/real_text_10k_dataset/doc_g2290_rot0.jpg,0,0,2043561280_2043561290.tif,train
2290,/kaggle/working/real_text_10k_dataset/doc_g2290_rot90.jpg,1,90,2043561280_2043561290.tif,train
2290,/kaggle/working/real_text_10k_dataset/doc_g2290_rot180.jpg,2,180,2043561280_2043561290.tif,train
2290,/kaggle/working/real_text_10k_dataset/doc_g2290_rot270.jpg,3,270,2043561280_2043561290.tif,train
2291,/kaggle/working/real_text_10k_dataset/doc_g2291_rot0.jpg,0,0,2072686310_6317.tif,train
2291,/kaggle/working/real_text_10k_dataset/doc_g2291_rot90.jpg,1,90,2072686310_6317.tif,train
2291,/kaggle/working/real_text_10k_dataset/doc_g2291_rot180.jpg,2,180,2072686310_6317.tif,train
2291,/kaggle/working/real_text_10k_dataset/doc_g2291_rot270.jpg,3,270,2072686310_6317.tif,train
2292,/kaggle/working/real_text_10k_dataset/doc_g2292_rot0.jpg,0,0,2024252158.tif,test
2292,/kaggle/working/real_text_10k_dataset/doc_g2292_rot90.jpg,1,90,2024252158.tif,test
2292,/kaggle/working/real_text_10k_dataset/doc_g2292_rot180.jpg,2,180,2024252158.tif,test
2292,/kaggle/working/real_text_10k_dataset/doc_g2292_rot270.jpg,3,270,2024252158.tif,test
2293,/kaggle/working/real_text_10k_dataset/doc_g2293_rot0.jpg,0,0,2071969031_9070.tif,train
2293,/kaggle/working/real_text_10k_dataset/doc_g2293_rot90.jpg,1,90,2071969031_9070.tif,train
2293,/kaggle/working/real_text_10k_dataset/doc_g2293_rot180.jpg,2,180,2071969031_9070.tif,train
2293,/kaggle/working/real_text_10k_dataset/doc_g2293_rot270.jpg,3,270,2071969031_9070.tif,train
2294,/kaggle/working/real_text_10k_dataset/doc_g2294_rot0.jpg,0,0,2028464707_2028464711.tif,train
2294,/kaggle/working/real_text_10k_dataset/doc_g2294_rot90.jpg,1,90,2028464707_2028464711.tif,train
2294,/kaggle/working/real_text_10k_dataset/doc_g2294_rot180.jpg,2,180,2028464707_2028464711.tif,train
2294,/kaggle/working/real_text_10k_dataset/doc_g2294_rot270.jpg,3,270,2028464707_2028464711.tif,train
2295,/kaggle/working/real_text_10k_dataset/doc_g2295_rot0.jpg,0,0,2080690649.tif,train
2295,/kaggle/working/real_text_10k_dataset/doc_g2295_rot90.jpg,1,90,2080690649.tif,train
2295,/kaggle/working/real_text_10k_dataset/doc_g2295_rot180.jpg,2,180,2080690649.tif,train
2295,/kaggle/working/real_text_10k_dataset/doc_g2295_rot270.jpg,3,270,2080690649.tif,train
2296,/kaggle/working/real_text_10k_dataset/doc_g2296_rot0.jpg,0,0,0000975076.tif,train
2296,/kaggle/working/real_text_10k_dataset/doc_g2296_rot90.jpg,1,90,0000975076.tif,train
2296,/kaggle/working/real_text_10k_dataset/doc_g2296_rot180.jpg,2,180,0000975076.tif,train
2296,/kaggle/working/real_text_10k_dataset/doc_g2296_rot270.jpg,3,270,0000975076.tif,train
2297,/kaggle/working/real_text_10k_dataset/doc_g2297_rot0.jpg,0,0,0060284223.tif,train
2297,/kaggle/working/real_text_10k_dataset/doc_g2297_rot90.jpg,1,90,0060284223.tif,train
2297,/kaggle/working/real_text_10k_dataset/doc_g2297_rot180.jpg,2,180,0060284223.tif,train
2297,/kaggle/working/real_text_10k_dataset/doc_g2297_rot270.jpg,3,270,0060284223.tif,train
2298,/kaggle/working/real_text_10k_dataset/doc_g2298_rot0.jpg,0,0,2040196346_2040196349.tif,train
2298,/kaggle/working/real_text_10k_dataset/doc_g2298_rot90.jpg,1,90,2040196346_2040196349.tif,train
2298,/kaggle/working/real_text_10k_dataset/doc_g2298_rot180.jpg,2,180,2040196346_2040196349.tif,train
2298,/kaggle/working/real_text_10k_dataset/doc_g2298_rot270.jpg,3,270,2040196346_2040196349.tif,train
2299,/kaggle/working/real_text_10k_dataset/doc_g2299_rot0.jpg,0,0,531416354+-6401.tif,train
2299,/kaggle/working/real_text_10k_dataset/doc_g2299_rot90.jpg,1,90,531416354+-6401.tif,train
2299,/kaggle/working/real_text_10k_dataset/doc_g2299_rot180.jpg,2,180,531416354+-6401.tif,train
2299,/kaggle/working/real_text_10k_dataset/doc_g2299_rot270.jpg,3,270,531416354+-6401.tif,train
2300,/kaggle/working/real_text_10k_dataset/doc_g2300_rot0.jpg,0,0,517238967+-8968.tif,val
2300,/kaggle/working/real_text_10k_dataset/doc_g2300_rot90.jpg,1,90,517238967+-8968.tif,val
2300,/kaggle/working/real_text_10k_dataset/doc_g2300_rot180.jpg,2,180,517238967+-8968.tif,val
2300,/kaggle/working/real_text_10k_dataset/doc_g2300_rot270.jpg,3,270,517238967+-8968.tif,val
2301,/kaggle/working/real_text_10k_dataset/doc_g2301_rot0.jpg,0,0,2070051889_1892.tif,train
2301,/kaggle/working/real_text_10k_dataset/doc_g2301_rot90.jpg,1,90,2070051889_1892.tif,train
2301,/kaggle/working/real_text_10k_dataset/doc_g2301_rot180.jpg,2,180,2070051889_1892.tif,train
2301,/kaggle/working/real_text_10k_dataset/doc_g2301_rot270.jpg,3,270,2070051889_1892.tif,train
2302,/kaggle/working/real_text_10k_dataset/doc_g2302_rot0.jpg,0,0,89751666.tif,train
2302,/kaggle/working/real_text_10k_dataset/doc_g2302_rot90.jpg,1,90,89751666.tif,train
2302,/kaggle/working/real_text_10k_dataset/doc_g2302_rot180.jpg,2,180,89751666.tif,train
2302,/kaggle/working/real_text_10k_dataset/doc_g2302_rot270.jpg,3,270,89751666.tif,train
2303,/kaggle/working/real_text_10k_dataset/doc_g2303_rot0.jpg,0,0,2080192067.tif,train
2303,/kaggle/working/real_text_10k_dataset/doc_g2303_rot90.jpg,1,90,2080192067.tif,train
2303,/kaggle/working/real_text_10k_dataset/doc_g2303_rot180.jpg,2,180,2080192067.tif,train
2303,/kaggle/working/real_text_10k_dataset/doc_g2303_rot270.jpg,3,270,2080192067.tif,train
2304,/kaggle/working/real_text_10k_dataset/doc_g2304_rot0.jpg,0,0,2501012116.tif,train
2304,/kaggle/working/real_text_10k_dataset/doc_g2304_rot90.jpg,1,90,2501012116.tif,train
2304,/kaggle/working/real_text_10k_dataset/doc_g2304_rot180.jpg,2,180,2501012116.tif,train
2304,/kaggle/working/real_text_10k_dataset/doc_g2304_rot270.jpg,3,270,2501012116.tif,train
2305,/kaggle/working/real_text_10k_dataset/doc_g2305_rot0.jpg,0,0,tob15013.09.tif,train
2305,/kaggle/working/real_text_10k_dataset/doc_g2305_rot90.jpg,1,90,tob15013.09.tif,train
2305,/kaggle/working/real_text_10k_dataset/doc_g2305_rot180.jpg,2,180,tob15013.09.tif,train
2305,/kaggle/working/real_text_10k_dataset/doc_g2305_rot270.jpg,3,270,tob15013.09.tif,train
2306,/kaggle/working/real_text_10k_dataset/doc_g2306_rot0.jpg,0,0,2048552478.tif,train
2306,/kaggle/working/real_text_10k_dataset/doc_g2306_rot90.jpg,1,90,2048552478.tif,train
2306,/kaggle/working/real_text_10k_dataset/doc_g2306_rot180.jpg,2,180,2048552478.tif,train
2306,/kaggle/working/real_text_10k_dataset/doc_g2306_rot270.jpg,3,270,2048552478.tif,train
2307,/kaggle/working/real_text_10k_dataset/doc_g2307_rot0.jpg,0,0,0000076354.tif,train
2307,/kaggle/working/real_text_10k_dataset/doc_g2307_rot90.jpg,1,90,0000076354.tif,train
2307,/kaggle/working/real_text_10k_dataset/doc_g2307_rot180.jpg,2,180,0000076354.tif,train
2307,/kaggle/working/real_text_10k_dataset/doc_g2307_rot270.jpg,3,270,0000076354.tif,train
2308,/kaggle/working/real_text_10k_dataset/doc_g2308_rot0.jpg,0,0,2064394198_4208.tif,train
2308,/kaggle/working/real_text_10k_dataset/doc_g2308_rot90.jpg,1,90,2064394198_4208.tif,train
2308,/kaggle/working/real_text_10k_dataset/doc_g2308_rot180.jpg,2,180,2064394198_4208.tif,train
2308,/kaggle/working/real_text_10k_dataset/doc_g2308_rot270.jpg,3,270,2064394198_4208.tif,train
2309,/kaggle/working/real_text_10k_dataset/doc_g2309_rot0.jpg,0,0,X51005268262.jpg,val
2309,/kaggle/working/real_text_10k_dataset/doc_g2309_rot90.jpg,1,90,X51005268262.jpg,val
2309,/kaggle/working/real_text_10k_dataset/doc_g2309_rot180.jpg,2,180,X51005268262.jpg,val
2309,/kaggle/working/real_text_10k_dataset/doc_g2309_rot270.jpg,3,270,X51005268262.jpg,val
2310,/kaggle/working/real_text_10k_dataset/doc_g2310_rot0.jpg,0,0,2082697943.tif,val
2310,/kaggle/working/real_text_10k_dataset/doc_g2310_rot90.jpg,1,90,2082697943.tif,val
2310,/kaggle/working/real_text_10k_dataset/doc_g2310_rot180.jpg,2,180,2082697943.tif,val
2310,/kaggle/working/real_text_10k_dataset/doc_g2310_rot270.jpg,3,270,2082697943.tif,val
2311,/kaggle/working/real_text_10k_dataset/doc_g2311_rot0.jpg,0,0,507200358+-0360.tif,train
2311,/kaggle/working/real_text_10k_dataset/doc_g2311_rot90.jpg,1,90,507200358+-0360.tif,train
2311,/kaggle/working/real_text_10k_dataset/doc_g2311_rot180.jpg,2,180,507200358+-0360.tif,train
2311,/kaggle/working/real_text_10k_dataset/doc_g2311_rot270.jpg,3,270,507200358+-0360.tif,train
2312,/kaggle/working/real_text_10k_dataset/doc_g2312_rot0.jpg,0,0,10068170.tif,val
2312,/kaggle/working/real_text_10k_dataset/doc_g2312_rot90.jpg,1,90,10068170.tif,val
2312,/kaggle/working/real_text_10k_dataset/doc_g2312_rot180.jpg,2,180,10068170.tif,val
2312,/kaggle/working/real_text_10k_dataset/doc_g2312_rot270.jpg,3,270,10068170.tif,val
2313,/kaggle/working/real_text_10k_dataset/doc_g2313_rot0.jpg,0,0,2024204126.tif,train
2313,/kaggle/working/real_text_10k_dataset/doc_g2313_rot90.jpg,1,90,2024204126.tif,train
2313,/kaggle/working/real_text_10k_dataset/doc_g2313_rot180.jpg,2,180,2024204126.tif,train
2313,/kaggle/working/real_text_10k_dataset/doc_g2313_rot270.jpg,3,270,2024204126.tif,train
2314,/kaggle/working/real_text_10k_dataset/doc_g2314_rot0.jpg,0,0,506326809+-6811.tif,train
2314,/kaggle/working/real_text_10k_dataset/doc_g2314_rot90.jpg,1,90,506326809+-6811.tif,train
2314,/kaggle/working/real_text_10k_dataset/doc_g2314_rot180.jpg,2,180,506326809+-6811.tif,train
2314,/kaggle/working/real_text_10k_dataset/doc_g2314_rot270.jpg,3,270,506326809+-6811.tif,train
2315,/kaggle/working/real_text_10k_dataset/doc_g2315_rot0.jpg,0,0,2063613081_2063613084.tif,train
2315,/kaggle/working/real_text_10k_dataset/doc_g2315_rot90.jpg,1,90,2063613081_2063613084.tif,train
2315,/kaggle/working/real_text_10k_dataset/doc_g2315_rot180.jpg,2,180,2063613081_2063613084.tif,train
2315,/kaggle/working/real_text_10k_dataset/doc_g2315_rot270.jpg,3,270,2063613081_2063613084.tif,train
2316,/kaggle/working/real_text_10k_dataset/doc_g2316_rot0.jpg,0,0,2501132514_2501132540.tif,train
2316,/kaggle/working/real_text_10k_dataset/doc_g2316_rot90.jpg,1,90,2501132514_2501132540.tif,train
2316,/kaggle/working/real_text_10k_dataset/doc_g2316_rot180.jpg,2,180,2501132514_2501132540.tif,train
2316,/kaggle/working/real_text_10k_dataset/doc_g2316_rot270.jpg,3,270,2501132514_2501132540.tif,train
2317,/kaggle/working/real_text_10k_dataset/doc_g2317_rot0.jpg,0,0,2084082598.tif,test
2317,/kaggle/working/real_text_10k_dataset/doc_g2317_rot90.jpg,1,90,2084082598.tif,test
2317,/kaggle/working/real_text_10k_dataset/doc_g2317_rot180.jpg,2,180,2084082598.tif,test
2317,/kaggle/working/real_text_10k_dataset/doc_g2317_rot270.jpg,3,270,2084082598.tif,test
2318,/kaggle/working/real_text_10k_dataset/doc_g2318_rot0.jpg,0,0,514052291.tif,train
2318,/kaggle/working/real_text_10k_dataset/doc_g2318_rot90.jpg,1,90,514052291.tif,train
2318,/kaggle/working/real_text_10k_dataset/doc_g2318_rot180.jpg,2,180,514052291.tif,train
2318,/kaggle/working/real_text_10k_dataset/doc_g2318_rot270.jpg,3,270,514052291.tif,train
2319,/kaggle/working/real_text_10k_dataset/doc_g2319_rot0.jpg,0,0,2070046307a.tif,train
2319,/kaggle/working/real_text_10k_dataset/doc_g2319_rot90.jpg,1,90,2070046307a.tif,train
2319,/kaggle/working/real_text_10k_dataset/doc_g2319_rot180.jpg,2,180,2070046307a.tif,train
2319,/kaggle/working/real_text_10k_dataset/doc_g2319_rot270.jpg,3,270,2070046307a.tif,train
2320,/kaggle/working/real_text_10k_dataset/doc_g2320_rot0.jpg,0,0,515559537+-9538.tif,test
2320,/kaggle/working/real_text_10k_dataset/doc_g2320_rot90.jpg,1,90,515559537+-9538.tif,test
2320,/kaggle/working/real_text_10k_dataset/doc_g2320_rot180.jpg,2,180,515559537+-9538.tif,test
2320,/kaggle/working/real_text_10k_dataset/doc_g2320_rot270.jpg,3,270,515559537+-9538.tif,test
2321,/kaggle/working/real_text_10k_dataset/doc_g2321_rot0.jpg,0,0,0000153444.tif,train
2321,/kaggle/working/real_text_10k_dataset/doc_g2321_rot90.jpg,1,90,0000153444.tif,train
2321,/kaggle/working/real_text_10k_dataset/doc_g2321_rot180.jpg,2,180,0000153444.tif,train
2321,/kaggle/working/real_text_10k_dataset/doc_g2321_rot270.jpg,3,270,0000153444.tif,train
2322,/kaggle/working/real_text_10k_dataset/doc_g2322_rot0.jpg,0,0,505251882+-1885.tif,train
2322,/kaggle/working/real_text_10k_dataset/doc_g2322_rot90.jpg,1,90,505251882+-1885.tif,train
2322,/kaggle/working/real_text_10k_dataset/doc_g2322_rot180.jpg,2,180,505251882+-1885.tif,train
2322,/kaggle/working/real_text_10k_dataset/doc_g2322_rot270.jpg,3,270,505251882+-1885.tif,train
2323,/kaggle/working/real_text_10k_dataset/doc_g2323_rot0.jpg,0,0,509070052+-0053.tif,train
2323,/kaggle/working/real_text_10k_dataset/doc_g2323_rot90.jpg,1,90,509070052+-0053.tif,train
2323,/kaggle/working/real_text_10k_dataset/doc_g2323_rot180.jpg,2,180,509070052+-0053.tif,train
2323,/kaggle/working/real_text_10k_dataset/doc_g2323_rot270.jpg,3,270,509070052+-0053.tif,train
2324,/kaggle/working/real_text_10k_dataset/doc_g2324_rot0.jpg,0,0,2086088543.tif,train
2324,/kaggle/working/real_text_10k_dataset/doc_g2324_rot90.jpg,1,90,2086088543.tif,train
2324,/kaggle/working/real_text_10k_dataset/doc_g2324_rot180.jpg,2,180,2086088543.tif,train
2324,/kaggle/working/real_text_10k_dataset/doc_g2324_rot270.jpg,3,270,2086088543.tif,train
2325,/kaggle/working/real_text_10k_dataset/doc_g2325_rot0.jpg,0,0,2062556373_2062556383.tif,train
2325,/kaggle/working/real_text_10k_dataset/doc_g2325_rot90.jpg,1,90,2062556373_2062556383.tif,train
2325,/kaggle/working/real_text_10k_dataset/doc_g2325_rot180.jpg,2,180,2062556373_2062556383.tif,train
2325,/kaggle/working/real_text_10k_dataset/doc_g2325_rot270.jpg,3,270,2062556373_2062556383.tif,train
2326,/kaggle/working/real_text_10k_dataset/doc_g2326_rot0.jpg,0,0,517617807+-7808.tif,train
2326,/kaggle/working/real_text_10k_dataset/doc_g2326_rot90.jpg,1,90,517617807+-7808.tif,train
2326,/kaggle/working/real_text_10k_dataset/doc_g2326_rot180.jpg,2,180,517617807+-7808.tif,train
2326,/kaggle/working/real_text_10k_dataset/doc_g2326_rot270.jpg,3,270,517617807+-7808.tif,train
2327,/kaggle/working/real_text_10k_dataset/doc_g2327_rot0.jpg,0,0,X51005230616.jpg,train
2327,/kaggle/working/real_text_10k_dataset/doc_g2327_rot90.jpg,1,90,X51005230616.jpg,train
2327,/kaggle/working/real_text_10k_dataset/doc_g2327_rot180.jpg,2,180,X51005230616.jpg,train
2327,/kaggle/working/real_text_10k_dataset/doc_g2327_rot270.jpg,3,270,X51005230616.jpg,train
2328,/kaggle/working/real_text_10k_dataset/doc_g2328_rot0.jpg,0,0,2050128425.tif,train
2328,/kaggle/working/real_text_10k_dataset/doc_g2328_rot90.jpg,1,90,2050128425.tif,train
2328,/kaggle/working/real_text_10k_dataset/doc_g2328_rot180.jpg,2,180,2050128425.tif,train
2328,/kaggle/working/real_text_10k_dataset/doc_g2328_rot270.jpg,3,270,2050128425.tif,train
2329,/kaggle/working/real_text_10k_dataset/doc_g2329_rot0.jpg,0,0,10114810_10114814.tif,train
2329,/kaggle/working/real_text_10k_dataset/doc_g2329_rot90.jpg,1,90,10114810_10114814.tif,train
2329,/kaggle/working/real_text_10k_dataset/doc_g2329_rot180.jpg,2,180,10114810_10114814.tif,train
2329,/kaggle/working/real_text_10k_dataset/doc_g2329_rot270.jpg,3,270,10114810_10114814.tif,train
2330,/kaggle/working/real_text_10k_dataset/doc_g2330_rot0.jpg,0,0,1005082585_1005082690.tif,train
2330,/kaggle/working/real_text_10k_dataset/doc_g2330_rot90.jpg,1,90,1005082585_1005082690.tif,train
2330,/kaggle/working/real_text_10k_dataset/doc_g2330_rot180.jpg,2,180,1005082585_1005082690.tif,train
2330,/kaggle/working/real_text_10k_dataset/doc_g2330_rot270.jpg,3,270,1005082585_1005082690.tif,train
2331,/kaggle/working/real_text_10k_dataset/doc_g2331_rot0.jpg,0,0,2024816058_6060.tif,train
2331,/kaggle/working/real_text_10k_dataset/doc_g2331_rot90.jpg,1,90,2024816058_6060.tif,train
2331,/kaggle/working/real_text_10k_dataset/doc_g2331_rot180.jpg,2,180,2024816058_6060.tif,train
2331,/kaggle/working/real_text_10k_dataset/doc_g2331_rot270.jpg,3,270,2024816058_6060.tif,train
2332,/kaggle/working/real_text_10k_dataset/doc_g2332_rot0.jpg,0,0,2030231328_2030231329.tif,val
2332,/kaggle/working/real_text_10k_dataset/doc_g2332_rot90.jpg,1,90,2030231328_2030231329.tif,val
2332,/kaggle/working/real_text_10k_dataset/doc_g2332_rot180.jpg,2,180,2030231328_2030231329.tif,val
2332,/kaggle/working/real_text_10k_dataset/doc_g2332_rot270.jpg,3,270,2030231328_2030231329.tif,val
2333,/kaggle/working/real_text_10k_dataset/doc_g2333_rot0.jpg,0,0,510515533_510515542.tif,train
2333,/kaggle/working/real_text_10k_dataset/doc_g2333_rot90.jpg,1,90,510515533_510515542.tif,train
2333,/kaggle/working/real_text_10k_dataset/doc_g2333_rot180.jpg,2,180,510515533_510515542.tif,train
2333,/kaggle/working/real_text_10k_dataset/doc_g2333_rot270.jpg,3,270,510515533_510515542.tif,train
2334,/kaggle/working/real_text_10k_dataset/doc_g2334_rot0.jpg,0,0,2070897482.tif,train
2334,/kaggle/working/real_text_10k_dataset/doc_g2334_rot90.jpg,1,90,2070897482.tif,train
2334,/kaggle/working/real_text_10k_dataset/doc_g2334_rot180.jpg,2,180,2070897482.tif,train
2334,/kaggle/working/real_text_10k_dataset/doc_g2334_rot270.jpg,3,270,2070897482.tif,train
2335,/kaggle/working/real_text_10k_dataset/doc_g2335_rot0.jpg,0,0,507925446_507925449.tif,train
2335,/kaggle/working/real_text_10k_dataset/doc_g2335_rot90.jpg,1,90,507925446_507925449.tif,train
2335,/kaggle/working/real_text_10k_dataset/doc_g2335_rot180.jpg,2,180,507925446_507925449.tif,train
2335,/kaggle/working/real_text_10k_dataset/doc_g2335_rot270.jpg,3,270,507925446_507925449.tif,train
2336,/kaggle/working/real_text_10k_dataset/doc_g2336_rot0.jpg,0,0,2501125205.tif,train
2336,/kaggle/working/real_text_10k_dataset/doc_g2336_rot90.jpg,1,90,2501125205.tif,train
2336,/kaggle/working/real_text_10k_dataset/doc_g2336_rot180.jpg,2,180,2501125205.tif,train
2336,/kaggle/working/real_text_10k_dataset/doc_g2336_rot270.jpg,3,270,2501125205.tif,train
2337,/kaggle/working/real_text_10k_dataset/doc_g2337_rot0.jpg,0,0,2026491475.tif,train
2337,/kaggle/working/real_text_10k_dataset/doc_g2337_rot90.jpg,1,90,2026491475.tif,train
2337,/kaggle/working/real_text_10k_dataset/doc_g2337_rot180.jpg,2,180,2026491475.tif,train
2337,/kaggle/working/real_text_10k_dataset/doc_g2337_rot270.jpg,3,270,2026491475.tif,train
2338,/kaggle/working/real_text_10k_dataset/doc_g2338_rot0.jpg,0,0,2045032288_2045032309.tif,train
2338,/kaggle/working/real_text_10k_dataset/doc_g2338_rot90.jpg,1,90,2045032288_2045032309.tif,train
2338,/kaggle/working/real_text_10k_dataset/doc_g2338_rot180.jpg,2,180,2045032288_2045032309.tif,train
2338,/kaggle/working/real_text_10k_dataset/doc_g2338_rot270.jpg,3,270,2045032288_2045032309.tif,train
2339,/kaggle/working/real_text_10k_dataset/doc_g2339_rot0.jpg,0,0,receipt_00507.png,train
2339,/kaggle/working/real_text_10k_dataset/doc_g2339_rot90.jpg,1,90,receipt_00507.png,train
2339,/kaggle/working/real_text_10k_dataset/doc_g2339_rot180.jpg,2,180,receipt_00507.png,train
2339,/kaggle/working/real_text_10k_dataset/doc_g2339_rot270.jpg,3,270,receipt_00507.png,train
2340,/kaggle/working/real_text_10k_dataset/doc_g2340_rot0.jpg,0,0,2085272200.tif,train
2340,/kaggle/working/real_text_10k_dataset/doc_g2340_rot90.jpg,1,90,2085272200.tif,train
2340,/kaggle/working/real_text_10k_dataset/doc_g2340_rot180.jpg,2,180,2085272200.tif,train
2340,/kaggle/working/real_text_10k_dataset/doc_g2340_rot270.jpg,3,270,2085272200.tif,train
2341,/kaggle/working/real_text_10k_dataset/doc_g2341_rot0.jpg,0,0,tnwl0000834.tif,train
2341,/kaggle/working/real_text_10k_dataset/doc_g2341_rot90.jpg,1,90,tnwl0000834.tif,train
2341,/kaggle/working/real_text_10k_dataset/doc_g2341_rot180.jpg,2,180,tnwl0000834.tif,train
2341,/kaggle/working/real_text_10k_dataset/doc_g2341_rot270.jpg,3,270,tnwl0000834.tif,train
2342,/kaggle/working/real_text_10k_dataset/doc_g2342_rot0.jpg,0,0,2057219100_2057219101.tif,val
2342,/kaggle/working/real_text_10k_dataset/doc_g2342_rot90.jpg,1,90,2057219100_2057219101.tif,val
2342,/kaggle/working/real_text_10k_dataset/doc_g2342_rot180.jpg,2,180,2057219100_2057219101.tif,val
2342,/kaggle/working/real_text_10k_dataset/doc_g2342_rot270.jpg,3,270,2057219100_2057219101.tif,val
2343,/kaggle/working/real_text_10k_dataset/doc_g2343_rot0.jpg,0,0,10080459_10080461.tif,train
2343,/kaggle/working/real_text_10k_dataset/doc_g2343_rot90.jpg,1,90,10080459_10080461.tif,train
2343,/kaggle/working/real_text_10k_dataset/doc_g2343_rot180.jpg,2,180,10080459_10080461.tif,train
2343,/kaggle/working/real_text_10k_dataset/doc_g2343_rot270.jpg,3,270,10080459_10080461.tif,train
2344,/kaggle/working/real_text_10k_dataset/doc_g2344_rot0.jpg,0,0,2023526943.tif,train
2344,/kaggle/working/real_text_10k_dataset/doc_g2344_rot90.jpg,1,90,2023526943.tif,train
2344,/kaggle/working/real_text_10k_dataset/doc_g2344_rot180.jpg,2,180,2023526943.tif,train
2344,/kaggle/working/real_text_10k_dataset/doc_g2344_rot270.jpg,3,270,2023526943.tif,train
2345,/kaggle/working/real_text_10k_dataset/doc_g2345_rot0.jpg,0,0,91771093.tif,train
2345,/kaggle/working/real_text_10k_dataset/doc_g2345_rot90.jpg,1,90,91771093.tif,train
2345,/kaggle/working/real_text_10k_dataset/doc_g2345_rot180.jpg,2,180,91771093.tif,train
2345,/kaggle/working/real_text_10k_dataset/doc_g2345_rot270.jpg,3,270,91771093.tif,train
2346,/kaggle/working/real_text_10k_dataset/doc_g2346_rot0.jpg,0,0,10232179_10232182.tif,test
2346,/kaggle/working/real_text_10k_dataset/doc_g2346_rot90.jpg,1,90,10232179_10232182.tif,test
2346,/kaggle/working/real_text_10k_dataset/doc_g2346_rot180.jpg,2,180,10232179_10232182.tif,test
2346,/kaggle/working/real_text_10k_dataset/doc_g2346_rot270.jpg,3,270,10232179_10232182.tif,test
2347,/kaggle/working/real_text_10k_dataset/doc_g2347_rot0.jpg,0,0,2062354185.tif,val
2347,/kaggle/working/real_text_10k_dataset/doc_g2347_rot90.jpg,1,90,2062354185.tif,val
2347,/kaggle/working/real_text_10k_dataset/doc_g2347_rot180.jpg,2,180,2062354185.tif,val
2347,/kaggle/working/real_text_10k_dataset/doc_g2347_rot270.jpg,3,270,2062354185.tif,val
2348,/kaggle/working/real_text_10k_dataset/doc_g2348_rot0.jpg,0,0,98611793.tif,train
2348,/kaggle/working/real_text_10k_dataset/doc_g2348_rot90.jpg,1,90,98611793.tif,train
2348,/kaggle/working/real_text_10k_dataset/doc_g2348_rot180.jpg,2,180,98611793.tif,train
2348,/kaggle/working/real_text_10k_dataset/doc_g2348_rot270.jpg,3,270,98611793.tif,train
2349,/kaggle/working/real_text_10k_dataset/doc_g2349_rot0.jpg,0,0,2053473374_3375.tif,test
2349,/kaggle/working/real_text_10k_dataset/doc_g2349_rot90.jpg,1,90,2053473374_3375.tif,test
2349,/kaggle/working/real_text_10k_dataset/doc_g2349_rot180.jpg,2,180,2053473374_3375.tif,test
2349,/kaggle/working/real_text_10k_dataset/doc_g2349_rot270.jpg,3,270,2053473374_3375.tif,test
2350,/kaggle/working/real_text_10k_dataset/doc_g2350_rot0.jpg,0,0,2010011603_2010011621.tif,train
2350,/kaggle/working/real_text_10k_dataset/doc_g2350_rot90.jpg,1,90,2010011603_2010011621.tif,train
2350,/kaggle/working/real_text_10k_dataset/doc_g2350_rot180.jpg,2,180,2010011603_2010011621.tif,train
2350,/kaggle/working/real_text_10k_dataset/doc_g2350_rot270.jpg,3,270,2010011603_2010011621.tif,train
2351,/kaggle/working/real_text_10k_dataset/doc_g2351_rot0.jpg,0,0,2031311714.tif,train
2351,/kaggle/working/real_text_10k_dataset/doc_g2351_rot90.jpg,1,90,2031311714.tif,train
2351,/kaggle/working/real_text_10k_dataset/doc_g2351_rot180.jpg,2,180,2031311714.tif,train
2351,/kaggle/working/real_text_10k_dataset/doc_g2351_rot270.jpg,3,270,2031311714.tif,train
2352,/kaggle/working/real_text_10k_dataset/doc_g2352_rot0.jpg,0,0,508395298+-5300.tif,train
2352,/kaggle/working/real_text_10k_dataset/doc_g2352_rot90.jpg,1,90,508395298+-5300.tif,train
2352,/kaggle/working/real_text_10k_dataset/doc_g2352_rot180.jpg,2,180,508395298+-5300.tif,train
2352,/kaggle/working/real_text_10k_dataset/doc_g2352_rot270.jpg,3,270,508395298+-5300.tif,train
2353,/kaggle/working/real_text_10k_dataset/doc_g2353_rot0.jpg,0,0,50051277_50051293.tif,train
2353,/kaggle/working/real_text_10k_dataset/doc_g2353_rot90.jpg,1,90,50051277_50051293.tif,train
2353,/kaggle/working/real_text_10k_dataset/doc_g2353_rot180.jpg,2,180,50051277_50051293.tif,train
2353,/kaggle/working/real_text_10k_dataset/doc_g2353_rot270.jpg,3,270,50051277_50051293.tif,train
2354,/kaggle/working/real_text_10k_dataset/doc_g2354_rot0.jpg,0,0,528754634+-4634.tif,train
2354,/kaggle/working/real_text_10k_dataset/doc_g2354_rot90.jpg,1,90,528754634+-4634.tif,train
2354,/kaggle/working/real_text_10k_dataset/doc_g2354_rot180.jpg,2,180,528754634+-4634.tif,train
2354,/kaggle/working/real_text_10k_dataset/doc_g2354_rot270.jpg,3,270,528754634+-4634.tif,train
2355,/kaggle/working/real_text_10k_dataset/doc_g2355_rot0.jpg,0,0,11305980_11305986.tif,train
2355,/kaggle/working/real_text_10k_dataset/doc_g2355_rot90.jpg,1,90,11305980_11305986.tif,train
2355,/kaggle/working/real_text_10k_dataset/doc_g2355_rot180.jpg,2,180,11305980_11305986.tif,train
2355,/kaggle/working/real_text_10k_dataset/doc_g2355_rot270.jpg,3,270,11305980_11305986.tif,train
2356,/kaggle/working/real_text_10k_dataset/doc_g2356_rot0.jpg,0,0,2058206008.tif,train
2356,/kaggle/working/real_text_10k_dataset/doc_g2356_rot90.jpg,1,90,2058206008.tif,train
2356,/kaggle/working/real_text_10k_dataset/doc_g2356_rot180.jpg,2,180,2058206008.tif,train
2356,/kaggle/working/real_text_10k_dataset/doc_g2356_rot270.jpg,3,270,2058206008.tif,train
2357,/kaggle/working/real_text_10k_dataset/doc_g2357_rot0.jpg,0,0,X51006311780.jpg,train
2357,/kaggle/working/real_text_10k_dataset/doc_g2357_rot90.jpg,1,90,X51006311780.jpg,train
2357,/kaggle/working/real_text_10k_dataset/doc_g2357_rot180.jpg,2,180,X51006311780.jpg,train
2357,/kaggle/working/real_text_10k_dataset/doc_g2357_rot270.jpg,3,270,X51006311780.jpg,train
2358,/kaggle/working/real_text_10k_dataset/doc_g2358_rot0.jpg,0,0,ti16410451.tif,val
2358,/kaggle/working/real_text_10k_dataset/doc_g2358_rot90.jpg,1,90,ti16410451.tif,val
2358,/kaggle/working/real_text_10k_dataset/doc_g2358_rot180.jpg,2,180,ti16410451.tif,val
2358,/kaggle/working/real_text_10k_dataset/doc_g2358_rot270.jpg,3,270,ti16410451.tif,val
2359,/kaggle/working/real_text_10k_dataset/doc_g2359_rot0.jpg,0,0,0060340002.tif,train
2359,/kaggle/working/real_text_10k_dataset/doc_g2359_rot90.jpg,1,90,0060340002.tif,train
2359,/kaggle/working/real_text_10k_dataset/doc_g2359_rot180.jpg,2,180,0060340002.tif,train
2359,/kaggle/working/real_text_10k_dataset/doc_g2359_rot270.jpg,3,270,0060340002.tif,train
2360,/kaggle/working/real_text_10k_dataset/doc_g2360_rot0.jpg,0,0,X51007579726.jpg,train
2360,/kaggle/working/real_text_10k_dataset/doc_g2360_rot90.jpg,1,90,X51007579726.jpg,train
2360,/kaggle/working/real_text_10k_dataset/doc_g2360_rot180.jpg,2,180,X51007579726.jpg,train
2360,/kaggle/working/real_text_10k_dataset/doc_g2360_rot270.jpg,3,270,X51007579726.jpg,train
2361,/kaggle/working/real_text_10k_dataset/doc_g2361_rot0.jpg,0,0,2083780029.tif,train
2361,/kaggle/working/real_text_10k_dataset/doc_g2361_rot90.jpg,1,90,2083780029.tif,train
2361,/kaggle/working/real_text_10k_dataset/doc_g2361_rot180.jpg,2,180,2083780029.tif,train
2361,/kaggle/working/real_text_10k_dataset/doc_g2361_rot270.jpg,3,270,2083780029.tif,train
2362,/kaggle/working/real_text_10k_dataset/doc_g2362_rot0.jpg,0,0,2505396395.tif,train
2362,/kaggle/working/real_text_10k_dataset/doc_g2362_rot90.jpg,1,90,2505396395.tif,train
2362,/kaggle/working/real_text_10k_dataset/doc_g2362_rot180.jpg,2,180,2505396395.tif,train
2362,/kaggle/working/real_text_10k_dataset/doc_g2362_rot270.jpg,3,270,2505396395.tif,train
2363,/kaggle/working/real_text_10k_dataset/doc_g2363_rot0.jpg,0,0,ti01481337.tif,train
2363,/kaggle/working/real_text_10k_dataset/doc_g2363_rot90.jpg,1,90,ti01481337.tif,train
2363,/kaggle/working/real_text_10k_dataset/doc_g2363_rot180.jpg,2,180,ti01481337.tif,train
2363,/kaggle/working/real_text_10k_dataset/doc_g2363_rot270.jpg,3,270,ti01481337.tif,train
2364,/kaggle/working/real_text_10k_dataset/doc_g2364_rot0.jpg,0,0,2040000045_0046.tif,train
2364,/kaggle/working/real_text_10k_dataset/doc_g2364_rot90.jpg,1,90,2040000045_0046.tif,train
2364,/kaggle/working/real_text_10k_dataset/doc_g2364_rot180.jpg,2,180,2040000045_0046.tif,train
2364,/kaggle/working/real_text_10k_dataset/doc_g2364_rot270.jpg,3,270,2040000045_0046.tif,train
2365,/kaggle/working/real_text_10k_dataset/doc_g2365_rot0.jpg,0,0,X51007339130.jpg,train
2365,/kaggle/working/real_text_10k_dataset/doc_g2365_rot90.jpg,1,90,X51007339130.jpg,train
2365,/kaggle/working/real_text_10k_dataset/doc_g2365_rot180.jpg,2,180,X51007339130.jpg,train
2365,/kaggle/working/real_text_10k_dataset/doc_g2365_rot270.jpg,3,270,X51007339130.jpg,train
2366,/kaggle/working/real_text_10k_dataset/doc_g2366_rot0.jpg,0,0,receipt_00758.png,train
2366,/kaggle/working/real_text_10k_dataset/doc_g2366_rot90.jpg,1,90,receipt_00758.png,train
2366,/kaggle/working/real_text_10k_dataset/doc_g2366_rot180.jpg,2,180,receipt_00758.png,train
2366,/kaggle/working/real_text_10k_dataset/doc_g2366_rot270.jpg,3,270,receipt_00758.png,train
2367,/kaggle/working/real_text_10k_dataset/doc_g2367_rot0.jpg,0,0,0000989472.tif,train
2367,/kaggle/working/real_text_10k_dataset/doc_g2367_rot90.jpg,1,90,0000989472.tif,train
2367,/kaggle/working/real_text_10k_dataset/doc_g2367_rot180.jpg,2,180,0000989472.tif,train
2367,/kaggle/working/real_text_10k_dataset/doc_g2367_rot270.jpg,3,270,0000989472.tif,train
2368,/kaggle/working/real_text_10k_dataset/doc_g2368_rot0.jpg,0,0,2084005715b_5716.tif,train
2368,/kaggle/working/real_text_10k_dataset/doc_g2368_rot90.jpg,1,90,2084005715b_5716.tif,train
2368,/kaggle/working/real_text_10k_dataset/doc_g2368_rot180.jpg,2,180,2084005715b_5716.tif,train
2368,/kaggle/working/real_text_10k_dataset/doc_g2368_rot270.jpg,3,270,2084005715b_5716.tif,train
2369,/kaggle/working/real_text_10k_dataset/doc_g2369_rot0.jpg,0,0,2075248048.tif,train
2369,/kaggle/working/real_text_10k_dataset/doc_g2369_rot90.jpg,1,90,2075248048.tif,train
2369,/kaggle/working/real_text_10k_dataset/doc_g2369_rot180.jpg,2,180,2075248048.tif,train
2369,/kaggle/working/real_text_10k_dataset/doc_g2369_rot270.jpg,3,270,2075248048.tif,train
2370,/kaggle/working/real_text_10k_dataset/doc_g2370_rot0.jpg,0,0,500809390+-9391.tif,train
2370,/kaggle/working/real_text_10k_dataset/doc_g2370_rot90.jpg,1,90,500809390+-9391.tif,train
2370,/kaggle/working/real_text_10k_dataset/doc_g2370_rot180.jpg,2,180,500809390+-9391.tif,train
2370,/kaggle/working/real_text_10k_dataset/doc_g2370_rot270.jpg,3,270,500809390+-9391.tif,train
2371,/kaggle/working/real_text_10k_dataset/doc_g2371_rot0.jpg,0,0,507198868+-8869.tif,train
2371,/kaggle/working/real_text_10k_dataset/doc_g2371_rot90.jpg,1,90,507198868+-8869.tif,train
2371,/kaggle/working/real_text_10k_dataset/doc_g2371_rot180.jpg,2,180,507198868+-8869.tif,train
2371,/kaggle/working/real_text_10k_dataset/doc_g2371_rot270.jpg,3,270,507198868+-8869.tif,train
2372,/kaggle/working/real_text_10k_dataset/doc_g2372_rot0.jpg,0,0,2074598993_8994.tif,train
2372,/kaggle/working/real_text_10k_dataset/doc_g2372_rot90.jpg,1,90,2074598993_8994.tif,train
2372,/kaggle/working/real_text_10k_dataset/doc_g2372_rot180.jpg,2,180,2074598993_8994.tif,train
2372,/kaggle/working/real_text_10k_dataset/doc_g2372_rot270.jpg,3,270,2074598993_8994.tif,train
2373,/kaggle/working/real_text_10k_dataset/doc_g2373_rot0.jpg,0,0,50610849-0854.tif,train
2373,/kaggle/working/real_text_10k_dataset/doc_g2373_rot90.jpg,1,90,50610849-0854.tif,train
2373,/kaggle/working/real_text_10k_dataset/doc_g2373_rot180.jpg,2,180,50610849-0854.tif,train
2373,/kaggle/working/real_text_10k_dataset/doc_g2373_rot270.jpg,3,270,50610849-0854.tif,train
2374,/kaggle/working/real_text_10k_dataset/doc_g2374_rot0.jpg,0,0,PUBLICATIONS015223-5.tif,test
2374,/kaggle/working/real_text_10k_dataset/doc_g2374_rot90.jpg,1,90,PUBLICATIONS015223-5.tif,test
2374,/kaggle/working/real_text_10k_dataset/doc_g2374_rot180.jpg,2,180,PUBLICATIONS015223-5.tif,test
2374,/kaggle/working/real_text_10k_dataset/doc_g2374_rot270.jpg,3,270,PUBLICATIONS015223-5.tif,test
2375,/kaggle/working/real_text_10k_dataset/doc_g2375_rot0.jpg,0,0,2030713020.tif,test
2375,/kaggle/working/real_text_10k_dataset/doc_g2375_rot90.jpg,1,90,2030713020.tif,test
2375,/kaggle/working/real_text_10k_dataset/doc_g2375_rot180.jpg,2,180,2030713020.tif,test
2375,/kaggle/working/real_text_10k_dataset/doc_g2375_rot270.jpg,3,270,2030713020.tif,test
2376,/kaggle/working/real_text_10k_dataset/doc_g2376_rot0.jpg,0,0,2024207820.tif,train
2376,/kaggle/working/real_text_10k_dataset/doc_g2376_rot90.jpg,1,90,2024207820.tif,train
2376,/kaggle/working/real_text_10k_dataset/doc_g2376_rot180.jpg,2,180,2024207820.tif,train
2376,/kaggle/working/real_text_10k_dataset/doc_g2376_rot270.jpg,3,270,2024207820.tif,train
2377,/kaggle/working/real_text_10k_dataset/doc_g2377_rot0.jpg,0,0,92206380_6382.tif,train
2377,/kaggle/working/real_text_10k_dataset/doc_g2377_rot90.jpg,1,90,92206380_6382.tif,train
2377,/kaggle/working/real_text_10k_dataset/doc_g2377_rot180.jpg,2,180,92206380_6382.tif,train
2377,/kaggle/working/real_text_10k_dataset/doc_g2377_rot270.jpg,3,270,92206380_6382.tif,train
2378,/kaggle/working/real_text_10k_dataset/doc_g2378_rot0.jpg,0,0,tnwl0028229.tif,train
2378,/kaggle/working/real_text_10k_dataset/doc_g2378_rot90.jpg,1,90,tnwl0028229.tif,train
2378,/kaggle/working/real_text_10k_dataset/doc_g2378_rot180.jpg,2,180,tnwl0028229.tif,train
2378,/kaggle/working/real_text_10k_dataset/doc_g2378_rot270.jpg,3,270,tnwl0028229.tif,train
2379,/kaggle/working/real_text_10k_dataset/doc_g2379_rot0.jpg,0,0,83542402.tif,train
2379,/kaggle/working/real_text_10k_dataset/doc_g2379_rot90.jpg,1,90,83542402.tif,train
2379,/kaggle/working/real_text_10k_dataset/doc_g2379_rot180.jpg,2,180,83542402.tif,train
2379,/kaggle/working/real_text_10k_dataset/doc_g2379_rot270.jpg,3,270,83542402.tif,train
2380,/kaggle/working/real_text_10k_dataset/doc_g2380_rot0.jpg,0,0,2062211248_1249.tif,train
2380,/kaggle/working/real_text_10k_dataset/doc_g2380_rot90.jpg,1,90,2062211248_1249.tif,train
2380,/kaggle/working/real_text_10k_dataset/doc_g2380_rot180.jpg,2,180,2062211248_1249.tif,train
2380,/kaggle/working/real_text_10k_dataset/doc_g2380_rot270.jpg,3,270,2062211248_1249.tif,train
2381,/kaggle/working/real_text_10k_dataset/doc_g2381_rot0.jpg,0,0,522735309+-5309.tif,train
2381,/kaggle/working/real_text_10k_dataset/doc_g2381_rot90.jpg,1,90,522735309+-5309.tif,train
2381,/kaggle/working/real_text_10k_dataset/doc_g2381_rot180.jpg,2,180,522735309+-5309.tif,train
2381,/kaggle/working/real_text_10k_dataset/doc_g2381_rot270.jpg,3,270,522735309+-5309.tif,train
2382,/kaggle/working/real_text_10k_dataset/doc_g2382_rot0.jpg,0,0,86225057_5058.tif,train
2382,/kaggle/working/real_text_10k_dataset/doc_g2382_rot90.jpg,1,90,86225057_5058.tif,train
2382,/kaggle/working/real_text_10k_dataset/doc_g2382_rot180.jpg,2,180,86225057_5058.tif,train
2382,/kaggle/working/real_text_10k_dataset/doc_g2382_rot270.jpg,3,270,86225057_5058.tif,train
2383,/kaggle/working/real_text_10k_dataset/doc_g2383_rot0.jpg,0,0,2022811003.tif,train
2383,/kaggle/working/real_text_10k_dataset/doc_g2383_rot90.jpg,1,90,2022811003.tif,train
2383,/kaggle/working/real_text_10k_dataset/doc_g2383_rot180.jpg,2,180,2022811003.tif,train
2383,/kaggle/working/real_text_10k_dataset/doc_g2383_rot270.jpg,3,270,2022811003.tif,train
2384,/kaggle/working/real_text_10k_dataset/doc_g2384_rot0.jpg,0,0,2040431946_2040431948.tif,train
2384,/kaggle/working/real_text_10k_dataset/doc_g2384_rot90.jpg,1,90,2040431946_2040431948.tif,train
2384,/kaggle/working/real_text_10k_dataset/doc_g2384_rot180.jpg,2,180,2040431946_2040431948.tif,train
2384,/kaggle/working/real_text_10k_dataset/doc_g2384_rot270.jpg,3,270,2040431946_2040431948.tif,train
2385,/kaggle/working/real_text_10k_dataset/doc_g2385_rot0.jpg,0,0,50567220-7221.tif,train
2385,/kaggle/working/real_text_10k_dataset/doc_g2385_rot90.jpg,1,90,50567220-7221.tif,train
2385,/kaggle/working/real_text_10k_dataset/doc_g2385_rot180.jpg,2,180,50567220-7221.tif,train
2385,/kaggle/working/real_text_10k_dataset/doc_g2385_rot270.jpg,3,270,50567220-7221.tif,train
2386,/kaggle/working/real_text_10k_dataset/doc_g2386_rot0.jpg,0,0,50421822-1822.tif,train
2386,/kaggle/working/real_text_10k_dataset/doc_g2386_rot90.jpg,1,90,50421822-1822.tif,train
2386,/kaggle/working/real_text_10k_dataset/doc_g2386_rot180.jpg,2,180,50421822-1822.tif,train
2386,/kaggle/working/real_text_10k_dataset/doc_g2386_rot270.jpg,3,270,50421822-1822.tif,train
2387,/kaggle/working/real_text_10k_dataset/doc_g2387_rot0.jpg,0,0,524500080+-0081.tif,train
2387,/kaggle/working/real_text_10k_dataset/doc_g2387_rot90.jpg,1,90,524500080+-0081.tif,train
2387,/kaggle/working/real_text_10k_dataset/doc_g2387_rot180.jpg,2,180,524500080+-0081.tif,train
2387,/kaggle/working/real_text_10k_dataset/doc_g2387_rot270.jpg,3,270,524500080+-0081.tif,train
2388,/kaggle/working/real_text_10k_dataset/doc_g2388_rot0.jpg,0,0,1000322531.tif,val
2388,/kaggle/working/real_text_10k_dataset/doc_g2388_rot90.jpg,1,90,1000322531.tif,val
2388,/kaggle/working/real_text_10k_dataset/doc_g2388_rot180.jpg,2,180,1000322531.tif,val
2388,/kaggle/working/real_text_10k_dataset/doc_g2388_rot270.jpg,3,270,1000322531.tif,val
2389,/kaggle/working/real_text_10k_dataset/doc_g2389_rot0.jpg,0,0,receipt_00078.png,val
2389,/kaggle/working/real_text_10k_dataset/doc_g2389_rot90.jpg,1,90,receipt_00078.png,val
2389,/kaggle/working/real_text_10k_dataset/doc_g2389_rot180.jpg,2,180,receipt_00078.png,val
2389,/kaggle/working/real_text_10k_dataset/doc_g2389_rot270.jpg,3,270,receipt_00078.png,val
2390,/kaggle/working/real_text_10k_dataset/doc_g2390_rot0.jpg,0,0,507212899+-2905.tif,train
2390,/kaggle/working/real_text_10k_dataset/doc_g2390_rot90.jpg,1,90,507212899+-2905.tif,train
2390,/kaggle/working/real_text_10k_dataset/doc_g2390_rot180.jpg,2,180,507212899+-2905.tif,train
2390,/kaggle/working/real_text_10k_dataset/doc_g2390_rot270.jpg,3,270,507212899+-2905.tif,train
2391,/kaggle/working/real_text_10k_dataset/doc_g2391_rot0.jpg,0,0,2080910199_0200.tif,train
2391,/kaggle/working/real_text_10k_dataset/doc_g2391_rot90.jpg,1,90,2080910199_0200.tif,train
2391,/kaggle/working/real_text_10k_dataset/doc_g2391_rot180.jpg,2,180,2080910199_0200.tif,train
2391,/kaggle/working/real_text_10k_dataset/doc_g2391_rot270.jpg,3,270,2080910199_0200.tif,train
2392,/kaggle/working/real_text_10k_dataset/doc_g2392_rot0.jpg,0,0,2078386678.tif,train
2392,/kaggle/working/real_text_10k_dataset/doc_g2392_rot90.jpg,1,90,2078386678.tif,train
2392,/kaggle/working/real_text_10k_dataset/doc_g2392_rot180.jpg,2,180,2078386678.tif,train
2392,/kaggle/working/real_text_10k_dataset/doc_g2392_rot270.jpg,3,270,2078386678.tif,train
2393,/kaggle/working/real_text_10k_dataset/doc_g2393_rot0.jpg,0,0,2040317818.tif,train
2393,/kaggle/working/real_text_10k_dataset/doc_g2393_rot90.jpg,1,90,2040317818.tif,train
2393,/kaggle/working/real_text_10k_dataset/doc_g2393_rot180.jpg,2,180,2040317818.tif,train
2393,/kaggle/working/real_text_10k_dataset/doc_g2393_rot270.jpg,3,270,2040317818.tif,train
2394,/kaggle/working/real_text_10k_dataset/doc_g2394_rot0.jpg,0,0,0060340191.tif,train
2394,/kaggle/working/real_text_10k_dataset/doc_g2394_rot90.jpg,1,90,0060340191.tif,train
2394,/kaggle/working/real_text_10k_dataset/doc_g2394_rot180.jpg,2,180,0060340191.tif,train
2394,/kaggle/working/real_text_10k_dataset/doc_g2394_rot270.jpg,3,270,0060340191.tif,train
2395,/kaggle/working/real_text_10k_dataset/doc_g2395_rot0.jpg,0,0,2029130425.tif,train
2395,/kaggle/working/real_text_10k_dataset/doc_g2395_rot90.jpg,1,90,2029130425.tif,train
2395,/kaggle/working/real_text_10k_dataset/doc_g2395_rot180.jpg,2,180,2029130425.tif,train
2395,/kaggle/working/real_text_10k_dataset/doc_g2395_rot270.jpg,3,270,2029130425.tif,train
2396,/kaggle/working/real_text_10k_dataset/doc_g2396_rot0.jpg,0,0,10411122_10411125.tif,train
2396,/kaggle/working/real_text_10k_dataset/doc_g2396_rot90.jpg,1,90,10411122_10411125.tif,train
2396,/kaggle/working/real_text_10k_dataset/doc_g2396_rot180.jpg,2,180,10411122_10411125.tif,train
2396,/kaggle/working/real_text_10k_dataset/doc_g2396_rot270.jpg,3,270,10411122_10411125.tif,train
2397,/kaggle/working/real_text_10k_dataset/doc_g2397_rot0.jpg,0,0,2072652109_2110.tif,train
2397,/kaggle/working/real_text_10k_dataset/doc_g2397_rot90.jpg,1,90,2072652109_2110.tif,train
2397,/kaggle/working/real_text_10k_dataset/doc_g2397_rot180.jpg,2,180,2072652109_2110.tif,train
2397,/kaggle/working/real_text_10k_dataset/doc_g2397_rot270.jpg,3,270,2072652109_2110.tif,train
2398,/kaggle/working/real_text_10k_dataset/doc_g2398_rot0.jpg,0,0,tob07401.91.tif,train
2398,/kaggle/working/real_text_10k_dataset/doc_g2398_rot90.jpg,1,90,tob07401.91.tif,train
2398,/kaggle/working/real_text_10k_dataset/doc_g2398_rot180.jpg,2,180,tob07401.91.tif,train
2398,/kaggle/working/real_text_10k_dataset/doc_g2398_rot270.jpg,3,270,tob07401.91.tif,train
2399,/kaggle/working/real_text_10k_dataset/doc_g2399_rot0.jpg,0,0,2081779110.tif,train
2399,/kaggle/working/real_text_10k_dataset/doc_g2399_rot90.jpg,1,90,2081779110.tif,train
2399,/kaggle/working/real_text_10k_dataset/doc_g2399_rot180.jpg,2,180,2081779110.tif,train
2399,/kaggle/working/real_text_10k_dataset/doc_g2399_rot270.jpg,3,270,2081779110.tif,train
2400,/kaggle/working/real_text_10k_dataset/doc_g2400_rot0.jpg,0,0,01760615_01760621.tif,train
2400,/kaggle/working/real_text_10k_dataset/doc_g2400_rot90.jpg,1,90,01760615_01760621.tif,train
2400,/kaggle/working/real_text_10k_dataset/doc_g2400_rot180.jpg,2,180,01760615_01760621.tif,train
2400,/kaggle/working/real_text_10k_dataset/doc_g2400_rot270.jpg,3,270,01760615_01760621.tif,train
2401,/kaggle/working/real_text_10k_dataset/doc_g2401_rot0.jpg,0,0,2069721521.tif,val
2401,/kaggle/working/real_text_10k_dataset/doc_g2401_rot90.jpg,1,90,2069721521.tif,val
2401,/kaggle/working/real_text_10k_dataset/doc_g2401_rot180.jpg,2,180,2069721521.tif,val
2401,/kaggle/working/real_text_10k_dataset/doc_g2401_rot270.jpg,3,270,2069721521.tif,val
2402,/kaggle/working/real_text_10k_dataset/doc_g2402_rot0.jpg,0,0,tob00902.23.tif,train
2402,/kaggle/working/real_text_10k_dataset/doc_g2402_rot90.jpg,1,90,tob00902.23.tif,train
2402,/kaggle/working/real_text_10k_dataset/doc_g2402_rot180.jpg,2,180,tob00902.23.tif,train
2402,/kaggle/working/real_text_10k_dataset/doc_g2402_rot270.jpg,3,270,tob00902.23.tif,train
2403,/kaggle/working/real_text_10k_dataset/doc_g2403_rot0.jpg,0,0,506287660_506287663.tif,train
2403,/kaggle/working/real_text_10k_dataset/doc_g2403_rot90.jpg,1,90,506287660_506287663.tif,train
2403,/kaggle/working/real_text_10k_dataset/doc_g2403_rot180.jpg,2,180,506287660_506287663.tif,train
2403,/kaggle/working/real_text_10k_dataset/doc_g2403_rot270.jpg,3,270,506287660_506287663.tif,train
2404,/kaggle/working/real_text_10k_dataset/doc_g2404_rot0.jpg,0,0,91517439.tif,train
2404,/kaggle/working/real_text_10k_dataset/doc_g2404_rot90.jpg,1,90,91517439.tif,train
2404,/kaggle/working/real_text_10k_dataset/doc_g2404_rot180.jpg,2,180,91517439.tif,train
2404,/kaggle/working/real_text_10k_dataset/doc_g2404_rot270.jpg,3,270,91517439.tif,train
2405,/kaggle/working/real_text_10k_dataset/doc_g2405_rot0.jpg,0,0,2065349804.tif,train
2405,/kaggle/working/real_text_10k_dataset/doc_g2405_rot90.jpg,1,90,2065349804.tif,train
2405,/kaggle/working/real_text_10k_dataset/doc_g2405_rot180.jpg,2,180,2065349804.tif,train
2405,/kaggle/working/real_text_10k_dataset/doc_g2405_rot270.jpg,3,270,2065349804.tif,train
2406,/kaggle/working/real_text_10k_dataset/doc_g2406_rot0.jpg,0,0,0000074236.tif,train
2406,/kaggle/working/real_text_10k_dataset/doc_g2406_rot90.jpg,1,90,0000074236.tif,train
2406,/kaggle/working/real_text_10k_dataset/doc_g2406_rot180.jpg,2,180,0000074236.tif,train
2406,/kaggle/working/real_text_10k_dataset/doc_g2406_rot270.jpg,3,270,0000074236.tif,train
2407,/kaggle/working/real_text_10k_dataset/doc_g2407_rot0.jpg,0,0,506255774_506255775.tif,val
2407,/kaggle/working/real_text_10k_dataset/doc_g2407_rot90.jpg,1,90,506255774_506255775.tif,val
2407,/kaggle/working/real_text_10k_dataset/doc_g2407_rot180.jpg,2,180,506255774_506255775.tif,val
2407,/kaggle/working/real_text_10k_dataset/doc_g2407_rot270.jpg,3,270,506255774_506255775.tif,val
2408,/kaggle/working/real_text_10k_dataset/doc_g2408_rot0.jpg,0,0,receipt_00309.png,val
2408,/kaggle/working/real_text_10k_dataset/doc_g2408_rot90.jpg,1,90,receipt_00309.png,val
2408,/kaggle/working/real_text_10k_dataset/doc_g2408_rot180.jpg,2,180,receipt_00309.png,val
2408,/kaggle/working/real_text_10k_dataset/doc_g2408_rot270.jpg,3,270,receipt_00309.png,val
2409,/kaggle/working/real_text_10k_dataset/doc_g2409_rot0.jpg,0,0,507936178.tif,train
2409,/kaggle/working/real_text_10k_dataset/doc_g2409_rot90.jpg,1,90,507936178.tif,train
2409,/kaggle/working/real_text_10k_dataset/doc_g2409_rot180.jpg,2,180,507936178.tif,train
2409,/kaggle/working/real_text_10k_dataset/doc_g2409_rot270.jpg,3,270,507936178.tif,train
2410,/kaggle/working/real_text_10k_dataset/doc_g2410_rot0.jpg,0,0,514446695+-6696.tif,train
2410,/kaggle/working/real_text_10k_dataset/doc_g2410_rot90.jpg,1,90,514446695+-6696.tif,train
2410,/kaggle/working/real_text_10k_dataset/doc_g2410_rot180.jpg,2,180,514446695+-6696.tif,train
2410,/kaggle/working/real_text_10k_dataset/doc_g2410_rot270.jpg,3,270,514446695+-6696.tif,train
2411,/kaggle/working/real_text_10k_dataset/doc_g2411_rot0.jpg,0,0,0000985716.tif,train
2411,/kaggle/working/real_text_10k_dataset/doc_g2411_rot90.jpg,1,90,0000985716.tif,train
2411,/kaggle/working/real_text_10k_dataset/doc_g2411_rot180.jpg,2,180,0000985716.tif,train
2411,/kaggle/working/real_text_10k_dataset/doc_g2411_rot270.jpg,3,270,0000985716.tif,train
2412,/kaggle/working/real_text_10k_dataset/doc_g2412_rot0.jpg,0,0,2080021492.tif,train
2412,/kaggle/working/real_text_10k_dataset/doc_g2412_rot90.jpg,1,90,2080021492.tif,train
2412,/kaggle/working/real_text_10k_dataset/doc_g2412_rot180.jpg,2,180,2080021492.tif,train
2412,/kaggle/working/real_text_10k_dataset/doc_g2412_rot270.jpg,3,270,2080021492.tif,train
2413,/kaggle/working/real_text_10k_dataset/doc_g2413_rot0.jpg,0,0,517753619+-3620.tif,train
2413,/kaggle/working/real_text_10k_dataset/doc_g2413_rot90.jpg,1,90,517753619+-3620.tif,train
2413,/kaggle/working/real_text_10k_dataset/doc_g2413_rot180.jpg,2,180,517753619+-3620.tif,train
2413,/kaggle/working/real_text_10k_dataset/doc_g2413_rot270.jpg,3,270,517753619+-3620.tif,train
2414,/kaggle/working/real_text_10k_dataset/doc_g2414_rot0.jpg,0,0,2072553075_3101.tif,train
2414,/kaggle/working/real_text_10k_dataset/doc_g2414_rot90.jpg,1,90,2072553075_3101.tif,train
2414,/kaggle/working/real_text_10k_dataset/doc_g2414_rot180.jpg,2,180,2072553075_3101.tif,train
2414,/kaggle/working/real_text_10k_dataset/doc_g2414_rot270.jpg,3,270,2072553075_3101.tif,train
2415,/kaggle/working/real_text_10k_dataset/doc_g2415_rot0.jpg,0,0,2063515019_5036.tif,train
2415,/kaggle/working/real_text_10k_dataset/doc_g2415_rot90.jpg,1,90,2063515019_5036.tif,train
2415,/kaggle/working/real_text_10k_dataset/doc_g2415_rot180.jpg,2,180,2063515019_5036.tif,train
2415,/kaggle/working/real_text_10k_dataset/doc_g2415_rot270.jpg,3,270,2063515019_5036.tif,train
2416,/kaggle/working/real_text_10k_dataset/doc_g2416_rot0.jpg,0,0,2070045060a.tif,train
2416,/kaggle/working/real_text_10k_dataset/doc_g2416_rot90.jpg,1,90,2070045060a.tif,train
2416,/kaggle/working/real_text_10k_dataset/doc_g2416_rot180.jpg,2,180,2070045060a.tif,train
2416,/kaggle/working/real_text_10k_dataset/doc_g2416_rot270.jpg,3,270,2070045060a.tif,train
2417,/kaggle/working/real_text_10k_dataset/doc_g2417_rot0.jpg,0,0,2085802502c_2503.tif,val
2417,/kaggle/working/real_text_10k_dataset/doc_g2417_rot90.jpg,1,90,2085802502c_2503.tif,val
2417,/kaggle/working/real_text_10k_dataset/doc_g2417_rot180.jpg,2,180,2085802502c_2503.tif,val
2417,/kaggle/working/real_text_10k_dataset/doc_g2417_rot270.jpg,3,270,2085802502c_2503.tif,val
2418,/kaggle/working/real_text_10k_dataset/doc_g2418_rot0.jpg,0,0,receipt_00206.png,test
2418,/kaggle/working/real_text_10k_dataset/doc_g2418_rot90.jpg,1,90,receipt_00206.png,test
2418,/kaggle/working/real_text_10k_dataset/doc_g2418_rot180.jpg,2,180,receipt_00206.png,test
2418,/kaggle/working/real_text_10k_dataset/doc_g2418_rot270.jpg,3,270,receipt_00206.png,test
2419,/kaggle/working/real_text_10k_dataset/doc_g2419_rot0.jpg,0,0,518303912+-3912.tif,train
2419,/kaggle/working/real_text_10k_dataset/doc_g2419_rot90.jpg,1,90,518303912+-3912.tif,train
2419,/kaggle/working/real_text_10k_dataset/doc_g2419_rot180.jpg,2,180,518303912+-3912.tif,train
2419,/kaggle/working/real_text_10k_dataset/doc_g2419_rot270.jpg,3,270,518303912+-3912.tif,train
2420,/kaggle/working/real_text_10k_dataset/doc_g2420_rot0.jpg,0,0,50446834-6842.tif,train
2420,/kaggle/working/real_text_10k_dataset/doc_g2420_rot90.jpg,1,90,50446834-6842.tif,train
2420,/kaggle/working/real_text_10k_dataset/doc_g2420_rot180.jpg,2,180,50446834-6842.tif,train
2420,/kaggle/working/real_text_10k_dataset/doc_g2420_rot270.jpg,3,270,50446834-6842.tif,train
2421,/kaggle/working/real_text_10k_dataset/doc_g2421_rot0.jpg,0,0,1001533488.tif,train
2421,/kaggle/working/real_text_10k_dataset/doc_g2421_rot90.jpg,1,90,1001533488.tif,train
2421,/kaggle/working/real_text_10k_dataset/doc_g2421_rot180.jpg,2,180,1001533488.tif,train
2421,/kaggle/working/real_text_10k_dataset/doc_g2421_rot270.jpg,3,270,1001533488.tif,train
2422,/kaggle/working/real_text_10k_dataset/doc_g2422_rot0.jpg,0,0,2062201420_2062201453.tif,train
2422,/kaggle/working/real_text_10k_dataset/doc_g2422_rot90.jpg,1,90,2062201420_2062201453.tif,train
2422,/kaggle/working/real_text_10k_dataset/doc_g2422_rot180.jpg,2,180,2062201420_2062201453.tif,train
2422,/kaggle/working/real_text_10k_dataset/doc_g2422_rot270.jpg,3,270,2062201420_2062201453.tif,train
2423,/kaggle/working/real_text_10k_dataset/doc_g2423_rot0.jpg,0,0,0000054885.tif,test
2423,/kaggle/working/real_text_10k_dataset/doc_g2423_rot90.jpg,1,90,0000054885.tif,test
2423,/kaggle/working/real_text_10k_dataset/doc_g2423_rot180.jpg,2,180,0000054885.tif,test
2423,/kaggle/working/real_text_10k_dataset/doc_g2423_rot270.jpg,3,270,0000054885.tif,test
2424,/kaggle/working/real_text_10k_dataset/doc_g2424_rot0.jpg,0,0,518931222+-1222.tif,test
2424,/kaggle/working/real_text_10k_dataset/doc_g2424_rot90.jpg,1,90,518931222+-1222.tif,test
2424,/kaggle/working/real_text_10k_dataset/doc_g2424_rot180.jpg,2,180,518931222+-1222.tif,test
2424,/kaggle/working/real_text_10k_dataset/doc_g2424_rot270.jpg,3,270,518931222+-1222.tif,test
2425,/kaggle/working/real_text_10k_dataset/doc_g2425_rot0.jpg,0,0,50681014-1015.tif,train
2425,/kaggle/working/real_text_10k_dataset/doc_g2425_rot90.jpg,1,90,50681014-1015.tif,train
2425,/kaggle/working/real_text_10k_dataset/doc_g2425_rot180.jpg,2,180,50681014-1015.tif,train
2425,/kaggle/working/real_text_10k_dataset/doc_g2425_rot270.jpg,3,270,50681014-1015.tif,train
2426,/kaggle/working/real_text_10k_dataset/doc_g2426_rot0.jpg,0,0,0011835878.tif,test
2426,/kaggle/working/real_text_10k_dataset/doc_g2426_rot90.jpg,1,90,0011835878.tif,test
2426,/kaggle/working/real_text_10k_dataset/doc_g2426_rot180.jpg,2,180,0011835878.tif,test
2426,/kaggle/working/real_text_10k_dataset/doc_g2426_rot270.jpg,3,270,0011835878.tif,test
2427,/kaggle/working/real_text_10k_dataset/doc_g2427_rot0.jpg,0,0,13013761.tif,train
2427,/kaggle/working/real_text_10k_dataset/doc_g2427_rot90.jpg,1,90,13013761.tif,train
2427,/kaggle/working/real_text_10k_dataset/doc_g2427_rot180.jpg,2,180,13013761.tif,train
2427,/kaggle/working/real_text_10k_dataset/doc_g2427_rot270.jpg,3,270,13013761.tif,train
2428,/kaggle/working/real_text_10k_dataset/doc_g2428_rot0.jpg,0,0,2021529248.tif,train
2428,/kaggle/working/real_text_10k_dataset/doc_g2428_rot90.jpg,1,90,2021529248.tif,train
2428,/kaggle/working/real_text_10k_dataset/doc_g2428_rot180.jpg,2,180,2021529248.tif,train
2428,/kaggle/working/real_text_10k_dataset/doc_g2428_rot270.jpg,3,270,2021529248.tif,train
2429,/kaggle/working/real_text_10k_dataset/doc_g2429_rot0.jpg,0,0,2028729090.tif,train
2429,/kaggle/working/real_text_10k_dataset/doc_g2429_rot90.jpg,1,90,2028729090.tif,train
2429,/kaggle/working/real_text_10k_dataset/doc_g2429_rot180.jpg,2,180,2028729090.tif,train
2429,/kaggle/working/real_text_10k_dataset/doc_g2429_rot270.jpg,3,270,2028729090.tif,train
2430,/kaggle/working/real_text_10k_dataset/doc_g2430_rot0.jpg,0,0,2077593128_3139.tif,train
2430,/kaggle/working/real_text_10k_dataset/doc_g2430_rot90.jpg,1,90,2077593128_3139.tif,train
2430,/kaggle/working/real_text_10k_dataset/doc_g2430_rot180.jpg,2,180,2077593128_3139.tif,train
2430,/kaggle/working/real_text_10k_dataset/doc_g2430_rot270.jpg,3,270,2077593128_3139.tif,train
2431,/kaggle/working/real_text_10k_dataset/doc_g2431_rot0.jpg,0,0,60022228.tif,train
2431,/kaggle/working/real_text_10k_dataset/doc_g2431_rot90.jpg,1,90,60022228.tif,train
2431,/kaggle/working/real_text_10k_dataset/doc_g2431_rot180.jpg,2,180,60022228.tif,train
2431,/kaggle/working/real_text_10k_dataset/doc_g2431_rot270.jpg,3,270,60022228.tif,train
2432,/kaggle/working/real_text_10k_dataset/doc_g2432_rot0.jpg,0,0,PUBLICATIONS017379-7.tif,train
2432,/kaggle/working/real_text_10k_dataset/doc_g2432_rot90.jpg,1,90,PUBLICATIONS017379-7.tif,train
2432,/kaggle/working/real_text_10k_dataset/doc_g2432_rot180.jpg,2,180,PUBLICATIONS017379-7.tif,train
2432,/kaggle/working/real_text_10k_dataset/doc_g2432_rot270.jpg,3,270,PUBLICATIONS017379-7.tif,train
2433,/kaggle/working/real_text_10k_dataset/doc_g2433_rot0.jpg,0,0,2041010578_2041010586.tif,train
2433,/kaggle/working/real_text_10k_dataset/doc_g2433_rot90.jpg,1,90,2041010578_2041010586.tif,train
2433,/kaggle/working/real_text_10k_dataset/doc_g2433_rot180.jpg,2,180,2041010578_2041010586.tif,train
2433,/kaggle/working/real_text_10k_dataset/doc_g2433_rot270.jpg,3,270,2041010578_2041010586.tif,train
2434,/kaggle/working/real_text_10k_dataset/doc_g2434_rot0.jpg,0,0,502606856+-6856.tif,train
2434,/kaggle/working/real_text_10k_dataset/doc_g2434_rot90.jpg,1,90,502606856+-6856.tif,train
2434,/kaggle/working/real_text_10k_dataset/doc_g2434_rot180.jpg,2,180,502606856+-6856.tif,train
2434,/kaggle/working/real_text_10k_dataset/doc_g2434_rot270.jpg,3,270,502606856+-6856.tif,train
2435,/kaggle/working/real_text_10k_dataset/doc_g2435_rot0.jpg,0,0,2072555634.tif,train
2435,/kaggle/working/real_text_10k_dataset/doc_g2435_rot90.jpg,1,90,2072555634.tif,train
2435,/kaggle/working/real_text_10k_dataset/doc_g2435_rot180.jpg,2,180,2072555634.tif,train
2435,/kaggle/working/real_text_10k_dataset/doc_g2435_rot270.jpg,3,270,2072555634.tif,train
2436,/kaggle/working/real_text_10k_dataset/doc_g2436_rot0.jpg,0,0,2073096716_6717.tif,train
2436,/kaggle/working/real_text_10k_dataset/doc_g2436_rot90.jpg,1,90,2073096716_6717.tif,train
2436,/kaggle/working/real_text_10k_dataset/doc_g2436_rot180.jpg,2,180,2073096716_6717.tif,train
2436,/kaggle/working/real_text_10k_dataset/doc_g2436_rot270.jpg,3,270,2073096716_6717.tif,train
2437,/kaggle/working/real_text_10k_dataset/doc_g2437_rot0.jpg,0,0,81305199.tif,train
2437,/kaggle/working/real_text_10k_dataset/doc_g2437_rot90.jpg,1,90,81305199.tif,train
2437,/kaggle/working/real_text_10k_dataset/doc_g2437_rot180.jpg,2,180,81305199.tif,train
2437,/kaggle/working/real_text_10k_dataset/doc_g2437_rot270.jpg,3,270,81305199.tif,train
2438,/kaggle/working/real_text_10k_dataset/doc_g2438_rot0.jpg,0,0,0000016462.tif,train
2438,/kaggle/working/real_text_10k_dataset/doc_g2438_rot90.jpg,1,90,0000016462.tif,train
2438,/kaggle/working/real_text_10k_dataset/doc_g2438_rot180.jpg,2,180,0000016462.tif,train
2438,/kaggle/working/real_text_10k_dataset/doc_g2438_rot270.jpg,3,270,0000016462.tif,train
2439,/kaggle/working/real_text_10k_dataset/doc_g2439_rot0.jpg,0,0,2026486823.tif,train
2439,/kaggle/working/real_text_10k_dataset/doc_g2439_rot90.jpg,1,90,2026486823.tif,train
2439,/kaggle/working/real_text_10k_dataset/doc_g2439_rot180.jpg,2,180,2026486823.tif,train
2439,/kaggle/working/real_text_10k_dataset/doc_g2439_rot270.jpg,3,270,2026486823.tif,train
2440,/kaggle/working/real_text_10k_dataset/doc_g2440_rot0.jpg,0,0,0000279365.tif,train
2440,/kaggle/working/real_text_10k_dataset/doc_g2440_rot90.jpg,1,90,0000279365.tif,train
2440,/kaggle/working/real_text_10k_dataset/doc_g2440_rot180.jpg,2,180,0000279365.tif,train
2440,/kaggle/working/real_text_10k_dataset/doc_g2440_rot270.jpg,3,270,0000279365.tif,train
2441,/kaggle/working/real_text_10k_dataset/doc_g2441_rot0.jpg,0,0,50651495-1496.tif,train
2441,/kaggle/working/real_text_10k_dataset/doc_g2441_rot90.jpg,1,90,50651495-1496.tif,train
2441,/kaggle/working/real_text_10k_dataset/doc_g2441_rot180.jpg,2,180,50651495-1496.tif,train
2441,/kaggle/working/real_text_10k_dataset/doc_g2441_rot270.jpg,3,270,50651495-1496.tif,train
2442,/kaggle/working/real_text_10k_dataset/doc_g2442_rot0.jpg,0,0,2082160087_0088.tif,train
2442,/kaggle/working/real_text_10k_dataset/doc_g2442_rot90.jpg,1,90,2082160087_0088.tif,train
2442,/kaggle/working/real_text_10k_dataset/doc_g2442_rot180.jpg,2,180,2082160087_0088.tif,train
2442,/kaggle/working/real_text_10k_dataset/doc_g2442_rot270.jpg,3,270,2082160087_0088.tif,train
2443,/kaggle/working/real_text_10k_dataset/doc_g2443_rot0.jpg,0,0,2081193174.tif,train
2443,/kaggle/working/real_text_10k_dataset/doc_g2443_rot90.jpg,1,90,2081193174.tif,train
2443,/kaggle/working/real_text_10k_dataset/doc_g2443_rot180.jpg,2,180,2081193174.tif,train
2443,/kaggle/working/real_text_10k_dataset/doc_g2443_rot270.jpg,3,270,2081193174.tif,train
2444,/kaggle/working/real_text_10k_dataset/doc_g2444_rot0.jpg,0,0,2083781009.tif,train
2444,/kaggle/working/real_text_10k_dataset/doc_g2444_rot90.jpg,1,90,2083781009.tif,train
2444,/kaggle/working/real_text_10k_dataset/doc_g2444_rot180.jpg,2,180,2083781009.tif,train
2444,/kaggle/working/real_text_10k_dataset/doc_g2444_rot270.jpg,3,270,2083781009.tif,train
2445,/kaggle/working/real_text_10k_dataset/doc_g2445_rot0.jpg,0,0,2085053724.tif,train
2445,/kaggle/working/real_text_10k_dataset/doc_g2445_rot90.jpg,1,90,2085053724.tif,train
2445,/kaggle/working/real_text_10k_dataset/doc_g2445_rot180.jpg,2,180,2085053724.tif,train
2445,/kaggle/working/real_text_10k_dataset/doc_g2445_rot270.jpg,3,270,2085053724.tif,train
2446,/kaggle/working/real_text_10k_dataset/doc_g2446_rot0.jpg,0,0,507484442.tif,train
2446,/kaggle/working/real_text_10k_dataset/doc_g2446_rot90.jpg,1,90,507484442.tif,train
2446,/kaggle/working/real_text_10k_dataset/doc_g2446_rot180.jpg,2,180,507484442.tif,train
2446,/kaggle/working/real_text_10k_dataset/doc_g2446_rot270.jpg,3,270,507484442.tif,train
2447,/kaggle/working/real_text_10k_dataset/doc_g2447_rot0.jpg,0,0,2044065845.tif,train
2447,/kaggle/working/real_text_10k_dataset/doc_g2447_rot90.jpg,1,90,2044065845.tif,train
2447,/kaggle/working/real_text_10k_dataset/doc_g2447_rot180.jpg,2,180,2044065845.tif,train
2447,/kaggle/working/real_text_10k_dataset/doc_g2447_rot270.jpg,3,270,2044065845.tif,train
2448,/kaggle/working/real_text_10k_dataset/doc_g2448_rot0.jpg,0,0,2022171934.tif,train
2448,/kaggle/working/real_text_10k_dataset/doc_g2448_rot90.jpg,1,90,2022171934.tif,train
2448,/kaggle/working/real_text_10k_dataset/doc_g2448_rot180.jpg,2,180,2022171934.tif,train
2448,/kaggle/working/real_text_10k_dataset/doc_g2448_rot270.jpg,3,270,2022171934.tif,train
2449,/kaggle/working/real_text_10k_dataset/doc_g2449_rot0.jpg,0,0,520780423+-0423.tif,train
2449,/kaggle/working/real_text_10k_dataset/doc_g2449_rot90.jpg,1,90,520780423+-0423.tif,train
2449,/kaggle/working/real_text_10k_dataset/doc_g2449_rot180.jpg,2,180,520780423+-0423.tif,train
2449,/kaggle/working/real_text_10k_dataset/doc_g2449_rot270.jpg,3,270,520780423+-0423.tif,train
2450,/kaggle/working/real_text_10k_dataset/doc_g2450_rot0.jpg,0,0,2026221398.tif,train
2450,/kaggle/working/real_text_10k_dataset/doc_g2450_rot90.jpg,1,90,2026221398.tif,train
2450,/kaggle/working/real_text_10k_dataset/doc_g2450_rot180.jpg,2,180,2026221398.tif,train
2450,/kaggle/working/real_text_10k_dataset/doc_g2450_rot270.jpg,3,270,2026221398.tif,train
2451,/kaggle/working/real_text_10k_dataset/doc_g2451_rot0.jpg,0,0,2057417352_2057417354.tif,train
2451,/kaggle/working/real_text_10k_dataset/doc_g2451_rot90.jpg,1,90,2057417352_2057417354.tif,train
2451,/kaggle/working/real_text_10k_dataset/doc_g2451_rot180.jpg,2,180,2057417352_2057417354.tif,train
2451,/kaggle/working/real_text_10k_dataset/doc_g2451_rot270.jpg,3,270,2057417352_2057417354.tif,train
2452,/kaggle/working/real_text_10k_dataset/doc_g2452_rot0.jpg,0,0,0060322110.tif,train
2452,/kaggle/working/real_text_10k_dataset/doc_g2452_rot90.jpg,1,90,0060322110.tif,train
2452,/kaggle/working/real_text_10k_dataset/doc_g2452_rot180.jpg,2,180,0060322110.tif,train
2452,/kaggle/working/real_text_10k_dataset/doc_g2452_rot270.jpg,3,270,0060322110.tif,train
2453,/kaggle/working/real_text_10k_dataset/doc_g2453_rot0.jpg,0,0,2021635122.tif,train
2453,/kaggle/working/real_text_10k_dataset/doc_g2453_rot90.jpg,1,90,2021635122.tif,train
2453,/kaggle/working/real_text_10k_dataset/doc_g2453_rot180.jpg,2,180,2021635122.tif,train
2453,/kaggle/working/real_text_10k_dataset/doc_g2453_rot270.jpg,3,270,2021635122.tif,train
2454,/kaggle/working/real_text_10k_dataset/doc_g2454_rot0.jpg,0,0,2026448946.tif,train
2454,/kaggle/working/real_text_10k_dataset/doc_g2454_rot90.jpg,1,90,2026448946.tif,train
2454,/kaggle/working/real_text_10k_dataset/doc_g2454_rot180.jpg,2,180,2026448946.tif,train
2454,/kaggle/working/real_text_10k_dataset/doc_g2454_rot270.jpg,3,270,2026448946.tif,train
2455,/kaggle/working/real_text_10k_dataset/doc_g2455_rot0.jpg,0,0,2053856156_2053856159.tif,test
2455,/kaggle/working/real_text_10k_dataset/doc_g2455_rot90.jpg,1,90,2053856156_2053856159.tif,test
2455,/kaggle/working/real_text_10k_dataset/doc_g2455_rot180.jpg,2,180,2053856156_2053856159.tif,test
2455,/kaggle/working/real_text_10k_dataset/doc_g2455_rot270.jpg,3,270,2053856156_2053856159.tif,test
2456,/kaggle/working/real_text_10k_dataset/doc_g2456_rot0.jpg,0,0,2067642096.tif,train
2456,/kaggle/working/real_text_10k_dataset/doc_g2456_rot90.jpg,1,90,2067642096.tif,train
2456,/kaggle/working/real_text_10k_dataset/doc_g2456_rot180.jpg,2,180,2067642096.tif,train
2456,/kaggle/working/real_text_10k_dataset/doc_g2456_rot270.jpg,3,270,2067642096.tif,train
2457,/kaggle/working/real_text_10k_dataset/doc_g2457_rot0.jpg,0,0,528756347+-6347.tif,train
2457,/kaggle/working/real_text_10k_dataset/doc_g2457_rot90.jpg,1,90,528756347+-6347.tif,train
2457,/kaggle/working/real_text_10k_dataset/doc_g2457_rot180.jpg,2,180,528756347+-6347.tif,train
2457,/kaggle/working/real_text_10k_dataset/doc_g2457_rot270.jpg,3,270,528756347+-6347.tif,train
2458,/kaggle/working/real_text_10k_dataset/doc_g2458_rot0.jpg,0,0,2069740988.tif,train
2458,/kaggle/working/real_text_10k_dataset/doc_g2458_rot90.jpg,1,90,2069740988.tif,train
2458,/kaggle/working/real_text_10k_dataset/doc_g2458_rot180.jpg,2,180,2069740988.tif,train
2458,/kaggle/working/real_text_10k_dataset/doc_g2458_rot270.jpg,3,270,2069740988.tif,train
2459,/kaggle/working/real_text_10k_dataset/doc_g2459_rot0.jpg,0,0,528901502+-1502.tif,train
2459,/kaggle/working/real_text_10k_dataset/doc_g2459_rot90.jpg,1,90,528901502+-1502.tif,train
2459,/kaggle/working/real_text_10k_dataset/doc_g2459_rot180.jpg,2,180,528901502+-1502.tif,train
2459,/kaggle/working/real_text_10k_dataset/doc_g2459_rot270.jpg,3,270,528901502+-1502.tif,train
2460,/kaggle/working/real_text_10k_dataset/doc_g2460_rot0.jpg,0,0,2028471886.tif,train
2460,/kaggle/working/real_text_10k_dataset/doc_g2460_rot90.jpg,1,90,2028471886.tif,train
2460,/kaggle/working/real_text_10k_dataset/doc_g2460_rot180.jpg,2,180,2028471886.tif,train
2460,/kaggle/working/real_text_10k_dataset/doc_g2460_rot270.jpg,3,270,2028471886.tif,train
2461,/kaggle/working/real_text_10k_dataset/doc_g2461_rot0.jpg,0,0,0012210404.tif,train
2461,/kaggle/working/real_text_10k_dataset/doc_g2461_rot90.jpg,1,90,0012210404.tif,train
2461,/kaggle/working/real_text_10k_dataset/doc_g2461_rot180.jpg,2,180,0012210404.tif,train
2461,/kaggle/working/real_text_10k_dataset/doc_g2461_rot270.jpg,3,270,0012210404.tif,train
2462,/kaggle/working/real_text_10k_dataset/doc_g2462_rot0.jpg,0,0,528378299+-8299.tif,train
2462,/kaggle/working/real_text_10k_dataset/doc_g2462_rot90.jpg,1,90,528378299+-8299.tif,train
2462,/kaggle/working/real_text_10k_dataset/doc_g2462_rot180.jpg,2,180,528378299+-8299.tif,train
2462,/kaggle/working/real_text_10k_dataset/doc_g2462_rot270.jpg,3,270,528378299+-8299.tif,train
2463,/kaggle/working/real_text_10k_dataset/doc_g2463_rot0.jpg,0,0,0060178963.tif,train
2463,/kaggle/working/real_text_10k_dataset/doc_g2463_rot90.jpg,1,90,0060178963.tif,train
2463,/kaggle/working/real_text_10k_dataset/doc_g2463_rot180.jpg,2,180,0060178963.tif,train
2463,/kaggle/working/real_text_10k_dataset/doc_g2463_rot270.jpg,3,270,0060178963.tif,train
2464,/kaggle/working/real_text_10k_dataset/doc_g2464_rot0.jpg,0,0,tob18708.59.tif,val
2464,/kaggle/working/real_text_10k_dataset/doc_g2464_rot90.jpg,1,90,tob18708.59.tif,val
2464,/kaggle/working/real_text_10k_dataset/doc_g2464_rot180.jpg,2,180,tob18708.59.tif,val
2464,/kaggle/working/real_text_10k_dataset/doc_g2464_rot270.jpg,3,270,tob18708.59.tif,val
2465,/kaggle/working/real_text_10k_dataset/doc_g2465_rot0.jpg,0,0,2029139964.tif,test
2465,/kaggle/working/real_text_10k_dataset/doc_g2465_rot90.jpg,1,90,2029139964.tif,test
2465,/kaggle/working/real_text_10k_dataset/doc_g2465_rot180.jpg,2,180,2029139964.tif,test
2465,/kaggle/working/real_text_10k_dataset/doc_g2465_rot270.jpg,3,270,2029139964.tif,test
2466,/kaggle/working/real_text_10k_dataset/doc_g2466_rot0.jpg,0,0,2025041263.tif,val
2466,/kaggle/working/real_text_10k_dataset/doc_g2466_rot90.jpg,1,90,2025041263.tif,val
2466,/kaggle/working/real_text_10k_dataset/doc_g2466_rot180.jpg,2,180,2025041263.tif,val
2466,/kaggle/working/real_text_10k_dataset/doc_g2466_rot270.jpg,3,270,2025041263.tif,val
2467,/kaggle/working/real_text_10k_dataset/doc_g2467_rot0.jpg,0,0,2505161175.tif,val
2467,/kaggle/working/real_text_10k_dataset/doc_g2467_rot90.jpg,1,90,2505161175.tif,val
2467,/kaggle/working/real_text_10k_dataset/doc_g2467_rot180.jpg,2,180,2505161175.tif,val
2467,/kaggle/working/real_text_10k_dataset/doc_g2467_rot270.jpg,3,270,2505161175.tif,val
2468,/kaggle/working/real_text_10k_dataset/doc_g2468_rot0.jpg,0,0,CTRCONTRACTS013593-3.tif,train
2468,/kaggle/working/real_text_10k_dataset/doc_g2468_rot90.jpg,1,90,CTRCONTRACTS013593-3.tif,train
2468,/kaggle/working/real_text_10k_dataset/doc_g2468_rot180.jpg,2,180,CTRCONTRACTS013593-3.tif,train
2468,/kaggle/working/real_text_10k_dataset/doc_g2468_rot270.jpg,3,270,CTRCONTRACTS013593-3.tif,train
2469,/kaggle/working/real_text_10k_dataset/doc_g2469_rot0.jpg,0,0,0000120178.tif,train
2469,/kaggle/working/real_text_10k_dataset/doc_g2469_rot90.jpg,1,90,0000120178.tif,train
2469,/kaggle/working/real_text_10k_dataset/doc_g2469_rot180.jpg,2,180,0000120178.tif,train
2469,/kaggle/working/real_text_10k_dataset/doc_g2469_rot270.jpg,3,270,0000120178.tif,train
2470,/kaggle/working/real_text_10k_dataset/doc_g2470_rot0.jpg,0,0,2501552481.tif,train
2470,/kaggle/working/real_text_10k_dataset/doc_g2470_rot90.jpg,1,90,2501552481.tif,train
2470,/kaggle/working/real_text_10k_dataset/doc_g2470_rot180.jpg,2,180,2501552481.tif,train
2470,/kaggle/working/real_text_10k_dataset/doc_g2470_rot270.jpg,3,270,2501552481.tif,train
2471,/kaggle/working/real_text_10k_dataset/doc_g2471_rot0.jpg,0,0,50423802-3803.tif,train
2471,/kaggle/working/real_text_10k_dataset/doc_g2471_rot90.jpg,1,90,50423802-3803.tif,train
2471,/kaggle/working/real_text_10k_dataset/doc_g2471_rot180.jpg,2,180,50423802-3803.tif,train
2471,/kaggle/working/real_text_10k_dataset/doc_g2471_rot270.jpg,3,270,50423802-3803.tif,train
2472,/kaggle/working/real_text_10k_dataset/doc_g2472_rot0.jpg,0,0,2031299916.tif,test
2472,/kaggle/working/real_text_10k_dataset/doc_g2472_rot90.jpg,1,90,2031299916.tif,test
2472,/kaggle/working/real_text_10k_dataset/doc_g2472_rot180.jpg,2,180,2031299916.tif,test
2472,/kaggle/working/real_text_10k_dataset/doc_g2472_rot270.jpg,3,270,2031299916.tif,test
2473,/kaggle/working/real_text_10k_dataset/doc_g2473_rot0.jpg,0,0,50290320-0326.tif,val
2473,/kaggle/working/real_text_10k_dataset/doc_g2473_rot90.jpg,1,90,50290320-0326.tif,val
2473,/kaggle/working/real_text_10k_dataset/doc_g2473_rot180.jpg,2,180,50290320-0326.tif,val
2473,/kaggle/working/real_text_10k_dataset/doc_g2473_rot270.jpg,3,270,50290320-0326.tif,val
2474,/kaggle/working/real_text_10k_dataset/doc_g2474_rot0.jpg,0,0,2040765696.tif,train
2474,/kaggle/working/real_text_10k_dataset/doc_g2474_rot90.jpg,1,90,2040765696.tif,train
2474,/kaggle/working/real_text_10k_dataset/doc_g2474_rot180.jpg,2,180,2040765696.tif,train
2474,/kaggle/working/real_text_10k_dataset/doc_g2474_rot270.jpg,3,270,2040765696.tif,train
2475,/kaggle/working/real_text_10k_dataset/doc_g2475_rot0.jpg,0,0,82837897.tif,train
2475,/kaggle/working/real_text_10k_dataset/doc_g2475_rot90.jpg,1,90,82837897.tif,train
2475,/kaggle/working/real_text_10k_dataset/doc_g2475_rot180.jpg,2,180,82837897.tif,train
2475,/kaggle/working/real_text_10k_dataset/doc_g2475_rot270.jpg,3,270,82837897.tif,train
2476,/kaggle/working/real_text_10k_dataset/doc_g2476_rot0.jpg,0,0,1005035370.tif,train
2476,/kaggle/working/real_text_10k_dataset/doc_g2476_rot90.jpg,1,90,1005035370.tif,train
2476,/kaggle/working/real_text_10k_dataset/doc_g2476_rot180.jpg,2,180,1005035370.tif,train
2476,/kaggle/working/real_text_10k_dataset/doc_g2476_rot270.jpg,3,270,1005035370.tif,train
2477,/kaggle/working/real_text_10k_dataset/doc_g2477_rot0.jpg,0,0,50188233-8234.tif,train
2477,/kaggle/working/real_text_10k_dataset/doc_g2477_rot90.jpg,1,90,50188233-8234.tif,train
2477,/kaggle/working/real_text_10k_dataset/doc_g2477_rot180.jpg,2,180,50188233-8234.tif,train
2477,/kaggle/working/real_text_10k_dataset/doc_g2477_rot270.jpg,3,270,50188233-8234.tif,train
2478,/kaggle/working/real_text_10k_dataset/doc_g2478_rot0.jpg,0,0,2085753277a.tif,train
2478,/kaggle/working/real_text_10k_dataset/doc_g2478_rot90.jpg,1,90,2085753277a.tif,train
2478,/kaggle/working/real_text_10k_dataset/doc_g2478_rot180.jpg,2,180,2085753277a.tif,train
2478,/kaggle/working/real_text_10k_dataset/doc_g2478_rot270.jpg,3,270,2085753277a.tif,train
2479,/kaggle/working/real_text_10k_dataset/doc_g2479_rot0.jpg,0,0,500238706+-8706.tif,train
2479,/kaggle/working/real_text_10k_dataset/doc_g2479_rot90.jpg,1,90,500238706+-8706.tif,train
2479,/kaggle/working/real_text_10k_dataset/doc_g2479_rot180.jpg,2,180,500238706+-8706.tif,train
2479,/kaggle/working/real_text_10k_dataset/doc_g2479_rot270.jpg,3,270,500238706+-8706.tif,train
2480,/kaggle/working/real_text_10k_dataset/doc_g2480_rot0.jpg,0,0,2082076298b.tif,train
2480,/kaggle/working/real_text_10k_dataset/doc_g2480_rot90.jpg,1,90,2082076298b.tif,train
2480,/kaggle/working/real_text_10k_dataset/doc_g2480_rot180.jpg,2,180,2082076298b.tif,train
2480,/kaggle/working/real_text_10k_dataset/doc_g2480_rot270.jpg,3,270,2082076298b.tif,train
2481,/kaggle/working/real_text_10k_dataset/doc_g2481_rot0.jpg,0,0,2048289399_9400.tif,val
2481,/kaggle/working/real_text_10k_dataset/doc_g2481_rot90.jpg,1,90,2048289399_9400.tif,val
2481,/kaggle/working/real_text_10k_dataset/doc_g2481_rot180.jpg,2,180,2048289399_9400.tif,val
2481,/kaggle/working/real_text_10k_dataset/doc_g2481_rot270.jpg,3,270,2048289399_9400.tif,val
2482,/kaggle/working/real_text_10k_dataset/doc_g2482_rot0.jpg,0,0,2021507610.tif,train
2482,/kaggle/working/real_text_10k_dataset/doc_g2482_rot90.jpg,1,90,2021507610.tif,train
2482,/kaggle/working/real_text_10k_dataset/doc_g2482_rot180.jpg,2,180,2021507610.tif,train
2482,/kaggle/working/real_text_10k_dataset/doc_g2482_rot270.jpg,3,270,2021507610.tif,train
2483,/kaggle/working/real_text_10k_dataset/doc_g2483_rot0.jpg,0,0,942.jpg,train
2483,/kaggle/working/real_text_10k_dataset/doc_g2483_rot90.jpg,1,90,942.jpg,train
2483,/kaggle/working/real_text_10k_dataset/doc_g2483_rot180.jpg,2,180,942.jpg,train
2483,/kaggle/working/real_text_10k_dataset/doc_g2483_rot270.jpg,3,270,942.jpg,train
2484,/kaggle/working/real_text_10k_dataset/doc_g2484_rot0.jpg,0,0,2073345222.tif,train
2484,/kaggle/working/real_text_10k_dataset/doc_g2484_rot90.jpg,1,90,2073345222.tif,train
2484,/kaggle/working/real_text_10k_dataset/doc_g2484_rot180.jpg,2,180,2073345222.tif,train
2484,/kaggle/working/real_text_10k_dataset/doc_g2484_rot270.jpg,3,270,2073345222.tif,train
2485,/kaggle/working/real_text_10k_dataset/doc_g2485_rot0.jpg,0,0,524110188+-0190.tif,train
2485,/kaggle/working/real_text_10k_dataset/doc_g2485_rot90.jpg,1,90,524110188+-0190.tif,train
2485,/kaggle/working/real_text_10k_dataset/doc_g2485_rot180.jpg,2,180,524110188+-0190.tif,train
2485,/kaggle/working/real_text_10k_dataset/doc_g2485_rot270.jpg,3,270,524110188+-0190.tif,train
2486,/kaggle/working/real_text_10k_dataset/doc_g2486_rot0.jpg,0,0,receipt_00778.png,train
2486,/kaggle/working/real_text_10k_dataset/doc_g2486_rot90.jpg,1,90,receipt_00778.png,train
2486,/kaggle/working/real_text_10k_dataset/doc_g2486_rot180.jpg,2,180,receipt_00778.png,train
2486,/kaggle/working/real_text_10k_dataset/doc_g2486_rot270.jpg,3,270,receipt_00778.png,train
2487,/kaggle/working/real_text_10k_dataset/doc_g2487_rot0.jpg,0,0,2078640305.tif,train
2487,/kaggle/working/real_text_10k_dataset/doc_g2487_rot90.jpg,1,90,2078640305.tif,train
2487,/kaggle/working/real_text_10k_dataset/doc_g2487_rot180.jpg,2,180,2078640305.tif,train
2487,/kaggle/working/real_text_10k_dataset/doc_g2487_rot270.jpg,3,270,2078640305.tif,train
2488,/kaggle/working/real_text_10k_dataset/doc_g2488_rot0.jpg,0,0,2083634068c.tif,train
2488,/kaggle/working/real_text_10k_dataset/doc_g2488_rot90.jpg,1,90,2083634068c.tif,train
2488,/kaggle/working/real_text_10k_dataset/doc_g2488_rot180.jpg,2,180,2083634068c.tif,train
2488,/kaggle/working/real_text_10k_dataset/doc_g2488_rot270.jpg,3,270,2083634068c.tif,train
2489,/kaggle/working/real_text_10k_dataset/doc_g2489_rot0.jpg,0,0,2057461929.tif,train
2489,/kaggle/working/real_text_10k_dataset/doc_g2489_rot90.jpg,1,90,2057461929.tif,train
2489,/kaggle/working/real_text_10k_dataset/doc_g2489_rot180.jpg,2,180,2057461929.tif,train
2489,/kaggle/working/real_text_10k_dataset/doc_g2489_rot270.jpg,3,270,2057461929.tif,train
2490,/kaggle/working/real_text_10k_dataset/doc_g2490_rot0.jpg,0,0,X51005268200.jpg,train
2490,/kaggle/working/real_text_10k_dataset/doc_g2490_rot90.jpg,1,90,X51005268200.jpg,train
2490,/kaggle/working/real_text_10k_dataset/doc_g2490_rot180.jpg,2,180,X51005268200.jpg,train
2490,/kaggle/working/real_text_10k_dataset/doc_g2490_rot270.jpg,3,270,X51005268200.jpg,train
2491,/kaggle/working/real_text_10k_dataset/doc_g2491_rot0.jpg,0,0,tob11421.94_tob11421.95.tif,train
2491,/kaggle/working/real_text_10k_dataset/doc_g2491_rot90.jpg,1,90,tob11421.94_tob11421.95.tif,train
2491,/kaggle/working/real_text_10k_dataset/doc_g2491_rot180.jpg,2,180,tob11421.94_tob11421.95.tif,train
2491,/kaggle/working/real_text_10k_dataset/doc_g2491_rot270.jpg,3,270,tob11421.94_tob11421.95.tif,train
2492,/kaggle/working/real_text_10k_dataset/doc_g2492_rot0.jpg,0,0,1001923804_1001923808.tif,train
2492,/kaggle/working/real_text_10k_dataset/doc_g2492_rot90.jpg,1,90,1001923804_1001923808.tif,train
2492,/kaggle/working/real_text_10k_dataset/doc_g2492_rot180.jpg,2,180,1001923804_1001923808.tif,train
2492,/kaggle/working/real_text_10k_dataset/doc_g2492_rot270.jpg,3,270,1001923804_1001923808.tif,train
2493,/kaggle/working/real_text_10k_dataset/doc_g2493_rot0.jpg,0,0,504456389+-6399.tif,train
2493,/kaggle/working/real_text_10k_dataset/doc_g2493_rot90.jpg,1,90,504456389+-6399.tif,train
2493,/kaggle/working/real_text_10k_dataset/doc_g2493_rot180.jpg,2,180,504456389+-6399.tif,train
2493,/kaggle/working/real_text_10k_dataset/doc_g2493_rot270.jpg,3,270,504456389+-6399.tif,train
2494,/kaggle/working/real_text_10k_dataset/doc_g2494_rot0.jpg,0,0,2042125383.tif,train
2494,/kaggle/working/real_text_10k_dataset/doc_g2494_rot90.jpg,1,90,2042125383.tif,train
2494,/kaggle/working/real_text_10k_dataset/doc_g2494_rot180.jpg,2,180,2042125383.tif,train
2494,/kaggle/working/real_text_10k_dataset/doc_g2494_rot270.jpg,3,270,2042125383.tif,train
2495,/kaggle/working/real_text_10k_dataset/doc_g2495_rot0.jpg,0,0,2057449926_2057449927.tif,train
2495,/kaggle/working/real_text_10k_dataset/doc_g2495_rot90.jpg,1,90,2057449926_2057449927.tif,train
2495,/kaggle/working/real_text_10k_dataset/doc_g2495_rot180.jpg,2,180,2057449926_2057449927.tif,train
2495,/kaggle/working/real_text_10k_dataset/doc_g2495_rot270.jpg,3,270,2057449926_2057449927.tif,train
2496,/kaggle/working/real_text_10k_dataset/doc_g2496_rot0.jpg,0,0,2069732492.tif,train
2496,/kaggle/working/real_text_10k_dataset/doc_g2496_rot90.jpg,1,90,2069732492.tif,train
2496,/kaggle/working/real_text_10k_dataset/doc_g2496_rot180.jpg,2,180,2069732492.tif,train
2496,/kaggle/working/real_text_10k_dataset/doc_g2496_rot270.jpg,3,270,2069732492.tif,train
2497,/kaggle/working/real_text_10k_dataset/doc_g2497_rot0.jpg,0,0,89001408.tif,train
2497,/kaggle/working/real_text_10k_dataset/doc_g2497_rot90.jpg,1,90,89001408.tif,train
2497,/kaggle/working/real_text_10k_dataset/doc_g2497_rot180.jpg,2,180,89001408.tif,train
2497,/kaggle/working/real_text_10k_dataset/doc_g2497_rot270.jpg,3,270,89001408.tif,train
2498,/kaggle/working/real_text_10k_dataset/doc_g2498_rot0.jpg,0,0,874.jpg,train
2498,/kaggle/working/real_text_10k_dataset/doc_g2498_rot90.jpg,1,90,874.jpg,train
2498,/kaggle/working/real_text_10k_dataset/doc_g2498_rot180.jpg,2,180,874.jpg,train
2498,/kaggle/working/real_text_10k_dataset/doc_g2498_rot270.jpg,3,270,874.jpg,train
2499,/kaggle/working/real_text_10k_dataset/doc_g2499_rot0.jpg,0,0,2021645360_2021645367.tif,test
2499,/kaggle/working/real_text_10k_dataset/doc_g2499_rot90.jpg,1,90,2021645360_2021645367.tif,test
2499,/kaggle/working/real_text_10k_dataset/doc_g2499_rot180.jpg,2,180,2021645360_2021645367.tif,test
2499,/kaggle/working/real_text_10k_dataset/doc_g2499_rot270.jpg,3,270,2021645360_2021645367.tif,test
